City,Location,Bedrooms,Bathrooms,Toilets,Parking,Price
 Machakos, Syokimau/Mulolongo,4,4,4,,"100,000"
 Westlands, Runda,3,3,3,2,"180,000"
 Nairobi, Spring Valley,5,5,5,4,"380,000"
 Nairobi, Thindigua,3,3,3,,"55,000"
 Nairobi, Westlands,4,4,4,4,"265,000"
 Nairobi, Spring Valley,4,4,4,3,"270,000"
 Nairobi, Kitisuru,5,5,5,,"5,500"
 Kiambu, Cianda,4,4,4,2,"100,000"
 Nairobi, Westlands,4,4,4,4,"650,000"
 Nairobi, Kitisuru,5,5,5,3,"500,000"
 Nairobi, Westlands,2,2,3,1,"95,000"
 Nairobi, Kileleshwa,6,6,7,2,"3,300"
,,3,3,3,2,"95,000"
 Nairobi, Kileleshwa,2,,,,"150,000"
,,3,3,3,2,"85,000"
,,3,4,4,2,"100,000"
 Kiambu, Membley Estate,4,3,3,4,"120,000"
,,5,5,6,2,"200,000"
,,3,3,4,2,"110,000"
 Nairobi, Westlands,3,2,,,"250,000"
,,5,5,5,4,"350,000"
,,5,6,7,,"500,000"
 Nairobi, Kilimani,4,3,3,,"120,000"
,,1,1,,,"45,000"
,,2,1,1,,"55,000"
,,3,3,3,2,"75,000"
 Kiambu, Ruiru,1,1,1,1,"15,000"
 Kiambu, Membley Estate,1,1,1,100,"18,000"
,,3,4,4,2,"85,000"
,,1,1,1,1,"45,000"
 Laikipia, Nanyuki,3,4,4,,"12,000"
,,1,1,1,1,"40,000"
,,3,3,3,2,"95,000"
,,3,3,3,2,"80,000"
,,2,3,3,2,"120,000"
 Kajiado, Ngong,4,3,3,3,"120,000"
,,4,3,4,3,"250,000"
,,1,1,1,2,"25,000"
,,3,4,4,,"110,000"
,,3,2,2,2,"85,000"
 Nairobi, Kilimani,1,1,1,98,"45,000"
 Nairobi, Kilimani,1,1,1,105,"50,000"
,,1,1,1,1,"50,000"
,,3,3,3,2,"85,000"
,,3,2,2,2,"75,000"
,,2,2,2,2,"60,000"
,,1,1,1,1,"60,000"
 Nairobi, Westlands,3,2,,,"115,000"
 Nairobi, Kileleshwa,3,3,3,2,"100,000"
 Kilifi, Mtwapa,3,2,2,"1,900","65,000"
,,6,6,7,,"3,800"
 Nairobi, Kilimani,1,1,,,"50,000"
 Nairobi, Kilimani,1,1,1,55,"60,000"
 Nairobi, Kasarani,1,1,1,,"11,000"
 Nairobi, Karen,5,6,6,4,"480,000"
 Westlands, Runda,5,5,6,5,"250,000"
 Nairobi, Kileleshwa,3,3,3,2,"110,000"
,,1,1,1,1,"55,000"
,,2,2,2,1,"70,000"
,,3,2,,,"85,000"
,,3,2,2,,"72,500"
,,3,2,2,,"80,000"
 Nairobi, Karen,6,6,5,5,"250,000"
 Nairobi, Karen,5,5,7,4,"350,000"
 Nairobi, Karen,3,3,3,,"200,000"
 Nairobi, Westlands,1,1,1,1,"120,000"
 Nairobi, Karen,1,1,1,2,"80,000"
 Kilimani,  Argwings Kodhek Road.,3,2,2,198,"70,000"
 Nairobi, Karen,3,3,4,2,"150,000"
 Nairobi, Karen,3,2,2,3,"100,000"
 Nairobi, Karen,3,3,4,3,"250,000"
 Machakos, Syokimau/Mulolongo,4,4,5,2,"100,000"
,,3,3,4,,"100,000"
 Nairobi, Karen,5,5,7,2,"350,000"
 Nairobi, Westlands,2,2,2,2,"95,000"
 Mombasa, Nyali,3,3,,,"180,000"
 Nairobi, Kilimani,3,2,3,,"150,000"
 Nairobi, Westlands,1,1,1,,"40,000"
 Nairobi, Westlands,5,6,6,"2,023","500,000"
,,3,3,3,2,"90,000"
,,2,2,3,2,"1,200"
,,2,1,1,,"32,000"
 Kajiado, Ngong,2,1,1,,"25,000"
 Nairobi, Kileleshwa,3,2,3,2,"250,000"
 Nairobi, Westlands,2,4,3,2,"230,000"
 Nairobi, Karen,5,5,7,4,"430,000"
 Nairobi, Karen,6,7,8,2,"5,000"
 Nairobi, Westlands,4,,,,"250,000"
,,4,4,5,2,"250,000"
 Nairobi, Lavington,3,4,4,,"130,000"
,,3,2,2,,"230,000"
 Nairobi, Nairobi Central,,,,,"25,000"
,,3,2,3,2,"110,000"
,,3,3,3,2,"110,000"
 Muthaiga, Old Muthaiga,3,3,"2,023",,"350,000"
,,4,3,3,5,"85,000"
,,2,3,3,2,"75,000"
,,2,2,3,2,"110,000"
,,2,2,3,2,"100,000"
 Nairobi, Westlands,5,5,5,,"220,000"
,,5,5,5,5,"380,000"
 Nairobi, Westlands,2,2,2,2,"170,000"
 Nairobi, Westlands,2,2,2,2,"170,000"
 Nairobi, Kitisuru,8,8,8,15,"400,000"
 Ongata Rongai, Kajiado,3,3,3,3,"30,000"
 Nairobi, Karen,4,3,4,4,"220,000"
 Mombasa, Nyali,3,3,,,"130,000"
,,3,2,2,,"155,000"
 Thika, Bahati Ridge,4,4,4,4,"105,000"
,,3,3,4,2,"180,000"
,,3,3,4,2,"95,000"
 Nairobi, Westlands,3,3,4,2,"190,000"
,,3,3,3,2,"80,000"
,,3,3,3,2,"70,000"
,,2,1,1,,"35,000"
,,2,2,2,,"70,000"
,,3,2,2,,"40,000"
,,3,2,2,,"42,000"
 Kiambu, Kikuyu,,,,,"5,000"
,,2,1,1,2,"55,000"
,,4,3,3,2,"115,000"
,,3,2,2,1,"80,000"
,,3,3,4,2,"95,000"
,,3,3,3,2,"75,000"
,,2,2,,,"50,000"
,,2,2,2,2,"250,000"
,,3,3,4,2,"350,000"
,,1,1,2,2,"220,000"
 Nairobi, Lavington,3,,,,"75,000"
 Nairobi, Kilimani,1,1,1,,"170,000"
 Nairobi, Kilimani,3,4,4,,"180,000"
 Nairobi, Parklands,3,,,,"115,000"
,,5,,,,"400,000"
 Kiambu, Ruiru,4,3,3,2,"110,000"
,,4,,,,"250,000"
 Mombasa, Nyali,3,3,,,"120,000"
 Nairobi, Karen,4,4,5,2,"100,000"
 Nairobi, Karen,3,2,2,,"55,000"
 Nairobi, Spring Valley,4,4,4,,"4,000"
,,2,2,2,,"40,000"
 Machakos, Syokimau/Mulolongo,1,1,2,,"410,000"
 Nairobi, Karen,5,3,3,4,"100,000"
,,3,3,3,2,"90,000"
,,3,3,4,2,"90,000"
 Nairobi, Karen,5,6,6,"2,023","500,000"
 Nairobi, Lavington,6,,,,"350,000"
 Mombasa, Nyali,4,4,,,"120,000"
 Kajiado, Ngong,4,4,4,,"100,000"
 Kajiado, Ngong,3,2,2,,"35,000"
,,2,3,3,2,"70,000"
,,2,3,3,2,"180,000"
,,1,2,2,2,"100,000"
,,2,2,3,,"200,000"
,,5,4,5,2,"230,000"
,,2,1,1,1,"60,000"
 Nairobi, Westlands,4,,,,"250,000"
,,3,,,,"150,000"
 Nairobi, Westlands,2,2,2,2,"160,000"
 Westlands, Runda,2,2,2,2,"160,000"
 Westlands, Loresho,4,4,4,3,"250,000"
 Nairobi, Westlands,1,,,,"220,000"
,,3,3,2,,"120,000"
 Nairobi, Kilimani,3,3,,,"100,000"
 Kilimani, Chiromo,3,4,,,"120,000"
 Nairobi, Kilimani,4,4,,,"130,000"
 Kileleshwa, Kileleshwa,3,4,,,"150,000"
 Kileleshwa, Kileleshwa,2,,,,"120,000"
 Nairobi, Karen,6,6,7,"2,023","200,000"
 Westlands, Runda,2,3,3,,"120,000"
 Nairobi, Lavington,5,5,5,,"450,000"
,,2,2,3,2,"130,000"
,,2,2,2,2,"120,000"
,,3,3,3,2,"90,000"
 Runda, Off Kiambu Road,3,3,3,2,"80,000"
,,2,3,3,2,"70,000"
 Machakos, Syokimau/Mulolongo,4,3,3,2,"60,000"
 Nairobi, Karen,4,4,5,3,"250,000"
,,3,3,3,2,"110,000"
,,2,3,5,,"65,000"
,,1,1,1,1,"20,000"
,,4,4,4,3,"160,000"
,,1,1,1,1,"55,000"
 Nairobi, Lavington,5,8,15,500,"500,000"
,,3,2,2,2,"70,000"
,,2,3,3,2,"90,000"
,,3,2,2,2,"140,000"
,,1,1,1,2,"40,000"
 Westlands, Runda,5,5,5,,"220,000"
 Machakos, Syokimau/Mulolongo,3,2,2,2,"50,000"
,,4,3,4,,"120,000"
,,2,2,2,,"200,000"
 Nairobi, Lavington,4,4,5,3,"200,000"
 Nairobi, Lavington,6,6,7,3,"170,000"
,,4,5,6,,"325,000"
 Kiambu, Ruiru,4,4,4,2,"150,000"
 Embakasi, Industrial Area,3,6,3,800,"40,800"
,,,,,,28
 Nairobi, Westlands,4,3,3,,"130,000"
,,3,3,4,,"90,000"
,,2,2,2,2,"50,000"
 Nairobi, Westlands,3,5,,,"4,000"
,,5,5,6,2,"450,000"
 Nairobi, Westlands,3,2,2,,"80,000"
 Nairobi, Westlands,2,1,1,,"70,000"
 Nairobi, Westlands,3,3,3,,"350,000"
 Nairobi, Kilimani,2,2,3,1,"85,000"
 Nairobi, Kilimani,3,3,4,2,"120,000"
 Nairobi, Lavington,4,4,5,2,"350,000"
 Nairobi, Spring Valley,4,4,5,2,"350,000"
 Nairobi, Westlands,,,,,150
 Nairobi, Karen,460,,,,"500,000"
 Nairobi, Kilimani,,,,,"400,000"
 Nairobi, Nairobi Central,,,,,"250,000"
 Kilifi, Junju,3,3,,,"120,000"
,,2,2,2,2,"75,000"
 Nairobi, Spring Valley,130,,,,"210,000"
 Nairobi, Westlands,,,,,"120,000"
 Nairobi, Westlands,100,,,,"110,000"
 Nairobi, Lavington,2,2,3,2,"150,000"
 Westlands, Runda,2,2,2,2,"95,000"
 Nairobi, Westlands,1,1,1,1,"75,000"
,,2,3,3,2,"80,000"
,,2,2,2,2,"65,000"
,,2,2,2,,"65,000"
 Nairobi, Westlands,4,3,4,2,"250,000"
 Nairobi, Westlands,1,1,1,1,"110,000"
,,4,4,5,5,"260,000"
,,4,4,5,4,"350,000"
,,3,3,3,2,"120,000"
,,2,1,1,1,"55,000"
,,3,2,2,2,"75,000"
,,5,5,6,5,"450,000"
 Nairobi, Lavington,5,5,6,2,"400,000"
,,6,7,7,3,"280,000"
,,2,2,2,2,"38,000"
,,1,1,1,2,"25,000"
,,3,5,5,3,"220,000"
,,4,4,4,2,"110,000"
,,3,5,5,2,"80,000"
 Nairobi, Kilimani,1,1,2,1,"45,000"
 Nairobi, Lavington,3,3,3,3,"95,000"
 Nairobi, Karen,5,7,"2,023",,"350,000"
 Nairobi, Karen,5,6,6,"4,046","350,000"
 Nairobi, Lavington,5,5,6,3,"300,000"
 Mombasa, Nyali,3,4,2,"2,500","65,000"
 Kilimani,  Ngong Road,4,4,3,198,"180,000"
,,2,2,2,2,"55,000"
,,3,4,4,2,"90,000"
,,2,3,3,,"80,000"
,,1,1,1,2,"50,000"
,,2,2,2,2,"65,000"
,,4,5,5,,"170,000"
 Nairobi, Karen,2,1,1,,"100,000"
,,1,1,1,2,"22,000"
,,3,3,3,2,"80,000"
 Nairobi, Lavington,5,5,6,2,"330,000"
 Westlands, Runda,2,1,1,,"1,000"
 Ruiru, Kamakis,4,4,4,2,"100,000"
 Nairobi, Kilimani,2,2,3,,"190,000"
,,3,3,3,,"80,000"
,,3,5,5,2,"85,000"
 Nairobi, Kasarani,1,1,,,"8,000"
,,3,2,3,2,"75,000"
,,3,2,2,,"70,000"
 Nairobi, Westlands,3,3,3,2,"160,000"
 Nairobi, Parklands,5,3,4,2,"180,000"
 Kilifi, Mtwapa,3,1,"2,000",,"45,000"
,,3,2,2,,"65,000"
 Nairobi, Kilimani,2,2,4,"3,695","130,000"
 Mombasa, Nyali,2,2,2,"2,000","60,000"
 Nairobi, Lavington,5,6,15,464,"500,000"
,,5,5,5,3,"180,000"
,,5,5,5,3,"220,000"
,,3,2,2,1,"30,000"
 Nairobi, Kilimani,3,3,4,,"100,000"
 Nairobi, Kilimani,3,1,1,,"55,000"
 Mombasa, Nyali,2,2,2,"2,000","150,000"
 Machakos, Athi River,4,4,2,,"215,000"
 Mombasa, Nyali,2,2,2,"1,900","85,000"
,,6,6,7,2,"725,000"
 Kajiado, Kitengela,4,3,3,2,"90,000"
 Mombasa, Nyali,3,2,3,"1,900","45,000"
 Kiambu, Kikuyu,,,,,"38,000"
 Nairobi, Westlands,2,2,,,"70,000"
 Nairobi, Westlands,1,1,1,1,"8,000,000"
,,2,2,2,,"70,000"
 Nairobi, Kilimani,3,3,4,2,"120,000"
,,3,2,2,2,"65,000"
 Mombasa, Nyali,3,2,3,"1,800","50,000"
 Karen, Off Ngong Road,3,3,3,,"150,000"
 Mombasa, Nyali,3,3,2,"2,000","60,000"
 Kilifi, Mtwapa,2,2,1,,"28,000"
 Nairobi, Kileleshwa,1,1,1,,"45,000"
 Nairobi, Kileleshwa,3,2,2,,"80,000"
 Nairobi, Kileleshwa,4,3,3,,"100,000"
 Kilimani,  Yaya Centre,3,2,3,115,"100,000"
 Kilimani, Argwings Kodhek Road,1,1,1,1,"55,000"
 Nairobi, Parklands,4,4,5,2,"170,000"
 Kiambu, Ruaka,2,2,2,1,"48,000"
 Nairobi, Karen,5,5,5,2,"350,000"
 Kitengela, Yukos,3,2,2,2,"35,000"
 Nairobi, Westlands,8,8,25,"3,504","650,000"
 Nairobi, Kileleshwa,3,3,3,2,"75,000"
 Mombasa, Nyali,3,3,2,"2,000","65,000"
,,5,6,6,,"5,000"
 Nairobi, Lavington,2,1,1,,"65,000"
 Kilifi, Mtwapa,3,4,4,,"120,000"
 Nairobi, Westlands,1,1,1,1,"75,000"
 Kiambu, Ruaka,3,2,2,2,"50,000"
 Kiambu, Ruaka,2,2,2,2,"50,000"
 Nairobi Central,off Thika Road,5,6,6,,"170,000"
 Nairobi Central,  Limuru Road,4,5,5,,"140,000"
 Nairobi, Westlands,2,2,3,1,"95,000"
 Mombasa, Nyali,3,4,"2,500",,"65,000"
 Lavington, Off Gitanga Road,2,2,15,500,"300,000"
 Uasin Gishu, Eldoret,4,5,5,,"35,000"
 Nairobi, Kilimani,3,5,198,,"130,000"
 Mombasa, Nyali,6,6,5,"3,000","150,000"
 Mombasa, Nyali,3,3,"2,500",,"66,000"
 Nairobi, Nairobi Central,4,4,4,,"450,000"
 Nairobi, Kilimani,6,3,3,6,"200,000"
 Mombasa, Nyali,3,2,"1,800",,"55,000"
 Mombasa, Nyali,3,3,2,"2,000","70,000"
 Mombasa, Nyali,3,3,2,,"55,000"
,,3,2,2,,"100,000"
 Mombasa, Nyali,1,1,"1,800",,"80,000"
 Nairobi, Westlands,2,2,2,2,"95,000"
 Nairobi, Kilimani,2,2,2,2,"170,000"
 Kilimani,  Near Uchumi Hyper,1,1,1,1,"35,000"
 Nairobi, Parklands,4,5,6,,"350,000"
 Westlands, Runda,2,1,1,,"100,000"
,,5,5,5,,"230,000"
 Nairobi, Kileleshwa,2,2,2,1,"65,000"
 Mombasa, Nyali,2,1,2,"1,750","42,000"
 Mombasa, Nyali,3,2,2,"2,500","70,000"
 Mombasa, Nyali,3,4,2,"2,000","67,000"
 Mombasa, Nyali,3,2,"1,750",,"80,000"
,,3,4,4,2,"250,000"
 Nairobi, Kileleshwa,2,1,1,1,"65,000"
 Nairobi, Westlands,3,2,2,,"65,000"
 Nairobi, Kilimani,"2,000",,,,"180,000"
 Nairobi, Karen,6,7,7,,"600,000"
 Nairobi, Karen,350000,,,,"350,000"
,,6,7,7,,"170,000"
 Nairobi, Karen,4,4,4,,"250,000"
 Nairobi Central, Thika Road,2,2,2,,"110,000"
 Nairobi, Karen,6,7,7,,"150,000"
 Westlands, Runda,4,7,7,,"280,000"
 Nairobi, Kilimani,3,3,2,,"85,000"
 Nairobi, Lavington,4,4,4,2,"240,000"
 Nairobi, Kileleshwa,3,3,3,120,"96,000"
 Nairobi, Parklands,1,1,2,,"50,000"
 Nairobi, Kileleshwa,4,4,5,2,"160,000"
 Nairobi, Westlands,2,2,2,2,"80,000"
 Nairobi, Westlands,2,2,2,2,"130,000"
 Nairobi, Westlands,1,1,1,1,"50,000"
 Nairobi, Kilimani,2,2,2,2,"140,000"
 Nairobi, Kilimani,1,1,1,1,"120,000"
 Nairobi, Westlands,3,3,3,2,"90,000"
 Nairobi, Westlands,1,1,1,1,"130,000"
,,4,6,"2,023",,"250,000"
 Nairobi, Kilimani,1,1,1,1,"38,000"
 Kiambu, Ruiru,4,4,4,2,"150,000"
 Nairobi, Kileleshwa,3,2,3,2,"80,000"
 Nairobi, Kileleshwa,2,2,2,1,"65,000"
 Nairobi, Kileleshwa,1,1,1,1,"50,000"
 Kiambu, Githiga (Githunguri),4,3,4,2,"140,000"
 Nairobi, Westlands,3,2,2,2,"75,000"
 Westlands, Runda,5,6,6,,"5,500"
 Nairobi, Parklands,3,3,3,,"119,500"
 Kiambu, Ruaka,1,1,1,,"35,000"
 Nairobi, Kileleshwa,2,2,2,2,"70,000"
 Nairobi, Westlands,3,3,3,3,"2,400"
 Nairobi, Westlands,2,2,2,2,"2,000"
 Nairobi, Westlands,4,4,4,,"120,000"
 Kilimani, Off Argwings Kodhek Road,4,6,8,450,"300,000"
 Nairobi, Kilimani,1,1,1,,"130,000"
 Kilimani,  Lenana Road,3,3,3,,"110,000"
 Westlands, Runda,4,4,,,"190,000"
 Kiambu, Ruaka,2,2,2,1,"40,000"
,,3,2,2,2,"60,000"
 Nairobi, Westlands,5,5,6,2,"300,000"
 Nairobi, Westlands,5,7,"2,023",,"500,000"
 Athi River, Green Park,3,,,,"63,000"
 Nairobi, Westlands,4,"2,023",,,"230,000"
 Nairobi, Westlands,3,3,3,3,"90,000"
 Kajiado, Ngong,3,3,3,,"65,000"
 Runda, Runda Estate,1,1,1,1,"90,000"
 Runda, Garden Drive,1,1,1,1,"100,000"
 Nairobi, Westlands,1,1,1,1,"100,000"
 Nairobi, Westlands,3,2,3,2,"90,000"
 Nairobi, Westlands,3,2,3,3,"104,000"
 Nairobi, Westlands,2,2,2,3,"104,000"
 Mombasa, Nyali,3,4,"2,500",,"100,000"
 Nairobi Central, Thika Road,2,2,2,,"165,000"
 Nairobi, Westlands,3,2,2,2,"70,000"
 Nairobi, Westlands,3,3,4,2,"140,000"
 Nairobi, Lavington,4,3,4,4,"250,000"
 Nairobi, Lavington,2,2,2,,"75,000"
 Nairobi, Kilimani,3,3,3,,"155,000"
 Nairobi, Westlands,1,1,1,1,"75,000"
 Mombasa, Nyali,3,2,2,2,"45,000"
 Nairobi, Lavington,2,2,2,1,"80,000"
 Nairobi, Thindigua,1,1,1,1,"30,000"
 Nairobi, Lavington,5,5,6,2,"250,000"
 Westlands, Lower Kabete Road,4,5,,,"330,000"
 Nairobi, Westlands,1,2,2,,"130,000"
 Nairobi, Kilimani,2,1,1,,"120,000"
 Nairobi, Kilimani,4,3,4,2,"120,000"
 Nairobi, Kileleshwa,5,6,5,3,"250,000"
 Nairobi, Westlands,3,3,3,3,"150,000"
 Nairobi, Westlands,3,3,3,3,"150,000"
 Kisumu, Market Milimani,1,1,1,,"65,000"
 Kisumu, Market Milimani,1,1,1,,"75,000"
 Kisumu, Central Kisumu,1,1,1,,"60,000"
 Nairobi, Kileleshwa,4,4,5,2,"170,000"
 Nairobi, Westlands,4,3,3,4,"170,000"
 Nairobi, Thindigua,3,2,2,,"65,000"
 Nairobi, Westlands,3,2,2,2,"70,000"
 Kiambu, Ruaka,3,2,2,,"55,000"
 Nairobi, Kilimani,3,4,5,,"120,000"
 Nairobi, Muthaiga,4,5,5,"2,023","210,000"
 Nairobi, Kileleshwa,3,2,2,2,"75,000"
 Nairobi, Kileleshwa,3,3,4,,"150,000"
 Kiambu, Ruaka,3,2,2,,"45,000"
 Nairobi, Kilimani,2,1,1,1,"60,000"
 Nairobi, Karen,4,5,5,,"290,000"
 Nairobi, Kileleshwa,1,1,1,,"80,000"
 Nairobi, Kitisuru,1,1,1,,"90,000"
 Nairobi, Westlands,2,2,2,,"100,000"
 Machakos, Syokimau/Mulolongo,2,2,2,,"120,000"
 Westlands, Runda,1,1,1,,"60,000"
 Machakos, Syokimau/Mulolongo,3,4,4,,"90,000"
 Kiambu, Membley Estate,5,5,5,,"100,000"
 Kiambu, Membley Estate,3,4,4,,"60,000"
,,3,3,3,,"65,000"
,,5,7,,,"500,000"
,,4,6,,,"300,000"
,,2,2,3,,"145,000"
 Machakos, Syokimau/Mulolongo,3,2,2,,"50,000"
 Nairobi, Westlands,4,5,6,,"300,000"
 Nairobi, Karen,3,2,,,"120,000"
 Nairobi, Karen,1,1,1,,"35,000"
,,3,2,2,2,"65,000"
 Nairobi, Westlands,4,5,,,"350,000"
 Nairobi, Kilimani,2,2,2,2,"170,000"
 Lavington, Lavington Estate,2,2,2,3,"75,000"
 Westlands, Westlands Estate,3,3,3,3,"190,000"
 Westlands, Westlands Estate,3,3,3,3,"190,000"
 Westlands, Runda,4,7,7,4,"400,000"
,,3,2,3,2,"90,000"
 Nairobi, Kileleshwa,2,2,3,1,"85,000"
 Ruiru, New Rain Estate,3,3,3,3,"65,000"
,,2,2,2,1,"75,000"
 Nairobi, Lavington,4,4,4,,"230,000"
 Nairobi Central, Thika Road,2,2,2,,"110,000"
 Nairobi, Westlands,4,5,,,"330,000"
 Embakasi, Industrial Area,"1,259",,,,75
 Nairobi, Westlands,5,7,,,"400,000"
 Nairobi Central, Thika Road,1,1,1,,"85,000"
,,2,1,1,,"80,000"
,,2,1,1,,"85,000"
 Nairobi, Lavington,4,5,5,,"170,000"
 Lavington, Thompstone Estate,3,3,4,2,"100,000"
 Nairobi, Parklands,4,4,5,,"150,000"
 Nairobi, Westlands,5,6,,,"350,000"
 Nairobi, Muthaiga,5,6,,,"170,000"
 Nairobi, Westlands,5,6,,,"250,000"
 Nairobi, Westlands,5,"2,023","2,023",,"280,000"
 Nairobi, Kilimani,3,3,4,2,"135,000"
 Nairobi, Westlands,4,4,5,2,"250,000"
 Westlands, Runda,4,4,5,2,"180,000"
,,3,3,4,2,"2,500"
,,4,5,,,"200,000"
 Machakos, Athi River,2,1,1,,"70,000"
 Machakos, Syokimau/Mulolongo,4,4,5,2,"65,000"
 Nairobi, Kilimani,4,4,6,"4,580","134,000"
 Nairobi, Westlands,2,2,2,"2,805","100,000"
 Nairobi, Parklands,3,3,3,"3,580","75,000"
,,4,4,4,4,"300,000"
 Nairobi, Kilimani,3,4,4,,"150,000"
,,1,1,1,,"2,400"
 Nairobi, Kileleshwa,2,2,2,1,"65,000"
 Nairobi, Kileleshwa,2,2,2,1,"75,000"
 Nairobi, Kileleshwa,3,2,3,2,"80,000"
 Nairobi, Kileleshwa,2,2,2,1,"70,000"
 Nairobi, Kilimani,3,2,3,2,"85,000"
 Nairobi, Westlands,4,4,5,2,"250,000"
 Nairobi, Westlands,3,3,4,2,"160,000"
 Machakos, Syokimau/Mulolongo,3,2,2,2,"38,000"
 Machakos, Syokimau/Mulolongo,4,3,3,2,"60,000"
 Nairobi, Westlands,4,4,5,3,"170,000"
 Nairobi, Kilimani,2,2,2,,"100,000"
 Nairobi, Kitisuru,4,4,5,2,"3,500"
 Nairobi, Mountain View,2,2,2,1,"55,000"
 Nairobi, Mountain View,3,2,3,2,"60,000"
 Nairobi, Lavington,3,3,4,2,"120,000"
 Nairobi, Kilimani,3,3,5,210,"120,000"
 Nairobi, Westlands,3,2,2,2,"190,000"
 Nairobi, Kilimani,3,3,3,3,"100,000"
 Nairobi, Kilimani,4,4,5,2,"140,000"
 Kiambu, Ruiru,2,2,2,,"30,000"
 Nairobi, Westlands,3,3,3,2,"150,000"
 Nairobi, Westlands,1,1,1,1,"100,000"
 Nairobi, Westlands,2,1,1,,"60,000"
 Nairobi, Westlands,3,2,2,,"75,000"
,,5,,,,"350,000"
,,4,6,,,"290,000"
,,3,5,,,"230,000"
,,2,,,,"150,000"
 Nairobi, Kilimani,3,4,4,,"100,000"
 Nairobi, Karen,3,3,3,,"150,000"
 Nairobi, Karen,3,4,4,,"120,000"
 Nairobi, Lavington,4,3,3,3,"120,000"
 Nairobi, Lavington,3,3,3,3,"110,000"
 Nairobi, Kilimani,2,1,1,,"55,000"
 Nairobi, Kileleshwa,6,6,6,6,"430,000"
 Nairobi, Westlands,3,3,3,3,"150,000"
,,2,2,2,1,"70,000"
 Embakasi, Greenfield,2,1,1,,"15,000"
 Embakasi, Greenfield,3,3,3,,"45,000"
,,3,5,,,"180,000"
,,4,5,,,"200,000"
 Nairobi, Lavington,6,5,5,,"230,000"
 Nairobi, Lavington,5,6,6,,"200,000"
 Nairobi, Karen,5,4,4,,"150,000"
 Nairobi, Kileleshwa,4,3,3,3,"170,000"
 Nairobi, Westlands,3,4,4,,"330,000"
 Nairobi, Westlands,7,9,9,,"500,000"
 Nairobi, Westlands,4,6,,,"350,000"
 Westlands, Lower Kabete,4,5,,,"300,000"
 Nairobi, Westlands,5,7,,,"400,000"
 Nairobi, Baba Dogo,,,,,45
 Nairobi, Westlands,1,1,1,1,"150,000"
 Nairobi, Kilimani,2,2,2,,"165,000"
 Nairobi, Karen,5,6,6,,"300,000"
 Nairobi, Lavington,5,4,4,,"180,000"
 Nairobi, Westlands,5,5,4,,"200,000"
 Nairobi, Lavington,2,2,2,2,"65,000"
 Nairobi, Westlands,4,5,,,"250,000"
 Nairobi, Westlands,6,,,,"300,000"
 Nairobi, Westlands,4,6,,,"300,000"
 Nairobi, Lavington,1,1,1,1,"35,000"
 Nairobi, Lavington,4,4,4,,"120,000"
 Nairobi, Westlands,1,1,1,,"100,000"
 Nairobi, Westlands,2,3,3,,"100,000"
 Nairobi, Westlands,,,,,"150,000"
,,4,6,6,,"260,000"
 Nairobi, Kilimani,3,3,3,,"70,000"
 Nairobi, Kilimani,1,2,2,,"140,000"
,,2,3,3,,"170,000"
,,4,5,5,,"250,000"
 Nairobi, Kilimani,3,2,2,,"85,000"
 Nairobi, Kilimani,2,2,2,,"65,000"
 Kajiado, Ongata Rongai,2,1,1,1,"25,000"
 Nairobi, Westlands,2,2,2,2,"170,000"
 Nairobi, Parklands,3,2,2,,"70,000"
 Westlands, Eldama Ravine Road,5,4,,,"250,000"
 Nairobi, Kileleshwa,2,2,2,1,"80,000"
 Nairobi, Kilimani,2,2,2,2,"65,000"
 Nairobi, Kitisuru,4,4,4,4,"400,000"
 Nairobi, Parklands,4,4,4,4,"150,000"
 Nairobi, Karen,2,2,2,4,"70,000"
 Nairobi, Karen,6,7,7,,"220,000"
 Nairobi, Parklands,5,5,5,4,"165,000"
 Nairobi, Embakasi,3,3,3,,"45,000"
 Nairobi, Westlands,2,2,2,2,"130,000"
 Nairobi, Kilimani,2,2,4,210,"130,000"
 Nairobi, Kilimani,1,1,2,115,"68,000"
 Nairobi, Parklands,3,2,2,2,"75,000"
 Nairobi, Westlands,3,3,3,2,"250,000"
 Nairobi, Westlands,1,1,1,1,"85,000"
 Nairobi, Westlands,3,3,3,3,"320,000"
 Westlands, Runda,1,1,1,1,"100,000"
 Nairobi, Lavington,5,5,5,5,"300,000"
 Nairobi, Lavington,4,4,4,4,"250,000"
 Kilimani,  Off Ngong Road,4,3,5,320,"180,000"
 Nairobi, Parklands,4,4,4,4,"85,000"
 Nairobi, Westlands,3,3,3,"5,688","270,000"
 Nairobi, Parklands,4,3,,,"110,000"
 Nairobi, Nairobi West,2,2,2,1,"40,000"
 Nairobi, Parklands,"3,000",,,,"250,000"
 Kiambu, Ruiru,4,4,4,2,"120,000"
 Nairobi, Kilimani,3,3,,,"140,000"
 Nairobi, Kilimani,2,,,,"100,000"
,,2,2,2,,"100,000"
 Nairobi, Westlands,4,3,,,"135,000"
 Kajiado, Ongata Rongai,2,1,1,1,"25,000"
,,3,4,4,2,"150,000"
 Westlands, Runda,1,1,1,1,"1,250"
 Nairobi, Westlands,1,1,1,1,"80,000"
 Nairobi, Lavington,3,5,15,280,"400,000"
 Nairobi, Westlands,3,4,4,,"2,500"
 Nairobi, Nairobi Central,1,1,1,,"70,000"
 Nairobi, Westlands,2,2,2,2,"180,000"
 Nairobi, Kilimani,1,1,1,,"35,000"
 Nairobi, Westlands,2,3,3,,"120,000"
 Nairobi, Kilimani,1,1,1,,"120,000"
 Kileleshwa, Off Lenana Road,6,,,,"350,000"
 Nairobi, Karen,4,5,5,,"150,000"
 Nairobi, Kilimani,1,1,1,,"70,000"
 Nairobi, Kileleshwa,3,4,4,,"110,000"
 Nairobi, Kilimani,1,1,1,1,"100,000"
 Westlands, Runda,2,2,2,2,"150,000"
 Nairobi, Westlands,1,1,1,,"8,000"
 Nairobi, Westlands,5,8,,,"550,000"
 Nairobi, Westlands,4,5,4,,"450,000"
 Nairobi, Westlands,1,1,2,1,"280,000"
 Nairobi, Kilimani,1,1,1,1,"140,000"
 Nairobi, Kilimani,1,1,1,1,"110,000"
 Nairobi, Kilimani,1,1,1,1,"110,000"
 Nairobi, Kilimani,1,1,1,1,"110,000"
 Nairobi, Kileleshwa,4,4,20,,"450,000"
 Nairobi, Lavington,2,2,2,5,"120,000"
 Nairobi, Parklands,3,3,3,3,"180,000"
 Nairobi, Parklands,3,3,3,3,"200,000"
 Nairobi, Parklands,2,2,2,2,"160,000"
 Nairobi, Westlands,4,4,15,,"320,000"
 Nairobi, Spring Valley,3,3,3,3,"250,000"
 Nairobi, Westlands,1,1,1,1,"150,000"
 Nairobi, Westlands,3,2,2,2,"130,000"
 Nairobi, Westlands,2,2,2,,"120,000"
 Nairobi, Westlands,1,1,2,1,"130,000"
 Nairobi, Westlands,1,1,1,1,"160,000"
 Westlands, Off Rhapta Road,2,2,2,2,"180,000"
 Nairobi, Westlands,1,1,1,1,"70,000"
 Nairobi, Kilimani,2,2,2,2,"160,000"
 Nairobi, Westlands,3,3,3,,"90,000"
 Nairobi, Parklands,3,2,,,"90,000"
 Westlands, Runda,1,1,1,1,"100,000"
 Nairobi, Spring Valley,1,1,1,1,"90,000"
 Westlands, Runda,1,1,1,1,"100,000"
 Nairobi, Lavington,4,6,6,,"400,000"
 Nairobi, Lavington,4,6,6,,"230,000"
 Nairobi, Kileleshwa,1,1,1,,"70,000"
 Nairobi, Kilimani,3,4,4,,"85,000"
 Nairobi, Kilimani,3,4,4,,"120,000"
 Nairobi, Parklands,,,,,"25,000"
 Nairobi, Parklands,4,3,,,"110,000"
 Nairobi, Westlands,1,1,1,1,"85,000"
 Nairobi, Westlands,1,1,1,1,"85,000"
 Nairobi, Westlands,2,2,2,2,"2,000,000"
 Nairobi, Parklands,2,2,2,2,"150,000"
 Nairobi, Westlands,4,4,4,4,"220,000"
 Nairobi, Muthaiga,3,4,,,"200,000"
 Nairobi, Kilimani,1,1,1,1,"90,000"
 Nairobi, Kilimani,3,3,3,,"85,000"
 Nairobi, Karen,2,1,1,,"60,000"
,,7,7,,,"400,000"
 Nairobi, Embakasi,3,2,2,3,"120,000"
,,,,,,"400,000"
 Nairobi, Westlands,1,2,2,2,"100,000"
,,3,3,3,,"100,000"
 Nairobi, Kilimani,3,4,4,,"130,000"
 Nairobi, Westlands,5,6,,,"370,000"
 Kiambu, Ruiru,2,1,1,1,"45,000"
 Nairobi, Muthaiga,5,5,5,,"5,500"
 Nairobi, Lavington,4,3,3,,"150,000"
 Nairobi, Westlands,5,6,,,"390,000"
 Nairobi, Westlands,5,6,,,"300,000"
,,3,4,4,,"100,000"
 Nairobi, Kilimani,2,2,2,,"140,000"
 Nairobi, Kilimani,1,1,1,,"110,000"
 Nairobi, Roysambu,5,5,5,,"180,000"
 Ruiru, Lifestyle Heights,2,1,1,,"45,000"
 Nairobi, Pangani,1,1,1,,"60,000"
 Nairobi, Pangani,1,1,1,,"45,000"
 Nairobi, Westlands,5,6,,,"400,000"
 Nairobi, Westlands,4,5,,,"260,000"
 Kiambu, Ruiru,3,3,3,2,"65,000"
 Nairobi, Karen,2,2,3,,"55,000"
 Nairobi, Karen,1,1,,,"20,000"
 Nairobi, Nairobi Central,4,1,1,,"75,000"
,,3,3,3,,"75,000"
,,4,5,5,,"158,000"
 Nairobi, Westlands,6,8,,,"400,000"
,,4,5,5,,"170,000"
 Kiambu, Cianda,4,4,4,2,"200,000"
 Westlands, Runda,1,1,1,1,"110,000"
 Westlands, Runda,4,4,4,,"150,000"
 Nairobi, Westlands,2,2,2,2,"160,000"
 Westlands, Runda,1,1,1,1,"90,000"
 Nairobi, Westlands,5,5,5,,"250,000"
 Nairobi, Westlands,5,5,,,"350,000"
,,4,4,4,,"300,000"
 Nairobi, Kilimani,2,2,2,,"70,000"
 Nairobi, Westlands,5,6,6,,"600,000"
 Nairobi, Westlands,4,5,,,"280,000"
 Nairobi, Westlands,4,5,,,"190,000"
 Machakos, Syokimau/Mulolongo,3,3,3,,"55,000"
 Nairobi, Westlands,5,5,,,"400,000"
 Nairobi, Kilimani,2,2,2,2,"190,000"
 Nairobi, Westlands,3,3,3,,"120,000"
 Ngara, Ngara Road,2,2,,,"70,000"
 Ruiru, Githunguri Rd,4,4,4,2,"105,000"
 Nairobi, Kilimani,4,4,4,,"180,000"
 Nairobi, Karen,10,10,10,,"500,000"
 Nairobi, Westlands,5,5,5,5,"350,000"
 Westlands, Runda,4,4,4,10,"150,000"
 Ngara, Ngara Road,,,,,100
 Nairobi, Karen,1,1,1,,"50,000"
 Nairobi, Karen,1,1,1,,"35,000"
 Nairobi, Kilimani,3,1,1,,"70,000"
 Nairobi, Westlands,2,2,2,2,"160,000"
 Nairobi, Westlands,2,2,2,2,"150,000"
 Nairobi, Westlands,2,3,3,,"180,000"
 Nairobi, Kileleshwa,6,4,,,"500,000"
 Nairobi, Westlands,3,4,,,"135,000"
 Nairobi, Kileleshwa,2,2,2,,"170,000"
 Machakos, Athi River,4,3,3,,"40,000"
,,2,4,,,"200,000"
,,2,3,,,"230,000"
 Nairobi, Westlands,3,3,3,,"80,000"
 Nairobi, Westlands,2,2,2,2,"75,000"
 Nairobi, Westlands,2,2,2,2,"170,000"
 Kiambu, Ruiru,1,1,1,,"23,000"
 Westlands, Runda,4,5,5,,"250,000"
 Nairobi, Westlands,5,5,5,,"280,000"
,,2,2,2,,"160,000"
 Nairobi, Kilimani,2,2,2,2,"160,000"
 Machakos, Syokimau/Mulolongo,1,1,1,,"45,000"
 Nairobi, Lavington,4,3,4,,"120,000"
 Nairobi, Kilimani,2,2,2,2,"120,000"
 Nairobi, Lavington,2,2,2,2,"130,000"
 Nairobi, Kileleshwa,1,1,1,1,"85,000"
 Nairobi, Embakasi,3,3,3,,"150,000"
 Nairobi, Parklands,3,3,3,,"85,000"
 Imara Daima, Mombasa Road,,,,,50
 Nairobi, Westlands,1,1,1,1,"130,000"
 Westlands, Runda Estate,5,5,4,,"350,000"
 Nairobi, Karen,5,5,5,,"350,000"
 Nairobi, Kilimani,1,1,,,"70,000"
 Nairobi, Kileleshwa,1,1,1,,"65,000"
 Kiambu, Tigoni,1,1,1,,"120,000"
,,10,8,,,"450,000"
 Nairobi, Westlands,5,7,,,"450,000"
 Nairobi, Westlands,1,1,1,1,"130,000"
 Nairobi, Westlands,2,2,2,2,"150,000"
 Nairobi, Westlands,2,2,2,1,"150,000"
 Machakos, Syokimau/Mulolongo,1,1,1,1,"30,000"
 Nairobi, Westlands,6,7,,,"400,000"
 Nairobi, Kileleshwa,3,3,2,,"160,000"
 Ruiru, Tatu City,2,1,1,81,"45,000"
 Nairobi, Kilimani,3,3,3,,"110,000"
 Nairobi, Parklands,3,3,4,2,"350,000"
,,5,6,,,"250,000"
 Nairobi, Westlands,,,,,115
 Nairobi, Kilimani,3,3,3,,"85,000"
 Parklands, Maua Close,,,,,100
 Kiambu, Uthiru,3,3,3,2,"60,000"
,,1,1,1,,"55,000"
 Nairobi, Westlands,3,3,3,,"130,000"
 Nairobi, Westlands,3,4,,,"200,000"
 Nairobi, Westlands,2,3,,,"150,000"
 Nairobi, Westlands,3,4,4,,"80,000"
 Nairobi, Westlands,3,4,4,,"120,000"
 Nairobi, Westlands,2,3,3,,"60,000"
 Nairobi, Westlands,4,5,5,,"200,000"
 Machakos, Athi River,3,1,1,,"27,000"
,,4,4,4,,"100,000"
 Parklands, Taarifa Road,2,2,,,"120,000"
,,5,6,6,,"300,000"
 Nairobi, Imara Daima ,4,5,5,,"150,000"
 Nairobi, Parklands,4,3,3,2,"100,000"
,,3,1,1,,"87,000"
,,4,5,5,,"250,000"
 Nairobi, Kilimani,3,4,4,,"98,000"
 Nairobi, Lavington,3,3,3,,"90,000"
 Nairobi, Kileleshwa,2,2,2,,"90,000"
 Nairobi, Kitisuru,2,2,2,,"40,000"
 Nairobi, Ruai,,,,,25
 Nairobi, Kilimani,2,2,2,,"120,000"
,,3,4,4,,"130,000"
 Nairobi, Kilimani,2,2,2,,"65,000"
,,2,2,2,,"130,000"
,,3,4,4,,"120,000"
 Nairobi, Kilimani,2,3,3,,"120,000"
 Athi River, Off Mombasa Road,4,3,3,,"45,000"
,,2,2,2,,"120,000"
 Nairobi, Lavington,2,2,2,,"140,000"
 Nairobi, Kilimani,3,3,3,,"160,000"
 Nairobi, Kilimani,2,2,2,,"65,000"
 Nairobi, Kilimani,3,3,3,,"75,000"
,,4,4,4,,"150,000"
,,3,,,,"400,000"
 Kisumu, Central Kisumu,4,2,2,,"50,000"
 Nairobi, Parklands,2,,,,"85,000"
 Nairobi, Parklands,4,3,3,,"100,000"
 Nairobi, Lavington,1,2,2,,"75,000"
 Nairobi, Parklands,3,3,3,,"105,000"
 Nairobi, Westlands,1,1,,,"200,000"
 Nairobi, Kilimani,3,4,4,,"140,000"
 Nairobi, Kilimani,2,3,3,,"95,000"
,,2,3,3,2,"120,000"
,,2,1,1,103,"85,000"
,,4,4,4,5,"250,000"
 Kiambu, Ruiru,,,,,"4,000"
,,3,4,4,,"110,000"
 Nairobi, Kilimani,2,2,2,,"40,000"
 Nairobi, Parklands,3,3,,,"100,000"
 Nairobi, Kileleshwa,3,3,,,"90,000"
 Kisumu, Central Kisumu,1,1,1,,"85,000"
 Nairobi, Westlands,4,4,,,"160,000"
 Athi River,  Daystar Road,4,4,4,,"50,000"
 Nairobi, Parklands,4,4,4,,"130,000"
 Nairobi, Westlands,3,4,4,,"120,000"
 Nairobi, Muthaiga,4,4,4,,"450,000"
 Nairobi, Westlands,4,4,4,,"280,000"
,,2,2,3,,"85,000"
 Nairobi, Nairobi Central,,,,,"97,000"
 Nairobi, Nairobi Central,,,,,"97,000"
,,103,,,,"87,500"
 Runda, Runda Estate,1,1,1,1,"80,000"
 Westlands, Runda,5,5,5,,"500,000"
 Westlands, Runda,5,5,5,,"280,000"
 Westlands, Runda Evergreen,1,1,1,1,"90,000"
 Nairobi, Ngara,,,,,70
 Nairobi, Karen,4,4,4,,"150,000"
 Nairobi, Westlands,4,5,5,,"370,000"
 Nairobi, Westlands,2,2,2,2,"100,000"
 Nairobi, Westlands,2,2,2,2,"130,000"
 Nairobi, Westlands,1,1,1,1,"90,000"
 Westlands, Runda,2,2,2,2,"125,000"
 Westlands, Runda,4,4,4,,"300,000"
 Nairobi, Westlands,2,2,2,2,"125,000"
 Westlands, Runda,3,3,3,,"150,000"
 Nairobi, Westlands,2,1,2,,"65,000"
 Nairobi, Westlands,1,1,,,"110,000"
 Nairobi, Parklands,,,,,"90,000"
 Nairobi, Kilimani,4,4,4,,"220,000"
 Syokimau/Mulolongo, Mombasa Road,3,3,4,,"55,000"
 Nairobi, Westlands,1,1,1,1,"50,000"
 Nairobi, Westlands,2,2,2,2,"60,000"
 Kilimani, Kilimani Estate,1,1,1,1,"90,000"
 Nairobi, Kileleshwa,3,3,3,,"95,000"
 Kajiado, Kitengela,4,3,4,5,"65,000"
 Nairobi, Kilimani,4,4,4,,"150,000"
 Nairobi, Kileleshwa,3,3,3,,"130,000"
 Nairobi, Westlands,4,3,3,,"90,000"
 Nairobi, Westlands,2,2,2,2,"80,000"
 Nairobi, Westlands,1,1,1,1,"60,000"
 Nairobi, Parklands,3,1,2,,"60,000"
,,3,3,3,,"95,000"
,,3,3,3,,"90,000"
 Nairobi, Westlands,3,4,4,,"140,000"
,,1,1,,,"45,000"
 Nairobi, Kilimani,2,2,2,,"70,000"
,,6,,,,"300,000"
 Westlands, Runda,2,2,2,2,"130,000"
 Westlands, Un Avenue,5,5,5,8,"600,000"
 Nairobi, Spring Valley,5,4,4,,"400,000"
,,3,3,3,,"105,000"
,,3,3,3,,"70,000"
,,2,2,2,,"75,000"
 Nairobi, Westlands,2,3,3,,"70,000"
 Nairobi, Westlands,1,1,1,,"55,000"
 Nairobi, Kileleshwa,2,2,2,2,"130,000"
 Nairobi, Kilimani,1,1,1,1,"120,000"
 Nairobi, Parklands,3,4,4,2,"115,000"
 Nairobi, Kilimani,1,1,1,1,"120,000"
 Nairobi, Ngara,1,1,1,1,"80,000"
,,1,1,1,1,"110,000"
 Nairobi, Kileleshwa,1,1,1,,"65,000"
 Nairobi, Kilimani,1,1,1,1,"105,000"
 Westlands, Runda,2,2,2,2,"150,000"
 Kisumu, Central Kisumu,1,1,1,,"90,000"
 Nakuru, Naivasha East,3,3,3,,"260,000"
 Laikipia, Nanyuki,2,2,2,,"180,000"
,,3,3,3,,"280,000"
 Nairobi, Kilimani,3,3,8,,"180,000"
 Machakos, Syokimau/Mulolongo,4,5,5,,"70,000"
 Nairobi, Westlands,2,2,2,2,"100,000"
 Nairobi, Kileleshwa,1,1,1,1,"60,000"
 Nairobi, Nairobi Central,3,3,3,,"90,000"
 Nairobi, Nairobi Central,,,,,"136,000"
 Nairobi, Kilimani,,,,,"264,000"
 Machakos, Syokimau/Mulolongo,3,3,3,2,"150,000"
,,2,2,2,,"75,000"
 Westlands, Runda,1,1,1,1,"90,000"
 Nairobi, Westlands,1,1,1,1,"38,000"
 Nairobi, Westlands,2,2,2,1,"130,000"
 Nairobi, Westlands,1,1,1,2,"35,000"
 Nairobi, Embakasi,3,2,2,,"60,000"
 Nairobi, Lavington,3,3,3,,"90,000"
 Westlands, Loresho,3,3,3,,"160,000"
 Westlands, Loresho,1,1,,,"55,000"
 Nairobi, Kilimani,,,,,"125,000"
 Nairobi, Kilimani,,,,,"80,000"
 Nairobi, Kilimani,,,,,"650,000"
 Nairobi, Westlands,,,,,"45,000"
 Nairobi, Westlands,,,,,105
 Embakasi, Industrial Area,,,,,55
 Westlands, Mbabane Road,5,5,3,,"350,000"
 Nairobi, Kitisuru,4,5,5,,"400,000"
 Nairobi, Parklands,3,3,3,,"90,000"
 Nairobi, Westlands,5,5,,,"350,000"
,,,,,,"450,000"
 Nairobi, Embakasi,,,,,66
 Embakasi, Old Mombasa Road,,,,,"300,000"
 Nairobi, Parklands,,,,,100
 Nairobi, Parklands,,,,,110
 Nairobi, Embakasi,,,,,140
 Westlands, Muthithi Road,,,,,100
 Parklands, West Park Suites,,,,,100
 Nairobi, Parklands,3,3,2,,"115,000"
 Nairobi, Ngara,3,3,2,,"110,000"
 Mombasa, Nyali,1,1,1,1,"75,000"
 Nairobi, Karen,3,3,3,,"250,000"
,,2,1,1,1,"25,000"
 Mombasa, Nyali,3,4,4,,"120,000"
 Nairobi, Karen,5,5,5,,"280,000"
 Kisumu, Central Kisumu,,,,,200
 Nairobi, Parklands,4,3,2,,"105,000"
 Westlands, General Mathenge Road,4,4,3,,"300,000"
 Mombasa, Nyali,1,1,1,1,"69,000"
 Nairobi, Westlands,1,1,1,,"40,000"
 Nairobi, Parklands,4,4,4,,"120,000"
,,4,4,4,,"160,000"
 Nairobi, Parklands,3,2,3,3,"75,000"
 Nairobi, Parklands,2,2,3,3,"65,000"
 Nairobi, Kilimani,1,1,2,110,"125,000"
 Nairobi, Karen,1,1,1,,"35,000"
 Nairobi, Karen,5,5,5,,"190,000"
 Nairobi, Embakasi,3,2,2,,"150,000"
,,2,2,2,,"75,000"
,,3,4,4,,"95,000"
,,1,1,,,"75,000"
,,4,3,3,,"80,000"
,,3,3,3,,"100,000"
,,4,4,4,,"130,000"
 Nairobi, Nairobi Central,8,4,4,,"200,000"
 Nairobi, Westlands,4,4,4,,"250,000"
 Nairobi, Kilimani,3,4,4,,"160,000"
 Machakos, Syokimau/Mulolongo,4,5,5,,"90,000"
 Machakos, Athi River,3,4,4,,"55,000"
,,3,4,4,,"250,000"
 Nairobi, Lavington,3,4,4,,"110,000"
 Nairobi, Parklands,3,4,4,,"115,000"
 Nairobi, Westlands,2,3,3,,"85,000"
 Nairobi, Kileleshwa,2,2,2,,"120,000"
 Nairobi, Kilimani,3,5,5,,"160,000"
 Nairobi, Kilimani,2,3,3,,"90,000"
 Nairobi, Lavington,3,4,4,,"85,000"
 Machakos, Syokimau/Mulolongo,2,2,2,,"37,000"
 Nairobi, Lavington,1,1,1,,"70,000"
 Machakos, Athi River,4,3,3,,"60,000"
 Machakos, Athi River,3,3,3,,"60,000"
 Nairobi, Lavington,3,4,4,,"130,000"
 Nairobi, Lavington,,,,,"450,000"
 Nairobi, Karen,4,4,4,,"160,000"
 Nairobi, Karen,4,4,4,,"200,000"
 Nairobi, Kilimani,2,1,1,,"55,000"
 Nairobi, Parklands,4,3,3,,"100,000"
 Nairobi, Kilimani,3,3,3,,"95,000"
 Kisumu, Central Kisumu,2,2,2,,"47,000"
 Kisumu, Central Kisumu,3,4,4,,"110,000"
 Westlands, Church Road.,2,2,2,1,"1,050"
 Kisumu, Central Kisumu,,,,,"750,000"
 Machakos, Athi River,4,3,3,,"65,000"
 Nairobi, Karen,5,6,5,,"350,000"
 Nairobi, Lavington,2,2,2,,"100,000"
 Nairobi, Westlands,1,,,,"105,000"
 Nairobi, Kileleshwa,3,3,3,,"90,000"
 Nairobi, Kilimani,3,3,3,,"120,000"
 Nairobi, Parklands,3,2,2,,"65,000"
 Machakos, Syokimau/Mulolongo,4,5,5,,"90,000"
 Nairobi, Karen,10,10,10,,"650,000"
 Nairobi, Westlands,3,3,3,,"150,000"
 Nairobi, Parklands,3,4,4,,"100,000"
 Nairobi, Kileleshwa,3,3,3,,"85,000"
 Nairobi, Westlands,3,2,2,,"110,000"
 Nairobi, Kileleshwa,2,2,2,,"110,000"
 Machakos, Syokimau/Mulolongo,4,5,5,,"90,000"
 Nairobi, Kitisuru,4,5,5,,"420,000"
 Nairobi, Westlands,3,4,4,,"200,000"
,,2,2,2,1,"220,000"
 Nairobi, Nairobi Central,4,5,5,,"220,000"
 Nairobi, Nairobi Central,4,4,,,"350,000"
 Nairobi, Nairobi Central,3,3,3,,"150,000"
 Nairobi, Parklands,3,3,3,,"130,000"
 Nairobi, Westlands,3,4,4,,"135,000"
 Nairobi, Westlands,4,5,5,,"130,000"
 Nairobi, Westlands,4,5,5,,"150,000"
 Nairobi, Westlands,3,3,3,2,"130,000"
 Nairobi, Westlands,1,1,1,1,"150,000"
 Nairobi Central, Fourways,2,2,2,2,"130,000"
 Nairobi, Westlands,2,2,2,2,"100,000"
 Machakos, Athi River,4,3,3,,"55,000"
 Nairobi, Westlands,3,3,3,,"140,000"
 Machakos, Athi River,3,3,3,157,"60,000"
,,2,2,2,,"210,000"
 Nairobi, Westlands,,,,,"400,000"
 Uthiru/Ruthimitu, Stage 87,3,4,4,,"65,000"
 Nairobi, Kilimani,3,3,3,,"120,000"
 Nairobi, Karen,6,6,6,,"500,000"
 Nairobi, Nairobi Central,1,1,2,,110
 Machakos, Athi River,10,"7,800",,,"180,000"
 Machakos, Athi River,4,5,5,,"45,000"
 Mombasa, Nyali,3,4,4,,"120,000"
 Nairobi, Karen,3,3,20,,"120,000"
 Nairobi, Westlands,3,4,4,266,"180,000"
 Westlands, Loresho,1,1,1,1,"65,000"
 Westlands, Runda,2,2,2,2,"130,000"
 Westlands, Runda,1,1,1,1,"90,000"
 Nairobi, Westlands,1,1,1,1,"90,000"
 Nairobi, Westlands,2,2,1,,"55,000"
 Nairobi, Kileleshwa,2,2,2,2,"110,000"
 Nairobi, Kilimani,3,4,4,2,"185,000"
,,3,3,3,2,"200,000"
 Nairobi, Parklands,2,4,4,,"170,000"
 Nairobi, Kileleshwa,3,3,3,2,"230,000"
 Nairobi, Kileleshwa,1,1,1,1,"75,000"
 Kiambu, Ruiru,2,,,,"40,000"
 Nairobi, Westlands,1,1,1,1,"130,000"
,,2,3,3,2,"90,000"
 Nairobi, Westlands,3,5,3,3,"130,000"
 Nairobi, Westlands,3,4,4,3,"135,000"
 Mombasa, Nyali,3,3,3,2,"75,000"
 Mombasa, Nyali,2,2,2,"2,500","140,000"
 Nairobi, Lavington,2,2,2,2,"120,000"
 Nairobi, Westlands,2,2,2,2,"55,000"
opposite Serena Hotel/minet /shelter Afrique, Mamlaka Rd,1,,,,"15,000"
 Nairobi, Westlands,2,2,2,2,"60,000"
 Nairobi, Westlands,2,2,3,,"185,000"
 Nairobi, Nairobi Central,2,3,3,,"55,000"
 Nairobi, Parklands,,,,,"164,000"
 Embakasi, Industrial Area,,,,,36
 Nairobi, Nairobi Central,,,,,"210,000,000"
 Nairobi, Westlands,10,4,4,30,"500,000"
 Nairobi, Westlands,10,4,4,30,"500,000"
 Nairobi, Westlands,3,3,3,2,"160,000"
 Nairobi, Westlands,1,1,1,1,"65,000"
 Nairobi, Westlands,1,2,3,100,"100,000"
 Machakos, Syokimau/Mulolongo,2,1,8,"100,000","350,000"
 Nairobi, Kasarani,1,1,,,"8,000"
 Nairobi, Karen,5,5,6,3,"180,000"
 Embakasi, Industrial Area,,,,,35
 Nairobi, Kitisuru,4,,,,"250,000"
 Embakasi, Industrial Area,,,,,40
 Kajiado, Ngong,,,,,"40,000"
 Nairobi, Westlands,92,,,,"120,000"
 Nairobi, Westlands,19,,,,"20,000"
 Nairobi, Kilimani,2,2,2,1,"60,000"
 Nairobi, Lavington,6,5,5,5,"250,000"
 Nairobi, Lavington,3,3,4,2,"140,000"
 Nairobi, Karen,3,2,2,2,"60,000"
 Nairobi, Nairobi Central,4,4,3,2,"180,000"
 Nairobi, Kilimani,2,2,2,210,"85,000"
,,3,3,3,2,"70,000"
,,3,3,4,,"180,000"
 Nairobi, Parklands,2,2,2,2,"110,000"
 Nairobi, Karen,5,5,6,4,"350,000"
,,3,3,3,2,"130,000"
 Nairobi, Karen,4,3,3,5,"350,000"
 Mombasa, Nyali,3,3,,,"220,000"
 Nairobi, Westlands,3,3,4,1,"145,000"
 Nairobi, Westlands,2,2,2,1,"95,000"
 Westlands, Runda,3,3,4,2,"150,000"
 Westlands, Runda,3,3,4,2,"140,000"
 Westlands, Runda,3,3,3,1,"100,000"
 Kiambu, Township C,3,3,3,3,"170,000"
 Nairobi, Karen,5,6,5,4,"350,000"
 Nairobi, Lavington,3,3,3,2,"95,000"
,,4,4,5,4,"300,000"
,,3,2,3,3,"150,000"
 Kiambu, Ruaka,4,4,5,2,"130,000"
 Nairobi, Nairobi Central,5,4,4,,"120,000"
 Nairobi, Westlands,1,1,1,140,"100,000"
 Runda, Mimosa,5,5,5,5,"5,500"
 Nairobi, Westlands,1,2,2,2,"130,000"
 Kajiado, Ngong,3,2,2,,"35,000"
 Nairobi, Muthaiga,4,4,4,4,"250,000"
 Nairobi, Westlands,2,2,2,2,"190,000"
,,2,2,2,,"150,000"
,,1,1,2,345,"370,000"
,,3,3,1,259,"70,000"
 Nairobi, Lavington,3,3,3,3,"150,000"
,,4,4,5,2,"290,000"
,,4,4,5,6,"220,000"
,,3,1,1,,"60,000"
 Nairobi, Westlands,2,2,4,"4,580","90,000"
 Embakasi, Industrial Area,,,,,35
 Nairobi, Kilimani,2,3,3,2,"200,000"
 Nairobi, Karen,4,4,5,3,"250,000"
 Nairobi, Westlands,2,2,2,2,"150,000"
 Nairobi, Westlands,2,2,2,2,"100,000"
 Nairobi, Westlands,2,2,2,2,"160,000"
 Nairobi, Westlands,3,3,3,3,"130,000"
 Nairobi, Kitisuru,5,3,3,15,"350,000"
 Nairobi, Karen,3,3,4,3,"130,000"
 Kiambu, Ruiru,1,1,1,1,"20,000"
 Kirinyaga, Kerugoya,1,1,1,,"10,000"
 Kiambu, Ruiru,1,1,2,100,150
 Kiambu, Juja,2,2,2,2,"35,000"
 Kilimani, Kilimani Estate,1,1,1,1,"110,000"
,,3,2,2,,"70,000"
 Nairobi, Kilimani,4,4,5,280,"200,000"
,,3,3,3,2,"67,000"
,,3,3,3,,"47,500"
 Westlands, Loresho,5,5,5,4,"750,000"
,,5,5,5,3,"200,000"
 Nairobi, Muthaiga,2,2,2,2,"55,000"
 Muthaiga, Near Rosters,4,4,4,4,"125,000"
,,4,5,5,5,"3,000"
 Nairobi, Ngara,,,,,80
,,4,4,3,6,"250,000"
,,3,3,3,2,"100,000"
,,1,1,1,,"20,000"
 Kisumu, Market Milimani,3,3,3,,"50,000"
 Nairobi, Nairobi Central,4,4,4,,"180,000"
 Kiambu, Thika,2,2,3,2,"30,000"
 Kiambu, Ruiru,4,4,4,4,"170,000"
 Machakos, Syokimau/Mulolongo,3,2,2,2,"50,000"
 Nairobi, Kileleshwa,2,2,2,2,"70,000"
,,3,2,2,2,"60,000"
,,2,3,3,2,"280,000"
,,3,4,4,2,"300,000"
,,3,2,2,,"47,500"
,,3,2,2,,"55,000"
 Nairobi, Nairobi Central,5,5,5,5,"180,000"
 Nairobi, Westlands,2,2,2,1,"120,000"
 Nairobi, Westlands,3,3,3,2,"150,000"
,,2,2,2,,"120,000"
,,5,4,4,3,"160,000"
 Nairobi, Karen,5,5,5,,"200,000"
 Nairobi, Kileleshwa,3,2,2,1,"80,000"
 Nairobi, Kileleshwa,2,2,2,1,"65,000"
 Nairobi, Kileleshwa,1,1,40,,"40,000"
 Nairobi, Lavington,4,4,4,4,"300,000"
 Kisumu, Market Milimani,,,,,"200,000"
 Nairobi, Westlands,4,4,4,4,"110,000"
 Nairobi, Nairobi Central,3,3,5,900,"2,000,000"
,,3,2,2,,"60,000"
 Nairobi, Parklands,4,3,3,3,"90,000"
 Machakos, Athi River,4,3,3,,"45,500"
 Nairobi, Parklands,4,3,3,3,"100,000"
 Nairobi, Westlands,4,3,3,3,"135,000"
 Nairobi, Parklands,3,2,2,3,"90,000"
 Nairobi, Parklands,4,4,4,4,"150,000"
 Kilimani, Matumbato Road,2,1,1,1,"55,000"
 Nairobi, Parklands,2,2,2,2,"160,000"
 Nairobi, Westlands,3,3,3,3,"250,000"
 Embakasi, Tassia,3,3,3,,"40,000"
,,3,3,4,2,"135,000"
,,1,1,1,,"25,000"
,,3,3,4,,"85,000"
 Nairobi, Spring Valley,4,4,4,4,"250,000"
,,3,2,3,,"50,000"
,,3,2,2,,"40,000"
 Mombasa, Nyali,3,2,2,,"45,000"
 Tala, Off Malaa,,,,,"10,000"
,,3,2,2,,"65,000"
 Nairobi, Lavington,2,2,2,2,"75,000"
,,4,3,3,,"130,000"
,,5,4,5,,"100,000"
,,3,3,4,,"80,000"
 Machakos, Athi River,,,,,"50,000"
 Nairobi Central, Just Off Eden Road,3,3,3,3,"100,000"
,,3,2,2,2,"65,000"
,,2,2,3,2,"70,000"
 Nairobi, Embakasi,610,,,,"69,312"
 Nairobi, Kilimani,"3,002",,,,"348,232"
 Nairobi, Westlands,3,3,3,2,"150,000"
 Nairobi, Westlands,1,1,1,1,"150,000"
,,3,2,3,2,"21,000,000"
 Nairobi, Kileleshwa,2,2,2,2,"80,000"
 Nairobi, Lavington,5,5,5,4,"280,000"
 Nairobi, Westlands,2,2,2,2,"120,000"
,,5,4,8,"2,023","500,000"
 Nairobi, Westlands,3,3,3,2,"300,000"
 Westlands, Runda,3,2,2,2,"150,000"
 Nairobi, Westlands,3,3,3,2,"165,000"
,,5,5,5,4,"250,000"
 Narok, Olorropil,4,4,4,3,"225,000"
,,2,2,2,2,"240,000"
,,3,3,3,2,"100,000"
 Nairobi, Westlands,3,2,2,2,"65,000"
,,3,3,4,2,"67,500"
 Nairobi, Westlands,3,3,3,3,"95,000"
 Mombasa, Nyali,3,4,2,"2,000","62,500"
 Machakos, Athi River,4,4,4,,"65,000"
 Kiambu, Limuru East,4,4,4,4,"200,000"
 Nairobi, Parklands,1,1,1,2,"55,000"
 Nairobi Central,,3,3,3,1,"75,000"
 Kilimani, Chiromo,3,4,4,3,"175,000"
 Kiambu, Ruiru,4,4,4,,"150,000"
 Nairobi, Kileleshwa,5,5,6,2,"180,000"
 Kiambu, Limuru Central,4,4,4,,"150,000"
 Nairobi, Westlands,381,,,,"492,000"
 Nairobi, Karen,,,,,"40,000"
 Kiambu, Limuru Central,610,,,,"3,660"
 Embakasi, Industrial Area,,,,,"250,000"
 Nairobi, Kilimani,2,2,4,"4,536","110,000"
 Nairobi, Kilimani,2,2,4,"4,603","100,000"
 Nairobi, Westlands,1,1,2,"4,258","70,000"
 Nairobi, Westlands,3,3,3,3,"165,000"
 Nairobi, Kileleshwa,3,3,3,2,"170,000"
,,2,3,3,2,"90,000"
 Nairobi, Westlands,2,2,2,,"119,000"
 Nairobi, Westlands,1,1,1,1,"114,000"
 Nairobi, Nairobi Central,,,,,"25,000"
 Nairobi, Kilimani,4,3,3,3,"180,000"
 Mombasa, Nyali,3,4,3,3,"100,000"
 Kiambu, Ruiru,4,4,4,4,"70,000"
 Nairobi, Westlands,5,4,4,4,"150,000"
 Nairobi, Lavington,5,5,20,,"250,000"
 Embakasi, Industrial Area,,,,,"150,000"
 Igoji West, ð¨ðð ðð¡ð¢ð¤ð ðð¨ðð,4,4,4,,"120,000"
 Nairobi, Nairobi Central,4,4,4,,"150,000"
 Nairobi, Westlands,5,5,5,5,"350,000"
 Mombasa, Nyali,3,2,2,2,"45,000"
 Nairobi, Kileleshwa,1,1,1,1,"65,000"
 Nairobi, Westlands,3,2,2,2,"150,000"
 Westlands, Rosslyn,3,3,3,3,"300,000"
,,3,2,2,2,"220,000"
 Nairobi, Kileleshwa,1,1,1,1,"85,000"
,,3,3,3,,"85,000"
 Nairobi, Parklands,,,,,120
 Nairobi, Westlands,2,2,2,,"180,000"
 Embakasi, Industrial Area,,,,,40
 Kiambu, Thika,5,4,4,2,"60,000"
 Nairobi, Westlands,5,4,4,4,"200,000"
 Kiambu, Ruiru,2,2,2,2,"54,500"
 Nairobi, Lavington,2,2,2,2,"120,000"
 Nairobi, Westlands,4,3,3,3,"250,000"
 Nairobi, Westlands,1,1,2,"4,580","80,000"
 Westlands, Runda,1,1,1,1,"40,000"
,,2,3,3,2,"160,000"
,,2,1,1,,"27,000"
,,1,1,1,1,"120,000"
 Nairobi, Westlands,4,3,3,,"200,000"
 Nairobi, Parklands,1,1,1,1,"130,000"
 Nairobi, Westlands,1,1,1,1,"165,000"
 Nairobi, Westlands,4,4,3,,"200,000"
 Kiambu, Ruiru,3,3,3,3,"55,000"
,,1,2,2,2,"90,000"
 Kiambu, Ruiru,3,3,3,3,"110,000"
 Kiambu, Kikuyu,1,1,1,1,"11,000"
 Lavington,  Behind Valley Arcade,5,5,6,3,"180,000"
,,4,5,5,3,"165,000"
,,4,4,4,5,"260,000"
 Nairobi, Lavington,1,1,1,"4,563","18,000"
 Nairobi, Nairobi Central,,,,,"20,000"
 Mombasa, Nyali,4,3,3,,"150,000"
 Nairobi, Westlands,4,4,4,3,"3,000"
 Kiambu, Kinoo,2,3,3,2,"35,000"
 Kiambu, Kinoo,3,4,4,3,"50,000"
 Kiambu, Membley Estate,2,2,2,2,"35,000"
,,3,3,4,2,"220,000"
 Mombasa, Nyali,3,2,3,2,"50,000"
 Mombasa, Nyali,2,,,,"45,000"
 Nairobi, Westlands,1,1,1,1,"160,000"
 Nyali, Mombasa,3,2,2,1,"45,000"
 Mombasa, Nyali,4,4,5,2,"90,000"
 Nairobi, Westlands,2,2,2,,"85,000"
 Nairobi, Westlands,1,1,1,1,"60,000"
 Nairobi, Westlands,1,1,1,1,"70,000"
 Nairobi, Kileleshwa,3,3,3,3,"200,000"
 Nairobi, Westlands,2,3,3,2,"100,000"
,,2,2,2,2,"40,000"
 Kilifi, Malindi Town,,,,,"325,000"
 Nairobi, Westlands,4,3,3,3,"130,000"
 Nairobi, Kileleshwa,1,1,1,1,"120,000"
 Nairobi, Ngara,2,1,1,1,"40,000"
 Mombasa, Nyali,3,4,3,"2,500","140,000"
 Nairobi, Kilimani,2,3,2,,"180,000"
 Nairobi, Kilimani,2,3,2,,"140,000"
 Nairobi, Kileleshwa,3,2,2,2,"160,000"
 Nairobi, Westlands,5,4,4,4,"200,000"
 Mombasa, Nyali,2,2,2,2,"110,000"
 Nairobi, Westlands,3,4,2,,"140,000"
,,4,5,,,"230,000"
 Nairobi, Lavington,5,5,5,5,"270,000"
 Nairobi, Westlands,4,4,,,"350,000"
,,1,2,2,2,"70,000"
 Nairobi, Westlands,4,5,5,4,"300,000"
 Nairobi, Westlands,3,3,3,3,"180,000"
 Nairobi, Westlands,2,3,3,3,"200,000"
 Nairobi, Kilimani,,,,,"200,000"
 Nairobi, Westlands,2,2,2,2,"150,000"
 Mombasa, Nyali,3,4,3,"2,800","90,000"
 Nairobi, Kileleshwa,3,3,3,3,"80,000"
 Nairobi, Kileleshwa,3,3,3,3,"90,000"
,,1,2,2,2,"200,000"
,,1,1,1,1,"120,000"
 Nairobi, Lavington,4,4,4,4,"180,000"
 Nairobi, Parklands,2,2,2,2,"65,000"
 Nairobi, Kilimani,1,1,1,1,"55,000"
 Nairobi, Kileleshwa,2,2,2,2,"75,000"
 Nairobi, Kileleshwa,2,2,2,2,"75,000"
 Nairobi, Kilimani,3,2,2,3,"70,000"
 Nairobi, Lavington,1,1,1,1,"55,000"
 Nairobi, Muthaiga,5,5,,,"400,000"
,,2,2,2,,"45,000"
 Mombasa, Nyali,4,3,3,2,"55,000"
 Nairobi, Westlands,3,3,3,3,"250,000"
 Nairobi, Westlands,3,4,4,3,"260,000"
 Nairobi, Westlands,4,5,,,"250,000"
 Nairobi, Westlands,4,5,5,,"250,000"
 Nairobi, Westlands,1,1,1,1,"40,000"
 Nairobi, Westlands,4,5,2,,"250,000"
 Nairobi, Ngara,2,2,3,"3,085","210,000"
 Nairobi, Westlands,2,2,2,2,"110,000"
,,2,2,2,2,"80,000"
,,2,2,2,1,"70,000"
 Nairobi, Karen,6,6,6,4,"400,000"
 Nairobi, Westlands,1,1,1,1,"45,000"
 Nairobi, Westlands,5,7,7,,"380,000"
 Nairobi, Westlands,5,7,7,,"350,000"
 Westlands, Runda,2,2,3,1,"95,000"
,,,,,,"300,000"
,,3,4,,,"120,000"
 Nairobi, Muthaiga,4,5,5,,"350,000"
 Nairobi, Westlands,3,3,3,3,"80,000"
 Nairobi, Kilimani,2,2,2,1,"80,000"
 Kiambu, Ruiru,4,4,4,4,"140,000"
 Spring Valley, General Mathenge,3,4,4,2,"2,400"
 Nairobi, Kilimani,3,4,5,2,"120,000"
 Nairobi, Lavington,5,5,5,2,"250,000"
 Nairobi, Westlands,2,3,,,"250,000"
,,4,4,4,4,"70,000"
 Nairobi, Lavington,4,4,15,"3,035","400,000"
,,3,3,3,2,"150,000"
 Nairobi, Kilimani,3,3,3,2,"150,000"
,,3,3,3,2,"130,000"
,,2,2,2,2,"85,000"
,,3,2,3,5,"50,000"
,,3,3,3,2,"120,000"
,,3,2,2,2,"90,000"
,,3,3,3,2,"160,000"
,,3,3,3,2,"130,000"
 Nairobi, Westlands,2,2,,,1
 Nairobi, Westlands,2,2,,,3
 Nairobi, Westlands,2,2,"3,801",,1
 Nairobi, Kileleshwa,3,2,2,2,"80,000"
,,2,2,3,2,"70,000"
 Nairobi, Kileleshwa,6,5,6,4,"4,000"
 Nairobi, Kilimani,4,5,5,,"150,000"
 Nairobi, Lavington,3,4,4,,"100,000"
,,4,5,,,"350,000"
 Nairobi, Kileleshwa,5,3,3,4,"180,000"
,,5,7,,,"350,000"
 Machakos, Syokimau/Mulolongo,2,3,3,,"40,000"
 Nairobi, Westlands,3,3,3,3,"120,000"
 Nairobi, Westlands,2,2,2,2,"250,000"
 Nairobi, Kilimani,3,2,2,3,"170,000"
 Nairobi, Kilimani,1,1,1,1,"45,000"
 Nairobi, Kileleshwa,2,2,2,2,"65,000"
 Nairobi, Kileleshwa,3,3,3,2,"75,000"
 Nairobi, Westlands,3,3,3,3,"190,000"
 Nairobi, Westlands,1,1,1,1,"120,000"
 Nairobi, Kileleshwa,3,3,3,3,"160,000"
 Nairobi, Parklands,4,2,2,3,"80,000"
 Kiambu, Uthiru,3,2,2,2,"65,000"
 Mombasa, Nyali,3,2,3,,"52,500"
,,2,3,,,"200,000"
,,4,5,5,,"150,000"
 Lavington,  Valley Arcade,5,3,3,2,"160,000"
 Nairobi, Lavington,2,2,2,2,"67,000"
 Kiambu, Ndenderu,2,2,2,2,"50,000"
 Kiambu, Ruiru,2,1,1,1,"45,000"
 Nairobi, Ngara,4,4,4,,"170,000"
,,1,1,1,1,"130,000"
,,5,6,6,,"230,000"
 Nairobi, Westlands,1,1,1,1,"80,000"
 Kilimani,  Near Makini School,3,2,3,2,"13,500,000"
 Nairobi, Karen,5,6,"2,023",,"150,000"
 Kiambu, Gitaru,1,1,1,1,"10,000"
,,2,2,2,2,"80,000"
 Nairobi, Kileleshwa,1,1,1,,"135,000"
 Nairobi, Thindigua,2,2,2,1,"45,000"
 Ruiru,,4,3,3,3,"140,000"
,,3,3,3,,"85,000"
 Ruiru, Engen- Garissa Road,1,1,1,,"6,500"
 Kiambu, Ruiru,2,2,2,1,"31,000"
 Ndumberi, Peters Secondary School,2,1,1,1,"16,000"
 Kiambu, Juja,"4,047",,,,"700,000"
 Kiambu, Ruiru,1,1,1,1,"15,000"
 Kiambu, Ruiru,3,4,4,1,"55,000"
 Ruiru, Along Ruiru - Kamiti Road,1,1,1,1,"23,000"
 Kiambu, Ruiru,1,1,1,1,"23,000"
 Kiambu, Ruiru,5,5,5,3,"120,000"
 Mombasa, Nyali,3,4,4,2,"120,000"
 Mombasa, Nyali,2,2,2,1,"110,000"
 Nairobi, Kilimani,1,1,1,1,"130,000"
 Westlands,westlands,2,,,,"200,000"
,,3,,,,"150,000"
,,3,,,,"160,000"
,,3,,,,"120,000"
,,6,7,,,"400,000"
,,2,20,,,90
 Westlands, Runda,3,3,3,2,"130,000"
 Westlands, Loresho,2,1,2,2,"130,000"
 Nairobi, Westlands,4,3,4,2,"75,000"
 Nairobi, Lavington,2,2,2,2,"100,000"
 Nakuru, Gilgil,"3,561",,,,"250,000"
 Ruiru, Off The Eastern Bypass.,4,3,3,,"100,000"
 Nairobi, Westlands,3,3,3,2,"150,000"
 Nairobi, Westlands,3,4,,,"130,000"
,,2,2,2,2,"65,000"
,,1,1,1,1,"45,000"
,,3,4,,,"130,000"
,,6,6,,,"400,000"
 Nairobi, Westlands,5,7,,,"590,000"
,,4,6,,,"400,000"
,,4,5,,,"250,000"
,,2,2,,,"160,000"
 Nairobi, Westlands,4,5,,,"280,000"
 Nairobi, Westlands,4,5,3,,"270,000"
 Nairobi, Kileleshwa,3,2,2,2,"90,000"
 Nairobi, Kitisuru,5,6,6,3,"400,000"
 Nairobi, Westlands,4,4,4,4,"220,000"
 Nairobi, Kileleshwa,1,1,1,1,"45,000"
 Nairobi, Westlands,2,1,1,2,"60,000"
 Nairobi, Westlands,1,1,1,1,"55,000"
 Nairobi, Westlands,3,2,2,2,"65,000"
 Nairobi, Lavington,3,3,3,3,"110,000"
 Nairobi, Westlands,1,1,1,1,"100,000"
 Nairobi, Kileleshwa,1,1,1,1,"45,000"
 Nairobi, Parklands,4,4,4,3,"150,000"
 Nairobi, Westlands,4,3,3,3,"80,000"
 Kiambu, Membley Estate,4,3,3,3,"75,000"
 Westlands, Peponi Road,4,3,3,4,"240,000"
,,5,7,,,"450,000"
 Nairobi, Kitisuru,4,4,4,5,"4,000"
 Westlands, Loresho,6,5,6,10,"350,000"
 Nairobi, Westlands,1,2,,,"2,500,000"
 Westlands, Loresho,6,,,,"280,000"
,,3,3,2,2,"150,000"
,,4,3,4,3,"120,000"
 Nairobi, Kitisuru,4,4,4,3,"270,000"
 Nairobi, Westlands,5,5,5,4,"150,000"
 Nairobi, Westlands,2,2,2,1,"45,000"
 Nairobi, Lavington,3,3,3,2,"150,000"
 Nairobi, Kileleshwa,2,2,2,2,"100,000"
 Nairobi, Kileleshwa,3,3,3,2,"140,000"
 Nairobi, Westlands,2,3,3,2,"170,000"
 Mombasa, Nyali,3,2,2,,"43,000"
,,1,1,1,1,"130,000"
 Kiambu, Ruiru,3,3,3,2,"55,000"
 Kiambu, Ruiru,4,3,3,3,"140,000"
 Kiambu, Githiga (Githunguri),3,2,2,,"40,000"
 Kisumu, Market Milimani,3,3,3,,"60,000"
 Nairobi, Kileleshwa,3,4,4,,"220,000"
 Nairobi, Kileleshwa,3,4,4,2,"140,000"
 Machakos, Athi River,2,,,,"20,000"
 Nairobi, Parklands,3,3,3,3,"90,000"
 Kiambu, Membley Estate,3,3,3,3,"55,000"
 Machakos, Athi River,3,3,3,,"50,000"
 Nairobi, Nairobi Central,3,3,3,2,"104,000"
 Nairobi, Kileleshwa,2,2,2,2,"95,000"
 Nairobi, Westlands,2,2,2,2,"80,000"
 Nairobi, Westlands,2,1,1,1,"130,000"
 Nairobi, Westlands,2,2,2,2,"60,000"
 Nairobi, Lavington,3,2,2,3,"210,000"
,,3,2,2,3,"90,000"
 Nairobi, Lavington,2,2,2,2,"180,000"
,,2,2,2,2,"180,000"
,,3,2,2,2,"170,000"
,,1,1,1,1,"125,000"
 Nairobi, Kileleshwa,3,4,4,3,"120,000"
 Nairobi, Kileleshwa,5,6,6,4,"200,000"
 Nairobi, Kileleshwa,2,2,2,2,"70,000"
 Nairobi, Kileleshwa,3,4,4,3,"90,000"
 Nairobi, Kileleshwa,2,2,2,2,"120,000"
 Nairobi, Kilimani,2,2,2,2,"160,000"
 Nairobi, Kileleshwa,3,3,3,3,"85,000"
 Nairobi, Parklands,1,1,1,1,"35,000"
 Nairobi, Parklands,1,1,1,"39,000","25,000"
 Machakos, Syokimau/Mulolongo,4,4,4,3,"120,000"
 Nairobi, Westlands,2,2,2,2,"140,000"
,,3,3,3,3,"300,000"
,,3,3,3,3,"150,000"
 Muthaiga, New Muthaiga,5,6,,,"450,000"
 Nairobi, Westlands,4,6,,,"300,000"
 Nairobi, Nairobi Central,,,,,"62,500"
,,,,,,"399,500"
 Nairobi, Lavington,4,3,3,3,"130,000"
 Nairobi Central, Matumbato Road,3,2,2,2,"70,000"
 Westlands, Rosslyn,2,2,2,2,"95,000"
 Mombasa, Nyali,1,1,1,1,"28,000"
 Nairobi, Lavington,3,3,8,"4,050","270,000"
 Nairobi, Westlands,2,2,2,2,"130,000"
,,2,2,2,2,"75,000"
,,1,2,2,2,"120,000"
,,3,1,2,,"60,000"
 Nairobi, Westlands,4,4,4,4,"400,000"
 Westlands, Rosslyn,5,5,5,4,"450,000"
,,6,6,6,5,"500,000"
 Nairobi, Westlands,2,2,2,3,"55,000"
,,,,,,"250,000"
 Nairobi, Karen,5,6,6,,"450,000"
 Nairobi, Westlands,3,3,3,2,"200,000"
 Nairobi, Westlands,2,3,3,2,"90,000"
,,3,3,3,,"45,000"
,,1,1,1,1,"25,000"
,,3,3,4,2,"100,000"
,,1,1,1,,"16,000"
 Nairobi, Lavington,1,1,1,1,"38,000"
 Nairobi, Kilimani,2,2,2,2,"65,000"
 Nairobi, Lavington,5,5,5,3,"350,000"
 Nairobi, Karen,4,4,5,4,"350,000"
,,2,3,3,2,"180,000"
 Nairobi, Lavington,1,1,1,56,"35,000"
 Nairobi, Karen,5,4,5,5,"250,000"
,,6,3,3,,"250,000"
,,3,3,4,2,"80,000"
 Nairobi, Imara Daima ,,,,,37
 Nairobi, Parklands,,,,,80
 Nairobi, Westlands,,,,,100
 Westlands, Westlands Road,,,,,"250,000"
 Parklands, 3rd Parklands,,,,,110
,,,,,,75
 Nairobi, Kileleshwa,1,1,1,1,"140,000"
 Nairobi, Kileleshwa,2,2,2,2,"80,000"
 Nairobi, Lavington,3,2,2,2,"70,000"
,,3,4,3,,"120,000"
,,5,5,6,3,"110,000"
 Nairobi, Westlands,2,2,2,2,"70,000"
 Nairobi, Westlands,1,1,1,1,"50,000"
 Mombasa, Nyali,2,1,1,1,"26,500"
 Mombasa, Nyali,3,3,4,2,"190,000"
 Nairobi, Parklands,1,1,1,1,"40,000"
 Nairobi, Ngara,1,1,1,1,"30,000"
,,4,3,3,2,"92,000"
 Kisumu, Central Kisumu,1,1,,,"75,000"
 Nairobi, Nairobi Central,4,,,,"30,000"
 Nairobi, Kilimani,2,2,2,,"130,000"
 Nairobi, Westlands,3,1,2,3,"60,000"
,,4,3,3,,"270,000"
 Mombasa, Nyali,2,2,2,1,"110,000"
 Nairobi, Westlands,2,3,3,2,"100,000"
 Nairobi, Westlands,4,6,6,,"260,000"
 Nairobi, Parklands,3,2,2,3,"100,000"
,,3,3,4,2,"150,000"
 Westlands, Runda,4,4,4,,"140,000"
 Westlands, Runda,4,4,4,4,"135,000"
 Kiambu, Ruiru,4,4,4,4,"150,000"
,,3,3,3,2,"250,000"
 Nairobi, Westlands,2,3,3,1,"220,000"
 Nairobi, Westlands,2,2,2,2,"48,000"
 Nairobi, Westlands,2,2,2,2,"55,000"
 Nairobi, Westlands,2,2,2,2,"45,000"
 Kiambu, Ruiru,4,4,4,4,"140,000"
 Nairobi, Westlands,2,2,2,2,"200,000"
 Nairobi, Westlands,2,2,2,2,"160,000"
 Nairobi, Kilimani,3,2,3,3,"199,999"
 Nairobi, Kilimani,3,3,3,2,"200,000"
 Kiambu, Kikuyu,1,1,1,1,"16,000"
,,2,2,2,2,"65,000"
 Mtwapa, Mombasa,3,2,3,,"150,000"
,,3,2,3,2,"67,500"
,,4,5,,,"250,000"
,,4,4,,,"275,000"
 Nairobi, Kilimani,4,3,3,3,"210,000"
 Nairobi, Lavington,3,3,3,3,"75,000"
 Nairobi, Lavington,4,3,3,3,"200,000"
,,1,2,2,1,"110,000"
 Nairobi, Kilimani,2,2,2,2,"65,000"
 Nairobi, Kileleshwa,2,3,3,2,"120,000"
,,8,4,4,50,"1,200,000"
 Nairobi, Kileleshwa,4,4,4,2,"250,000"
 Nairobi, Lavington,3,4,3,2,"160,000"
,,1,1,1,1,"60,000"
 Nairobi, Lavington,3,3,3,2,"130,000"
 Nairobi, Ngara,3,2,2,1,"60,000"
,,3,4,3,,"110,000"
 Nairobi, Parklands,3,2,2,2,"55,000"
 Nairobi, Parklands,3,3,3,3,"100,000"
 Nairobi, Kilimani,1,2,2,1,"130,000"
,,3,3,3,2,"85,000"
 Nairobi, Westlands,1,1,1,1,"90,000"
 Kiambu, Ruiru,2,2,2,2,"45,000"
 Nairobi, Parklands,6,,,,"250,000"
 Mombasa, Nyali,3,4,3,2,"90,000"
,,1,1,1,1,"64,000"
,,2,3,3,2,"260,000"
 Nairobi, Lavington,5,5,5,2,"180,000"
,,2,2,2,2,"200,000"
 Nairobi, Kileleshwa,2,2,2,2,"190,000"
 Mombasa, Nyali,4,5,3,"2,500","165,000"
 Nairobi, Kilimani,2,2,2,2,"130,000"
,,4,6,,,"250,000"
 Nairobi, Westlands,4,6,6,,"300,000"
 Mombasa, Majengo,3,2,2,2,"165,000"
,,4,6,,,"380,000"
,,3,2,2,,"130,000"
 Nairobi, Westlands,2,2,2,2,"40,000"
 Nairobi, Parklands,1,1,1,1,"35,000"
 Nairobi, Kileleshwa,2,2,2,2,"55,000"
,,2,2,3,1,"180,000"
 Nairobi, Westlands,2,2,2,2,"80,000"
 Nairobi, Kileleshwa,2,2,1,2,"50,000"
 Nairobi, Kileleshwa,1,1,1,1,"25,000"
 Nairobi, Lavington,4,3,3,3,"160,000"
 Nairobi, Lavington,4,3,3,5,"200,000"
 Mombasa, Nyali,3,4,4,3,"150,000"
 Nairobi, Nairobi Central,3,4,4,,"300,000"
 Mombasa, Nyali,3,4,3,2,"65,000"
 Nairobi, Nairobi Central,,,,,"13,000"
 Nairobi, Westlands,1,1,1,1,"140,000"
 Mombasa, Nyali,4,2,3,2,"70,000"
 Nairobi, Lavington,4,5,5,3,"150,000"
,,1,1,1,,"70,000"
,,3,3,4,2,"125,000"
,,3,3,3,2,"150,000"
,,1,1,1,,"40,000"
,,3,3,4,2,"150,000"
,,1,1,1,1,"40,000"
 Kiambu, Township E,5,5,5,4,"120,000"
,,5,4,4,5,"150,000"
 Kiambu, Ruiru,4,3,3,,"140,000"
 Nairobi, Lavington,4,4,4,3,"150,000"
,,3,2,2,2,"80,000"
,,6,5,5,6,"300,000"
 Nairobi, Westlands,4,5,10,480,"310,000"
 Nairobi, Kileleshwa,5,5,5,3,"250,000"
 Nairobi, Lavington,3,4,4,2,"180,000"
 Nairobi, Lavington,2,2,2,2,"75,000"
 Nairobi, Kileleshwa,3,5,3,2,"170,000"
 Nairobi, Westlands,3,2,2,2,"200,000"
 Mombasa, Shimanzi,,,,,"120,000"
,,1,1,1,1,"85,000"
 Nairobi, Westlands,5,5,5,,"170,000"
 Mombasa, Nyali,3,3,2,"2,500","150,000"
,,1,1,1,1,"130,000"
 Nairobi, Kilimani,4,3,3,3,"110,000"
 Nairobi, Kilimani,3,3,3,,"250,000"
,,3,3,3,2,"100,000"
 Nairobi, Westlands,2,2,2,2,"200,000"
 Nairobi, Nairobi Central,4,4,5,,"300,000"
 Nairobi, Kilimani,3,2,2,2,"160,000"
 Nairobi, Lavington,4,3,3,4,"180,000"
 Nairobi Central, Along Moi Avenue,1,1,,,"250,000"
 Westlands, Runda,2,2,2,2,"150,000"
 Westlands, Runda,1,1,1,1,"40,000"
 Kiambu, Ruaka,3,2,2,2,"54,000"
 Nairobi, Githurai,1,1,,,"8,500"
 Githurai, Githurai 44,,,,,"6,500"
,,2,3,3,2,"70,000"
,,3,3,3,3,"130,000"
,,2,2,2,1,"160,000"
 Nairobi, Westlands,2,2,2,2,"120,000"
 Nairobi, Kilimani,1,2,2,1,"115,000"
 Near Pcea Mukuyu Church, Behind Spur Mall,1,1,1,,"13,000"
 Ruiru, Near Ku Ruiru Campus,1,1,,,"6,000"
 Ruiru, Kihunguro Behind Plainsview Hospital,2,2,2,1,"23,000"
 Nairobi, Westlands,3,3,3,3,"180,000"
 Nairobi, Westlands,2,2,2,2,"70,000"
,,1,1,1,1,"130,000"
 Nairobi, Kileleshwa,5,5,5,5,"230,000"
 Nairobi, Kasarani,3,2,3,2,"55,000"
 Nairobi, Kileleshwa,1,1,1,1,"50,000"
,,3,3,3,3,"100,000"
 Nairobi, Westlands,3,3,3,3,"250,000"
 Nairobi, Karen,5,5,5,5,"450,000"
 Nairobi, Kilimani,2,2,2,3,"230,000"
 Nairobi, Kilimani,2,2,6,170,"80,000"
 Nairobi, Westlands,2,2,2,2,"40,000"
 Nairobi, Ngara,2,1,1,2,"40,000"
 Nairobi, Westlands,3,4,4,3,"150,000"
,,1,1,1,1,"130,000"
 Muthaiga, Muthaiga North,4,2,3,,"104,000"
 Nairobi, Parklands,3,2,3,2,"95,000"
 Nairobi, Mountain View,5,6,6,4,"190,000"
 Nairobi, Kileleshwa,1,1,1,1,"110,000"
 Nairobi, Kileleshwa,2,2,2,2,"200,000"
 Nairobi, Westlands,3,2,2,3,"90,000"
 Nairobi, Lavington,3,3,3,200,"90,000"
 Mombasa, Nyali,3,4,4,2,"100,000"
 Westlands, Loresho,4,4,5,4,"140,000"
 Nairobi, Westlands,4,4,4,3,"140,000"
 Nairobi, Westlands,2,2,2,2,"60,000"
 Nairobi, Westlands,3,2,2,2,"65,000"
 Nairobi, Parklands,3,2,2,2,"90,000"
 Nairobi, Kileleshwa,3,2,2,2,"70,000"
,,4,4,4,2,"350,000"
 Mombasa, Nyali,4,4,4,3,"165,000"
 Nairobi, Westlands,2,2,2,2,"50,000"
 Mombasa, Nyali,2,2,2,2,"130,000"
,,3,3,3,2,"100,000"
 Nairobi, Nairobi Central,2,2,1,1,"50,000"
,,1,1,1,1,"120,000"
,,2,2,2,2,"150,000"
,,4,4,4,2,"160,000"
,,2,2,2,2,"150,000"
 Nairobi, Westlands,3,3,3,2,"85,000"
 Nairobi, Lavington,3,3,4,2,"110,000"
 Nairobi, Westlands,2,2,3,2,"60,500"
,,3,3,3,2,"100,000"
,,3,3,3,2,"90,000"
 Nairobi, Westlands,4,4,4,2,"100,000"
 Nairobi, Westlands,2,2,2,,"500,000"
,,3,3,3,2,"150,000"
 Nairobi, Parklands,3,2,2,2,"90,000"
,,2,3,3,2,"110,000"
 Nairobi, Kileleshwa,1,2,2,2,"65,000"
 Nairobi, Westlands,2,2,2,2,"100,000"
 Nairobi, Westlands,4,5,5,4,"250,000"
,,2,2,2,2,"140,000"
 Nairobi, Kileleshwa,3,3,3,3,"75,000"
 Nairobi, Westlands,3,3,3,3,"135,000"
 Nairobi, Lavington,3,3,3,3,"130,000"
 Nairobi, Kileleshwa,5,4,4,3,"150,000"
 Nairobi, Kilimani,3,3,2,3,"80,000"
 Mombasa, Nyali,3,4,2,"2,500","90,000"
 Nairobi, Kileleshwa,2,2,2,2,"50,000"
 Nairobi, Muthaiga,5,4,4,3,"250,000"
 Mombasa, Nyali,2,2,2,2,"85,000"
 Nairobi, Westlands,1,1,1,52,"40,000"
 Nairobi, Westlands,1,1,1,86,"50,000"
 Nairobi, Westlands,1,1,3,60,"35,000"
 Nairobi, Kileleshwa,1,1,1,1,"50,000"
 Nairobi, Kileleshwa,2,2,2,2,"70,000"
 Nairobi, Lavington,1,1,1,67,"20,000"
 Nairobi, Westlands,1,1,1,1,"45,000"
 Nairobi, Kileleshwa,1,1,1,1,"50,000"
 Nairobi, Kilimani,2,3,3,2,"90,000"
 Nairobi, Parklands,2,2,2,2,"100,000"
,,2,2,2,2,"90,000"
 Nairobi, Kilimani,2,2,2,2,"80,000"
 Kiambu, Thika,4,4,4,4,"130,000"
,,1,2,2,3,"65,000"
 Nairobi, Ngara,3,3,3,2,"70,000"
 Nairobi, Westlands,5,3,4,3,"225,000"
 Nairobi, Westlands,3,3,3,254,"225,000"
 Nairobi, Westlands,4,4,5,4,"230,000"
 Nairobi, Westlands,1,1,1,1,"85,000"
 Nairobi, Westlands,2,2,2,2,"140,000"
 Nairobi, Westlands,1,1,1,1,"110,000"
 Nairobi, Westlands,3,3,3,3,"65,000"
 Nairobi, Kilimani,3,2,2,2,"80,000"
 Nairobi, Westlands,3,2,2,3,"85,000"
 Nairobi, Westlands,2,2,2,2,"65,000"
 Nairobi, Westlands,3,2,2,2,"65,000"
 Nairobi, Westlands,4,3,3,3,"150,000"
 Kiambu, Thika,3,2,2,2,"75,000"
 Nairobi, Westlands,3,2,2,2,"65,000"
 Nairobi, Westlands,2,2,2,2,"45,000"
 Nairobi, Ngara,3,2,2,2,"60,000"
 Nairobi, Ngara,2,2,2,2,"40,000"
 Nairobi, Parklands,3,1,1,133,"55,000"
 Nairobi, Parklands,1,1,1,1,"35,000"
 Nairobi, Ngara,1,1,1,1,"35,000"
 Nairobi, Ngara,2,2,2,2,"40,000"
 Nairobi, Parklands,1,1,1,2,"38,000"
 Nairobi, Parklands,3,3,3,2,"95,000"
 Nairobi, Parklands,2,2,1,1,"50,000"
 Nairobi, Ngara,2,1,1,1,"40,000"
 Nairobi, Westlands,1,1,1,1,"45,000"
 Nairobi, Parklands,3,1,1,2,"50,000"
 Nairobi, Parklands,3,2,2,2,"55,000"
 Nairobi, Westlands,1,1,1,1,"50,000"
 Nairobi, Lavington,3,3,3,3,"105,000"
 Nairobi, Westlands,2,2,2,2,"95,000"
 Nairobi, Westlands,2,2,2,2,"175,000"
 Nairobi, Kilimani,1,1,1,1,"140,000"
 Nairobi, Embakasi,3,3,3,3,"50,000"
 Mombasa, Nyali,1,1,1,2,"65,000"
 Nairobi, Westlands,4,3,3,3,"190,000"
 Nairobi, Westlands,3,3,3,3,"110,000"
,,2,2,2,2,"140,000"
 Nairobi, Kileleshwa,3,3,3,2,"90,000"
 Kiambu, Kikuyu,2,2,2,2,"25,000"
 Kiambu, Kikuyu,2,1,1,2,"23,000"
 Nairobi, Westlands,2,2,2,2,"120,000"
 Nairobi, Lavington,3,3,3,3,"90,000"
 Mombasa, Nyali,3,4,4,3,"175,000"
 Mombasa, Nyali,3,4,3,3,"88,000"
 Mombasa, Nyali,3,4,4,3,"150,000"
,,2,2,2,2,"80,000"
 Nairobi, Westlands,3,2,2,3,"65,000"
 Nairobi, Parklands,3,2,2,2,"55,000"
 Nairobi, Parklands,3,2,2,2,"60,000"
 Nairobi, Westlands,1,1,1,2,"120,000"
 Nairobi, Westlands,2,2,2,2,"140,000"
 Nairobi, Westlands,2,2,1,2,"50,000"
 Nairobi, Parklands,4,3,3,3,"80,000"
 Parklands, Near Diamond Plaza,2,1,1,1,"50,000"
 Nairobi, Westlands,1,2,2,1,"150,000"
 Kiambu, Kikuyu,2,2,2,2,"23,000"
 Kiambu, Kikuyu,1,1,1,1,"18,500"
 Nairobi, Lavington,5,5,6,,"200,000"
 Nairobi, Westlands,1,1,1,69,"70,000"
 Nairobi, Lavington,4,4,3,3,"90,000"
 Nairobi, Kilimani,2,2,2,2,"65,000"
 Nairobi, Lavington,3,2,2,3,"90,000"
 Nairobi, Westlands,2,1,1,2,"110,000"
,,1,2,2,1,"130,000"
,,3,2,2,,"140,000"
,,2,2,2,,"150,000"
,,2,2,2,2,"75,000"
,,3,4,4,3,"85,000"
 Mombasa, Nyali,3,4,4,3,"165,000"
 Nairobi, Parklands,4,3,3,2,"100,000"
 Nairobi, Westlands,3,2,2,2,"85,000"
 Nairobi, Kilimani,2,3,3,2,"85,000"
 Nairobi, Kileleshwa,2,2,2,2,"65,000"
 Nairobi, Westlands,3,3,3,2,"80,000"
 Nairobi, Westlands,1,1,1,1,"30,000"
 Nairobi, Westlands,4,3,3,3,"95,000"
 Nairobi, Westlands,3,2,2,3,"70,000"
 Nairobi, Kileleshwa,5,4,4,4,"275,000"
 Mombasa, Nyali,3,4,4,3,"215,000"
 Westlands, Runda,5,4,4,4,"250,000"
 Mombasa, Nyali,3,4,4,3,"165,000"
,,3,3,3,2,"80,000"
 Kilimani, Chiromo,2,2,2,2,"100,000"
 Mombasa, Nyali,3,4,4,3,"110,000"
 Kilimani, Chiromo,2,2,2,2,"70,000"
,,2,3,3,2,"80,000"
,,3,3,3,2,"230,000"
,,1,1,1,1,"105,000"
 Nairobi, Lavington,4,4,4,3,"120,000"
,,3,2,2,2,"190,000"
,,1,1,1,1,"120,000"
,,1,2,2,1,"105,000"
 Nairobi, Westlands,4,4,4,,"150,000"
 Nairobi, Westlands,3,4,4,,"130,000"
 Nairobi, Westlands,4,3,3,3,"250,000"
 Nairobi, Westlands,3,3,3,3,"150,000"
,,1,1,1,1,"120,000"
 Nairobi, Spring Valley,5,6,6,4,"280,000"
 Nairobi, Westlands,3,4,4,3,"160,000"
 Nairobi, Githurai,2,1,,,"10,000"
 Nairobi, Westlands,3,4,4,2,"150,000"
,,1,2,2,1,"110,000"
,,1,2,2,1,"130,000"
 Nairobi, Westlands,3,4,4,3,"230,000"
,,3,3,3,2,"120,000"
 Nairobi, Githurai,1,,,,"6,500"
 Nairobi, Kasarani,3,,,,"45,000"
 Nairobi, Githurai,2,1,1,,"10,000"
 Nairobi, Kilimani,2,2,2,2,"65,000"
,,4,3,3,3,"105,000"
 Nairobi, Kilimani,3,3,3,2,"95,000"
,,1,1,1,1,"60,000"
 Nairobi, Westlands,3,2,2,2,"75,000"
 Nairobi, Westlands,2,3,3,2,"80,000"
 Nairobi, Westlands,4,2,2,2,"130,000"
 Nairobi, Westlands,2,3,3,2,"90,000"
 Westlands, Runda,3,3,3,2,"140,000"
 Nairobi, Westlands,3,3,3,2,"190,000"
 Nairobi, Westlands,3,3,4,2,"200,000"
 Nairobi, Nairobi West,3,4,4,2,"160,000"
 Nairobi, Nairobi West,3,4,4,2,"130,000"
 Nairobi, Nairobi West,2,3,3,2,"130,000"
 Nairobi, Westlands,2,3,3,2,"120,000"
 Nairobi, Westlands,2,3,3,2,"110,000"
 Nairobi, Nairobi West,4,5,5,3,"150,000"
 Nairobi, Westlands,3,4,4,3,"220,000"
,,4,4,5,3,"180,000"
,,4,5,5,3,"180,000"
 Nairobi, Nairobi West,2,3,3,2,"200,000"
 Nairobi, Westlands,2,3,3,2,"200,000"
 Westlands, Runda,3,4,4,3,"230,000"
 Nairobi, Westlands,3,4,4,3,"130,000"
 Mombasa, Nyali,1,1,1,2,"120,000"
 Mombasa, Nyali,3,3,3,2,"60,000"
 Nairobi, Westlands,2,2,2,2,"65,000"
 Nairobi, Githurai,1,1,1,,"8,000"
 Githurai, Githurai 44,2,1,1,,"12,000"
 Nairobi, Kileleshwa,2,1,1,3,"60,000"
 Mombasa, Nyali,3,3,3,2,"90,000"
 Mombasa, Nyali,1,1,2,2,"100,000"
 Mombasa, Nyali,2,2,2,"2,000","45,000"
 Mombasa, Nyali,3,2,2,2,"45,000"
,,4,3,3,4,"180,000"
 Mombasa, Nyali,3,3,3,3,"180,000"
 Kiambu, Kikuyu,2,2,2,2,"42,000"
 Kiambu, Kikuyu,1,1,1,,"20,000"
 Kiambu, Kikuyu,1,1,1,1,"15,000"
 Nairobi, Lavington,2,3,3,2,"80,000"
 Kiambu, Kikuyu,3,2,2,2,"60,000"
 Kiambu, Kikuyu,2,2,2,,"30,000"
 Kiambu, Kikuyu,1,1,1,,"25,000"
,,3,4,4,,"240,000"
,,2,2,2,,"100,000"
 Mombasa, Nyali,2,2,2,"2,500","120,000"
,,3,2,2,,"110,000"
,,3,3,3,,"110,000"
 Nairobi, Westlands,3,3,3,,"100,000"
 Nairobi, Kilimani,1,2,2,,"70,000"
 Nairobi, Kilimani,2,3,3,,"80,000"
 Nairobi, Westlands,2,33,,,"80,000"
,,2,2,2,,"80,000"
 Nairobi, Westlands,2,3,3,,"1,200,002"
 Nairobi, Spring Valley,3,3,3,3,"180,000"
,,2,3,3,2,"75,000"
,,5,6,6,5,"400,000"
,,3,3,4,,"170,000"
,,5,6,6,3,"230,000"
 Mombasa, Nyali,3,3,3,"2,500","65,000"
 Mombasa, Nyali,3,3,"25,000",,"50,000"
,,2,3,3,3,"160,000"
 Nairobi, Kilimani,2,2,2,2,"90,000"
 Ruiru, Kihunguro,2,1,1,,"26,000"
 Ruiru, Thika  Road,1,1,1,1,"23,000"
,,4,5,2,,"150,000"
 Mombasa, Bamburi,3,3,2,,"120,000"
 Nairobi, Githurai,1,,,,"6,500"
 Nairobi, Githurai,1,1,1,,"10,000"
 Nairobi, Spring Valley,2,3,3,3,"90,000"
 Nairobi, Westlands,3,2,2,2,"75,000"
,,2,2,2,2,"200,000"
 Nairobi, Westlands,3,3,3,3,"80,000"
,,3,3,4,3,"150,000"
 Nairobi, Kitisuru,4,4,4,5,"170,000"
 Nairobi, Westlands,2,2,2,2,"65,000"
,,2,2,2,1,"65,000"
,,3,4,4,2,"200,000"
,,3,2,2,3,"65,000"
,,3,3,3,3,"80,000"
,,3,4,4,3,"85,000"
,,4,3,3,6,"350,000"
,,4,4,4,5,"200,000"
,,3,3,3,4,"180,000"
 Nairobi, Westlands,3,3,3,2,"135,000"
 Nairobi, Lavington,3,2,2,2,"110,000"
 Nairobi, Parklands,2,2,2,2,"80,000"
 Nairobi, Kileleshwa,5,3,4,2,"100,000"
 Nairobi, Kileleshwa,1,1,1,2,"110,000"
 Nairobi, Umoja,"3,035",,,,"300,000"
 Nairobi Central, Kiambu Road,3,2,3,4,"100,000"
 Nairobi, Westlands,3,2,2,3,"85,000"
 Westlands, Loresho,5,3,3,,"200,000"
,,,,,,"70,000"
,,1,2,2,,"100,000"
,,,,,,"83,000"
,,,,,,"65,000"
,,2,3,3,,"65,000"
 Nairobi, Lavington,3,4,4,,"90,000"
,,3,3,3,,"75,000"
,,3,3,3,,"75,000"
,,3,4,4,,"115,000"
 Nairobi, Westlands,3,4,4,,"115,000"
,,3,3,3,,"90,000"
 Nairobi, Westlands,2,2,2,,"60,000"
,,4,3,3,,"120,000"
,,4,3,4,,"120,000"
 Nairobi, Westlands,3,3,3,,"80,000"
 Nairobi, Westlands,3,3,3,3,"65,000"
,,2,3,3,2,"80,000"
 Nairobi, Westlands,2,3,3,,"175,000"
 Nairobi, Westlands,2,3,3,,"65,000"
 Westlands, Runda,5,6,6,4,"250,000"
 Nairobi, Kileleshwa,3,3,3,,"75,000"
 Nairobi, Kileleshwa,4,3,3,3,"120,000"
 Nairobi, Kileleshwa,3,3,4,3,"70,000"
 Nairobi, Westlands,5,6,6,4,"380,000"
 Nairobi, Westlands,3,2,2,3,"70,000"
,,3,3,3,,"100,000"
,,3,3,4,2,"95,000"
,,2,3,3,2,"150,000"
 Kiambu, Ruiru,1,1,1,,"19,500"
 Ruiru, Kahawa Sukari Engen,2,,,,"30,000"
 Ruiru, Near Total Petrol Station,2,2,,,"23,000"
 Kiambu, Ruiru,2,1,1,,"18,800"
 Kiambu, Ruiru,1,1,1,,"23,000"
 Nairobi, Westlands,3,,,,"180,000"
 Nairobi, Parklands,,,,,110
 Kiambu, Limuru Central,,,,,130
 Nairobi, Westlands,,,,,90
 Westlands, Runda,,,,,100
 Nairobi, Makadara,,,,,42
 Nairobi, Westlands,,,,,90
 Nairobi, Embakasi,,,,,48
 Machakos, Syokimau/Mulolongo,,,,,"350,000"
 Nakuru, Dundori,,,,,55
 Nairobi, Parklands,,,,,160
 Nairobi, Karura,2,2,,,"2,900"
