Price,Bedrooms,Bathrooms,City,Location
"155,000",4.0,4.0,Nairobi,General Mathenge
"100,000",3.0,4.0,Nairobi,Kilimani
"75,000",3.0,5.0,Nairobi, Lavington
"135,000",3.0,4.0,Nairobi,Kilimani
"50,000",3.0,,Nairobi,Imara Daima
"150,000",2.0,,Nairobi,Waiyaki Way
"100,000",2.0,3.0,Nairobi, Kilimani
"100,000",3.0,3.0,Nairobi,Westlands Area
"85,000",4.0,,Nairobi,Thika Road
"65,000",2.0,2.0,Nairobi,Kilimani
"95,000",2.0,2.0,Nairobi, Rhapta Road
"75,000",3.0,3.0,Nairobi,Thindigua
"65,000",3.0,2.0,Nairobi,Kileleshwa
"85,000",1.0,1.0,Nairobi,Riverside
"220,000",3.0,3.0,Nairobi, Riverside
"120,000",3.0,3.0,Nairobi,Parklands
"50,000",0.0,1.0,Nairobi,Waiyaki Way
"85,000",2.0,2.0,Nairobi, Lavington
"12,000",1.0,1.0,Nairobi, Nyali Area
"13,000",0.0,,Nairobi, Waiyaki Way
"13,000",2.0,1.0,Nairobi, Ruaka
"13,000",0.0,1.0,Nairobi,Ruaka
"13,000",1.0,1.0,Nairobi, Bamburi
"14,000",2.0,1.0,Nairobi, Ruaka
"15,000",2.0,1.0,Nairobi,Ruaka
"15,000",1.0,1.0,Nairobi, Uthiru/Ruthimitu
"15,000",0.0,1.0,Nairobi,Kiambu Road
"15,000",2.0,1.0,Nairobi, Zimmermann
"16,000",2.0,2.0,Nairobi, Ruaka
"16,000",1.0,1.0,Nairobi,Kasarani Area
"16,000",2.0,1.0,Nairobi, Uthiru/Ruthimitu
"16,000",1.0,1.0,Nairobi,Ngong
"16,000",1.0,1.0,Nairobi, Ruaka
"98,000",3.0,3.0,Nairobi, Kilimani
"200,000",3.0,3.0,Nairobi,General Mathenge
"16,000",1.0,1.0,Nairobi, Kasarani Area
"16,000",1.0,,Nairobi,Ruaka
"17,000",1.0,,Nairobi,Athi River Area
"17,000",1.0,1.0,Nairobi,Sub zone
"17,000",2.0,2.0,Nairobi, Ruaka
"17,000",2.0,2.0,Nairobi,Ruaka
"17,000",2.0,,Nairobi, Ngong
"17,500",1.0,,Nairobi,Imara Daima
"18,000",2.0,2.0,Nairobi, Ruaka
"18,000",1.0,1.0,Nairobi, Nyali Area
"18,000",1.0,1.0,Nairobi, Kikuyu Town
"19,000",1.0,1.0,Nairobi, Nyali Area
"20,000",1.0,,Nairobi, Kitisuru
"20,000",1.0,1.0,Nairobi, Riruta
"20,000",2.0,,Nairobi, Kasarani Area
"70,000",2.0,2.0,Nairobi,Kilimani
"75,000",2.0,2.0,Nairobi, Kilimani
"20,000",1.0,1.0,Nairobi, Ruaka
"20,000",2.0,2.0,Nairobi, Ruiru
"20,000",1.0,1.0,Nairobi,Ruaka
"20,000",1.0,1.0,Nairobi, Nyali Area
"20,000",2.0,2.0,Nairobi, Ruaka
"20,000",1.0,1.0,Nairobi, Nyali Area
"20,000",1.0,1.0,Nairobi, Ruaka
"20,000",2.0,,Nairobi,Ongata Rongai
"20,000",2.0,2.0,Nairobi,Kisumu Central Area
"22,000",2.0,2.0,Nairobi,Kikuyu Town
"22,000",2.0,1.0,Nairobi, Kabete Area
"22,000",2.0,1.0,Nairobi,Ngong
"280,000",3.0,,Nairobi,Riverside
"18,000",1.0,1.0,Nairobi, Kikuyu Town
"23,000",1.0,1.0,Nairobi, Ruaka
"23,000",2.0,2.0,Nairobi,Kisumu Central Area
"24,000",2.0,2.0,Nairobi,Utawala
"24,000",,,Nairobi,Nairobi West
"24,000",2.0,2.0,Nairobi, Frere Town
"25,000",3.0,2.0,Nairobi, Thika
"25,000",2.0,,Nairobi, Ruaka
"25,000",1.0,1.0,Nairobi,Ruaka
"25,000",2.0,2.0,Nairobi,Imara Daima
"25,000",2.0,2.0,Nairobi, Kikuyu Town
"25,000",2.0,1.0,Nairobi, Dagoretti Corner
"25,000",2.0,,Nairobi,Nyali Area
"25,000",1.0,,Nairobi,Ruaka
"100,000",3.0,3.0,Nairobi, Kileleshwa
"25,000",1.0,,Nairobi,Ruaka
"25,000",1.0,1.0,Nairobi, Ruaka
"25,000",2.0,1.0,Nairobi, Ruiru
"26,000",1.0,,Nairobi, Garden Estate
"27,000",1.0,1.0,Nairobi, Ngumo Estate
"28,000",2.0,2.0,Nairobi,Ruaka
"28,000",2.0,2.0,Nairobi,Syokimau
"28,000",1.0,1.0,Nairobi, Nyali Area
"28,000",2.0,2.0,Nairobi,Kikuyu Town
"28,000",2.0,2.0,Nairobi, Ruaka
"28,000",2.0,2.0,Nairobi, Mombasa Road
"28,000",2.0,2.0,Nairobi, Ziwa La Ngombe
"28,000",2.0,2.0,Nairobi, Nyali Area
"28,000",2.0,2.0,Nairobi,Syokimau
"200,000",5.0,5.0,Nairobi, Kilimani
"28,000",2.0,2.0,Nairobi, Ruaka
"30,000",1.0,1.0,Nairobi,Kisumu West
"30,000",2.0,1.0,Nairobi, Kiambu Road
"30,000",2.0,2.0,Nairobi, Thika East
"30,000",1.0,1.0,Nairobi, Karen
"30,000",0.0,,Nairobi,Kileleshwa
"30,000",2.0,2.0,Nairobi, Ruaka
"30,000",2.0,2.0,Nairobi, Ruaka
"30,000",1.0,1.0,Nairobi, Parklands
"30,000",3.0,3.0,Nairobi, Ziwa La Ngombe
"30,000",2.0,3.0,Nairobi, Mtwapa
"30,000",1.0,1.0,Nairobi, Ngong Road
"30,000",2.0,,Nairobi,New Kitusuru
"30,000",1.0,1.0,Nairobi, Ruaka
"30,000",3.0,2.0,Nairobi,Syokimau
"175,000",2.0,2.0,Nairobi,Thigiri
"145,000",3.0,5.0,Nairobi, Riverside
"30,000",2.0,2.0,Nairobi,Mombasa Road
"30,000",2.0,2.0,Nairobi, Imara Daima
"30,000",2.0,2.0,Nairobi, Kiambu Town
"32,000",2.0,2.0,Nairobi,Ruaka
"32,000",1.0,1.0,Nairobi, Ngong Road
"32,500",2.0,2.0,Nairobi, Ruaka
"33,000",3.0,2.0,Nairobi, Syokimau
"33,000",3.0,2.0,Nairobi, Ngong
"33,500",3.0,3.0,Nairobi, Eldoret North
"35,000",,,Nairobi,Ruaka
"35,000",2.0,3.0,Nairobi, Windsor
"35,000",,,Nairobi,Nairobi West
"35,000",1.0,,Nairobi,Kileleshwa
"35,000",1.0,1.0,Nairobi,Kiambu Road
"130,000",2.0,2.0,Nairobi, Kileleshwa
"35,000",1.0,1.0,Nairobi, Kiambu Road
"35,000",2.0,,Nairobi,Imara Daima
"35,000",3.0,2.0,Nairobi, Syokimau
"35,000",2.0,2.0,Nairobi,Imara Daima
"35,000",2.0,2.0,Nairobi,Lower Kabete
"35,000",2.0,2.0,Nairobi, Ruaka
"35,000",2.0,2.0,Nairobi,Kahawa Sukari
"35,000",2.0,1.0,Nairobi,Langata Area
"35,000",3.0,2.0,Nairobi, Nyali Area
"35,000",2.0,2.0,Nairobi,Imara Daima
"35,000",0.0,,Nairobi, Kilimani
"35,000",3.0,2.0,Nairobi, Syokimau
"35,000",3.0,2.0,Nairobi, Baraka/Nyayo
"35,000",3.0,3.0,Nairobi,Syokimau
"90,000",3.0,3.0,Nairobi, Lavington
"100,000",3.0,3.0,Nairobi, Kilimani
"35,000",2.0,1.0,Nairobi, Ruaka
"35,000",2.0,,Nairobi, Ngara
"35,000",2.0,2.0,Nairobi, Mkomani
"35,000",1.0,1.0,Nairobi,Westlands Area
"35,000",2.0,,Nairobi,Garden Estate
"35,000",3.0,2.0,Nairobi,Syokimau
"35,750",2.0,2.0,Nairobi, Ruiru
"37,000",2.0,2.0,Nairobi, Ruaka
"38,000",2.0,2.0,Nairobi, Ruaka
"38,000",2.0,2.0,Nairobi,Ruaka
"38,000",2.0,2.0,Nairobi, Mountain View
"38,000",3.0,2.0,Nairobi, Kinoo
"38,000",2.0,2.0,Nairobi, Ruaka
"38,000",3.0,2.0,Nairobi,Ruaka
"38,000",2.0,1.0,Nairobi, Riverside
"240,000",3.0,2.0,Nairobi, Upper Hill
"85,000",3.0,3.0,Nairobi, Kileleshwa
"38,000",1.0,1.0,Nairobi, Upper Hill
"38,000",2.0,2.0,Nairobi,Ruaka
"39,000",2.0,1.0,Nairobi, Ngumo Estate
"40,000",2.0,2.0,Nairobi, Ruaka
"40,000",3.0,2.0,Nairobi, Ongata Rongai
"40,000",3.0,3.0,Nairobi, Nyali Area
"40,000",3.0,3.0,Nairobi, Nyali Area
"40,000",1.0,1.0,Nairobi, Naivasha Road
"40,000",2.0,2.0,Nairobi, Ruaka
"40,000",2.0,2.0,Nairobi,Ngara
"40,000",3.0,1.0,Nairobi, Madaraka
"40,000",3.0,2.0,Nairobi, Nyali Area
"40,000",2.0,2.0,Nairobi,Naivasha Road
"40,000",2.0,2.0,Nairobi, Thindigua
"40,000",2.0,2.0,Nairobi, Thindigua
"40,000",1.0,1.0,Nairobi, Kilimani
"40,000",3.0,1.0,Nairobi,Parklands
"40,000",2.0,,Nairobi,Naivasha Road
"40,000",2.0,2.0,Nairobi,Kamiti
"40,000",2.0,,Nairobi,Thika Road
"40,000",2.0,1.0,Nairobi,Madaraka
"40,000",3.0,,Nairobi, Riruta
"40,000",2.0,2.0,Nairobi,Ruaka
"40,000",2.0,2.0,Nairobi, Ruaka
"40,000",2.0,2.0,Nairobi, Ruaka
"40,000",3.0,2.0,Nairobi, Ruaka
"40,000",3.0,2.0,Nairobi, Ruaka
"40,000",2.0,1.0,Nairobi,Makadara
"40,000",2.0,2.0,Nairobi, Naivasha Road
"40,000",2.0,2.0,Nairobi,Ruaka
"40,000",1.0,1.0,Nairobi, Lavington
"40,000",2.0,2.0,Nairobi, Karen
"40,000",3.0,2.0,Nairobi,Koma Rock
"40,000",2.0,2.0,Nairobi,Ruaka
"40,000",3.0,2.0,Nairobi, Syokimau
"42,000",3.0,2.0,Nairobi,Ruaka
"42,500",2.0,1.0,Nairobi, Dagoretti Corner
"43,000",2.0,2.0,Nairobi, Garden Estate
"43,000",2.0,3.0,Nairobi, Thika Road
"43,000",2.0,2.0,Nairobi, Ruaka
"43,500",2.0,2.0,Nairobi,Naivasha Road
"44,000",2.0,1.0,Nairobi, Ngara
"44,000",2.0,4.0,Nairobi,Mombasa Road
"45,000",1.0,1.0,Nairobi, Ngong Road
"45,000",2.0,2.0,Nairobi, Ruaka
"45,000",3.0,2.0,Nairobi,Naivasha Road
"45,000",2.0,2.0,Nairobi, Kahawa West
"45,000",2.0,2.0,Nairobi, Karen
"45,000",2.0,2.0,Nairobi,Kileleshwa
"45,000",3.0,,Nairobi,Ruaka
"45,000",2.0,,Nairobi,Ruaka
"45,000",3.0,2.0,Nairobi, Kitisuru
"45,000",2.0,,Nairobi,Nairobi West
"45,000",3.0,,Nairobi,Kasarani Area
"45,000",3.0,,Nairobi,Syokimau
"45,000",3.0,,Nairobi,Syokimau
"45,000",3.0,,Nairobi, Ngara
"45,000",2.0,2.0,Nairobi,Thindigua
"45,000",2.0,2.0,Nairobi,Ruaka
"45,000",3.0,2.0,Nairobi, Ziwa La Ngombe
"45,000",2.0,2.0,Nairobi,Langata Area
"45,000",2.0,2.0,Nairobi,Langata Area
"45,000",1.0,1.0,Nairobi, Lavington
"45,000",3.0,,Nairobi,Imara Daima
"45,000",3.0,4.0,Nairobi,Syokimau
"45,000",2.0,2.0,Nairobi,Kiambu Road
"45,000",4.0,4.0,Nairobi, Juja
"45,000",3.0,2.0,Nairobi, Ruaka
"45,000",2.0,2.0,Nairobi, Ruaka
"45,000",3.0,3.0,Nairobi, Nyali Area
"45,000",2.0,1.0,Nairobi,Ngong Road
"45,000",1.0,1.0,Nairobi, Kileleshwa
"45,000",2.0,,Nairobi,Langata Area
"45,000",1.0,1.0,Nairobi, Kilimani
"45,000",2.0,,Nairobi,Parklands
"45,000",3.0,,Nairobi,Karen
"45,000",2.0,2.0,Nairobi,Kiambu Road
"45,000",2.0,,Nairobi, Parklands
"45,000",3.0,2.0,Nairobi, Mountain View
"45,000",3.0,2.0,Nairobi, Mountain View
"46,500",2.0,2.0,Nairobi,Kiambu Road
"47,000",3.0,2.0,Nairobi,Ruaka
"48,000",2.0,,Nairobi, Nairobi West
"48,000",2.0,3.0,Nairobi,Ngong Road
"48,000",1.0,1.0,Nairobi,Kilimani
"48,000",2.0,1.0,Nairobi, Madaraka
"48,000",2.0,2.0,Nairobi, Karen
"48,000",3.0,2.0,Nairobi, South B
"50,000",3.0,2.0,Nairobi, Ruaka
"50,000",3.0,3.0,Nairobi, Nyali Area
"50,000",2.0,2.0,Nairobi,Waiyaki Way
"50,000",2.0,,Nairobi,Kileleshwa
"50,000",3.0,2.0,Nairobi, Kitisuru
"50,000",3.0,3.0,Nairobi, Kiambu Road
"50,000",3.0,1.0,Nairobi, Nairobi West
"50,000",3.0,2.0,Nairobi, Kamiti
"50,000",1.0,,Nairobi,Westlands Area
"50,000",2.0,2.0,Nairobi, Karen
"50,000",3.0,2.0,Nairobi, Ngong Road
"50,000",3.0,2.0,Nairobi,Ngong Road
"50,000",2.0,2.0,Nairobi, Kiambu Road
"50,000",2.0,2.0,Nairobi, Kiambu Road
"50,000",1.0,1.0,Nairobi, Kiambu Road
"50,000",3.0,,Nairobi,Imara Daima
"50,000",3.0,2.0,Nairobi,Nairobi West
"50,000",1.0,1.0,Nairobi,Rhapta Road
"50,000",3.0,3.0,Nairobi, Kiambu Road
"50,000",3.0,,Nairobi,Thindigua
"50,000",2.0,,Nairobi,Upper Hill
"50,000",3.0,2.0,Nairobi,Imara Daima
"50,000",2.0,1.0,Nairobi, Parklands
"50,000",1.0,1.0,Nairobi,Upper Hill
"50,000",3.0,3.0,Nairobi, Ngong
"50,000",3.0,3.0,Nairobi,Kiambu Road
"50,000",1.0,,Nairobi,Kilimani
"50,000",0.0,1.0,Nairobi,Waiyaki Way
"51,000",3.0,3.0,Nairobi,Ruaka
"52,000",2.0,2.0,Nairobi, Riara Road
"52,000",2.0,3.0,Nairobi, Kiambu Road
"52,000",2.0,2.0,Nairobi,Kiambu Road
"52,500",2.0,1.0,Nairobi, Kilimani
"54,000",3.0,3.0,Nairobi, Ruaka
"54,000",3.0,2.0,Nairobi,Ruaka
"55,000",2.0,2.0,Nairobi, Uthiru/Ruthimitu
"55,000",2.0,2.0,Nairobi,Kilimani
"55,000",1.0,1.0,Nairobi, Kileleshwa
"55,000",3.0,1.0,Nairobi, Waiyaki Way
"55,000",2.0,2.0,Nairobi,Kileleshwa
"55,000",1.0,2.0,Nairobi,Rhapta Road
"55,000",3.0,2.0,Nairobi,Kiambu Road
"55,000",3.0,3.0,Nairobi, Thindigua
"55,000",2.0,2.0,Nairobi,Kahawa West
"55,000",3.0,2.0,Nairobi, Naivasha Road
"55,000",2.0,2.0,Nairobi, Nyali Area
"55,000",2.0,2.0,Nairobi, Kiambu Road
"55,000",2.0,1.0,Nairobi, Ngong Road
"55,000",2.0,2.0,Nairobi,Lavington
"55,000",1.0,1.0,Nairobi, Kilimani
"55,000",3.0,2.0,Nairobi, Dagoretti Corner
"55,000",2.0,,Nairobi, Nyali Area
"55,000",3.0,3.0,Nairobi, Kiambu Road
"55,000",2.0,2.0,Nairobi,Loresho
"55,000",1.0,1.0,Nairobi,Kilimani
"55,000",3.0,2.0,Nairobi, Ruaka
"55,000",2.0,3.0,Nairobi,Loresho
"55,000",1.0,2.0,Nairobi,Kilimani
"55,000",2.0,2.0,Nairobi, Kilimani
"55,000",3.0,2.0,Nairobi,Lavington
"55,000",3.0,3.0,Nairobi,Kileleshwa
"55,000",1.0,1.0,Nairobi, Riverside
"55,000",2.0,2.0,Nairobi,Loresho
"55,000",3.0,2.0,Nairobi,Kahawa West
"55,000",3.0,2.0,Nairobi,Mombasa CBD
"55,000",1.0,2.0,Nairobi,Nyali Area
"55,000",3.0,,Nairobi,Kahawa West
"55,000",3.0,4.0,Nairobi,Kiambu Road
"55,000",3.0,,Nairobi,Kiambu Road
"55,000",2.0,2.0,Nairobi,Mountain View
"55,000",2.0,2.0,Nairobi,Kitisuru
"55,000",3.0,4.0,Nairobi, Nyali Area
"55,000",2.0,2.0,Nairobi,Kilimani
"55,000",2.0,2.0,Nairobi, New Kitusuru
"55,000",2.0,2.0,Nairobi, Karen
"55,000",2.0,2.0,Nairobi, Loresho
"55,000",3.0,3.0,Nairobi,Thindigua
"55,000",2.0,2.0,Nairobi,Lavington
"55,000",2.0,2.0,Nairobi, Kiambu Road
"55,000",1.0,1.0,Nairobi,Kilimani
"55,000",3.0,4.0,Nairobi,Kileleshwa
"55,000",3.0,3.0,Nairobi,Kileleshwa
"55,000",2.0,,Nairobi, State House
"55,000",2.0,,Nairobi,Kileleshwa
"55,000",2.0,2.0,Nairobi, Mkomani
"55,000",2.0,1.0,Nairobi,Upper Hill
"55,000",3.0,3.0,Nairobi, Kinoo
"56,000",3.0,2.0,Nairobi, Kiambu Road
"56,000",3.0,4.0,Nairobi,Thindigua
"57,750",4.0,2.0,Nairobi, Kahawa
"58,000",2.0,,Nairobi, Kileleshwa
"58,500",3.0,2.0,Nairobi, Parklands
"59,000",2.0,,Nairobi, Rhapta Road
"60,000",3.0,3.0,Nairobi,Loresho
"60,000",3.0,2.0,Nairobi,Naivasha Road
"60,000",1.0,1.0,Nairobi,Kilimani
"60,000",1.0,1.0,Nairobi, Kilimani
"60,000",3.0,2.0,Nairobi,Jamhuri
"60,000",2.0,2.0,Nairobi,Lavington
"60,000",2.0,1.0,Nairobi, Kilimani
"60,000",2.0,,Nairobi,Kileleshwa
"60,000",2.0,2.0,Nairobi,Riara Road
"60,000",2.0,,Nairobi, Lavington
"60,000",3.0,2.0,Nairobi, Kileleshwa
"60,000",2.0,2.0,Nairobi, Kileleshwa
"60,000",2.0,2.0,Nairobi, Kilimani
"60,000",2.0,2.0,Nairobi, Lavington
"60,000",1.0,1.0,Nairobi, Kileleshwa
"60,000",2.0,2.0,Nairobi, Loresho
"60,000",2.0,,Nairobi,Kilimani
"60,000",2.0,,Nairobi,Kileleshwa
"60,000",3.0,2.0,Nairobi,Loresho
"60,000",2.0,2.0,Nairobi,Westlands Area
"60,000",2.0,1.0,Nairobi,Kileleshwa
"60,000",3.0,2.0,Nairobi,Thindigua
"60,000",3.0,3.0,Nairobi, Ruaka
"60,000",2.0,2.0,Nairobi, Waiyaki Way
"60,000",3.0,2.0,Nairobi, Parklands
"60,000",3.0,2.0,Nairobi, Parklands
"60,000",2.0,2.0,Nairobi,Kileleshwa
"60,000",3.0,2.0,Nairobi,Lavington
"60,000",3.0,,Nairobi,Kileleshwa
"60,000",3.0,2.0,Nairobi,Rhapta Road
"60,000",2.0,2.0,Nairobi,Karen
"60,000",3.0,3.0,Nairobi,Waiyaki Way
"60,000",3.0,2.0,Nairobi,Kileleshwa
"60,000",4.0,4.0,Nairobi,Kiambu Road
"60,000",2.0,1.0,Nairobi,Karen
"60,000",2.0,2.0,Nairobi,Westlands Area
"60,000",3.0,,Nairobi,Ruaka
"60,000",3.0,2.0,Nairobi,Ngara
"60,000",1.0,1.0,Nairobi,Rhapta Road
"60,000",2.0,2.0,Nairobi,Ngong Road
"60,000",3.0,2.0,Nairobi, Ziwa La Ngombe
"60,000",2.0,2.0,Nairobi,Loresho
"60,000",2.0,2.0,Nairobi,Kileleshwa
"60,000",2.0,,Nairobi,Kileleshwa
"60,000",2.0,2.0,Nairobi,Kilimani
"60,000",2.0,,Nairobi,Kilimani
"60,000",3.0,2.0,Nairobi, Kiambu Road
"60,000",1.0,1.0,Nairobi, Westlands Area
"60,500",2.0,2.0,Nairobi, Loresho
"62,000",3.0,2.0,Nairobi,Ngong Road
"62,500",2.0,2.0,Nairobi, Westlands Area
"65,000",1.0,1.0,Nairobi,Kilimani
"65,000",1.0,1.0,Nairobi,Kilimani
"65,000",2.0,2.0,Nairobi, Kileleshwa
"65,000",2.0,1.0,Nairobi, Kilimani
"65,000",2.0,2.0,Nairobi, Lavington
"65,000",3.0,2.0,Nairobi, Nyali Area
"65,000",2.0,2.0,Nairobi, Kilimani
"65,000",3.0,2.0,Nairobi, Lavington
"65,000",2.0,2.0,Nairobi,Waiyaki Way
"65,000",3.0,3.0,Nairobi,Loresho
"65,000",2.0,,Nairobi,Kilimani
"65,000",2.0,2.0,Nairobi,Kileleshwa
"65,000",2.0,,Nairobi,Kilimani
"65,000",2.0,,Nairobi, Kilimani
"65,000",2.0,,Nairobi,Kilimani
"65,000",2.0,,Nairobi, Hurlingham
"65,000",1.0,,Nairobi,Kileleshwa
"65,000",3.0,2.0,Nairobi,Rhapta Road
"65,000",3.0,,Nairobi,Waiyaki Way
"65,000",2.0,1.0,Nairobi, Westlands Area
"65,000",3.0,,Nairobi, Langata Area
"65,000",1.0,1.0,Nairobi, Lavington
"65,000",1.0,1.0,Nairobi, Lavington
"65,000",2.0,2.0,Nairobi,Upper Hill
"65,000",2.0,2.0,Nairobi, Parklands
"65,000",2.0,2.0,Nairobi,Kileleshwa
"65,000",1.0,1.0,Nairobi,Kilimani
"65,000",3.0,2.0,Nairobi,Kileleshwa
"65,000",3.0,2.0,Nairobi, Riverside
"65,000",2.0,2.0,Nairobi, Kilimani
"65,000",3.0,2.0,Nairobi, Kileleshwa
"65,000",3.0,3.0,Nairobi,Waiyaki Way
"65,000",1.0,,Nairobi, Mombasa Road
"65,000",2.0,2.0,Nairobi, Lavington
"65,000",2.0,2.0,Nairobi, Westlands Area
"65,000",2.0,,Nairobi,Lavington
"65,000",2.0,3.0,Nairobi, Kilimani
"65,000",2.0,,Nairobi, Brookside
"65,000",3.0,,Nairobi,Nyali Area
"65,000",2.0,2.0,Nairobi,Kilimani
"65,000",2.0,2.0,Nairobi,Kilimani
"65,000",2.0,,Nairobi,Valley Arcade
"65,000",2.0,2.0,Nairobi,Kileleshwa
"65,000",2.0,2.0,Nairobi, Kilimani
"65,000",1.0,2.0,Nairobi, Kilimani
"65,000",2.0,2.0,Nairobi,Kileleshwa
"65,000",3.0,2.0,Nairobi,Kileleshwa
"65,000",2.0,2.0,Nairobi,Kileleshwa
"65,000",3.0,3.0,Nairobi, Lavington
"65,000",3.0,3.0,Nairobi, Westlands Area
"65,000",3.0,2.0,Nairobi,Ngong Road
"65,000",1.0,1.0,Nairobi, Kilimani
"65,000",2.0,2.0,Nairobi,Kileleshwa
"65,000",1.0,1.0,Nairobi, Lavington
"65,000",2.0,2.0,Nairobi, Kilimani
"65,000",3.0,2.0,Nairobi, Kilimani
"65,000",2.0,2.0,Nairobi, Kilimani
"65,000",2.0,2.0,Nairobi, Kilimani
"65,000",3.0,2.0,Nairobi,Rhapta Road
"65,000",2.0,2.0,Nairobi,Kileleshwa
"65,000",3.0,2.0,Nairobi, Mkomani
"65,000",2.0,,Nairobi, Westlands Area
"65,000",2.0,2.0,Nairobi, Lavington
"65,000",2.0,2.0,Nairobi, Valley Arcade
"65,000",2.0,2.0,Nairobi,Kileleshwa
"65,000",3.0,,Nairobi, State House
"65,000",3.0,,Nairobi,Thindigua
"65,000",2.0,,Nairobi,Kileleshwa
"65,000",2.0,2.0,Nairobi, Loresho
"65,000",2.0,,Nairobi,Kileleshwa
"65,000",0.0,1.0,Nairobi,Nairobi West
"65,000",2.0,,Nairobi,Kilimani
"65,000",3.0,2.0,Nairobi,Kileleshwa
"65,000",3.0,,Nairobi, Lavington
"66,000",3.0,1.0,Nairobi, Kiambu Road
"66,000",3.0,2.0,Nairobi, Ngong Road
"67,000",3.0,3.0,Nairobi,Westlands Area
"67,000",2.0,2.0,Nairobi,Kileleshwa
"67,500",2.0,2.0,Nairobi, Brookside
"67,500",3.0,2.0,Nairobi, Lavington
"68,000",3.0,2.0,Nairobi,Kileleshwa
"68,000",2.0,2.0,Nairobi, Lavington
"69,997",2.0,2.0,Nairobi, Parklands
"70,000",2.0,2.0,Nairobi, Kileleshwa
"70,000",2.0,,Nairobi, Kileleshwa
"70,000",2.0,,Nairobi,Kilimani
"70,000",3.0,3.0,Nairobi,Kilimani
"70,000",3.0,2.0,Nairobi, Kilimani
"70,000",3.0,2.0,Nairobi, Kiambu Road
"70,000",3.0,3.0,Nairobi, Kiambu Road
"70,000",3.0,2.0,Nairobi, Kiambu Road
"70,000",3.0,2.0,Nairobi, Kiambu Road
"70,000",3.0,2.0,Nairobi, Kilimani
"70,000",3.0,2.0,Nairobi, Kilimani
"70,000",3.0,2.0,Nairobi, Kileleshwa
"70,000",3.0,2.0,Nairobi,Kilimani
"70,000",3.0,2.0,Nairobi, Kilimani
"70,000",3.0,2.0,Nairobi,Kahawa West
"70,000",3.0,,Nairobi,Waiyaki Way
"70,000",2.0,2.0,Nairobi,Lavington
"70,000",2.0,,Nairobi,Valley Arcade
"70,000",3.0,,Nairobi, Thika Road
"70,000",2.0,2.0,Nairobi,Kileleshwa
"70,000",2.0,,Nairobi,Kilimani
"70,000",2.0,,Nairobi,Kilimani
"70,000",2.0,3.0,Nairobi,Milimani
"70,000",3.0,2.0,Nairobi,Mountain View
"70,000",3.0,2.0,Nairobi,Kiambu Road
"70,000",2.0,2.0,Nairobi, Rhapta Road
"70,000",3.0,2.0,Nairobi, Kilimani
"70,000",4.0,3.0,Nairobi, kizingo
"70,000",2.0,3.0,Nairobi,Westlands Area
"70,000",3.0,,Nairobi, Kilimani
"70,000",3.0,2.0,Nairobi, Kilimani
"70,000",4.0,4.0,Nairobi, Zimmermann
"70,000",2.0,,Nairobi, Runda
"70,000",3.0,2.0,Nairobi,Ruaka
"70,000",2.0,2.0,Nairobi, Parklands
"70,000",2.0,,Nairobi, Runda
"70,000",3.0,,Nairobi,Lavington
"70,000",3.0,2.0,Nairobi, Lavington
"70,000",3.0,4.0,Nairobi, Nyali Area
"70,000",2.0,3.0,Nairobi,Kilimani
"70,000",2.0,2.0,Nairobi, Kileleshwa
"70,000",2.0,2.0,Nairobi,Westlands Area
"70,000",3.0,,Nairobi, Westlands Area
"70,000",2.0,,Nairobi,Kileleshwa
"70,000",2.0,2.0,Nairobi,Kileleshwa
"70,000",3.0,2.0,Nairobi,Kileleshwa
"70,000",3.0,3.0,Nairobi, Lavington
"70,000",2.0,3.0,Nairobi, Westlands Area
"70,000",3.0,2.0,Nairobi, Rhapta Road
"70,000",3.0,3.0,Nairobi, Lavington
"70,000",3.0,,Nairobi,Lavington
"70,000",2.0,,Nairobi,Kileleshwa
"70,000",1.0,,Nairobi,Kilimani
"70,000",3.0,2.0,Nairobi, Ngong Road
"70,000",3.0,3.0,Nairobi, Waiyaki Way
"70,000",2.0,2.0,Nairobi, Kilimani
"70,000",3.0,2.0,Nairobi, Kilimani
"70,000",3.0,2.0,Nairobi, Parklands
"70,000",2.0,1.0,Nairobi,Lavington
"70,000",3.0,2.0,Nairobi,Ngong Road
"70,000",3.0,2.0,Nairobi, Parklands
"70,000",2.0,2.0,Nairobi, Kileleshwa
"70,000",2.0,2.0,Nairobi, Kilimani
"70,000",1.0,1.0,Nairobi,Lavington
"70,000",3.0,3.0,Nairobi, Kileleshwa
"70,000",3.0,2.0,Nairobi, Valley Arcade
"70,000",4.0,5.0,Nairobi,Kiambu Road
"70,000",4.0,5.0,Nairobi,Kiambu Road
"70,000",2.0,,Nairobi,Westlands Area
"70,000",4.0,5.0,Nairobi,Madaraka
"70,000",3.0,,Nairobi,Kilimani
"70,000",2.0,,Nairobi,Kilimani
"72,000",3.0,3.0,Nairobi, Kiambu Road
"72,500",2.0,2.0,Nairobi,Kileleshwa
"73,000",3.0,4.0,Nairobi, Shanzu
"75,000",2.0,2.0,Nairobi, Westlands Area
"75,000",3.0,3.0,Nairobi,Thindigua
"75,000",2.0,2.0,Nairobi, Westlands Area
"75,000",3.0,2.0,Nairobi,Kilimani
"75,000",3.0,2.0,Nairobi,Dennis Pritt
"75,000",3.0,3.0,Nairobi,Kilimani
"75,000",2.0,2.0,Nairobi, Westlands Area
"75,000",2.0,2.0,Nairobi, Kileleshwa
"75,000",2.0,2.0,Nairobi, Lavington
"75,000",3.0,2.0,Nairobi, Kilimani
"75,000",2.0,2.0,Nairobi, Riverside
"75,000",3.0,3.0,Nairobi,Lavington
"75,000",3.0,5.0,Nairobi,Kilimani
"75,000",2.0,3.0,Nairobi,Lavington
"75,000",3.0,3.0,Nairobi, Westlands Area
"75,000",2.0,2.0,Nairobi,Kilimani
"75,000",3.0,3.0,Nairobi,Westlands Area
"75,000",2.0,2.0,Nairobi,Westlands Area
"75,000",1.0,1.0,Nairobi, Kilimani
"75,000",2.0,3.0,Nairobi,Lavington
"75,000",4.0,3.0,Nairobi, Lavington
"75,000",2.0,3.0,Nairobi, Kilimani
"75,000",3.0,2.0,Nairobi,Riara Road
"75,000",3.0,4.0,Nairobi,Riara Road
"75,000",3.0,,Nairobi, Lavington
"75,000",4.0,3.0,Nairobi, Kiambu Road
"75,000",2.0,3.0,Nairobi, Kilimani
"75,000",3.0,,Nairobi,Waiyaki Way
"75,000",1.0,,Nairobi, Karen
"75,000",3.0,3.0,Nairobi,Rhapta Road
"75,000",3.0,,Nairobi,Kilimani
"75,000",3.0,3.0,Nairobi, Kilimani
"75,000",3.0,2.0,Nairobi,Lavington
"75,000",3.0,3.0,Nairobi,Lavington
"75,000",3.0,3.0,Nairobi,Lavington
"75,000",2.0,2.0,Nairobi,Kilimani
"75,000",2.0,2.0,Nairobi,Westlands Area
"75,000",3.0,3.0,Nairobi, Waiyaki Way
"75,000",3.0,2.0,Nairobi, Kileleshwa
"75,000",3.0,2.0,Nairobi, Riverside
"75,000",3.0,2.0,Nairobi, Lavington
"75,000",2.0,2.0,Nairobi, Kilimani
"75,000",3.0,2.0,Nairobi, Riverside
"75,000",3.0,3.0,Nairobi, Lavington
"75,000",2.0,2.0,Nairobi, Kilimani
"75,000",3.0,2.0,Nairobi, Kilimani
"75,000",3.0,,Nairobi, Kilimani
"75,000",2.0,1.0,Nairobi, Parklands
"75,000",2.0,3.0,Nairobi, Riverside
"75,000",4.0,3.0,Nairobi, Riara Road
"75,000",3.0,,Nairobi, Kilimani
"75,000",3.0,,Nairobi, Kilimani
"75,000",3.0,2.0,Nairobi, Lavington
"75,000",3.0,,Nairobi,Kilimani
"75,000",2.0,2.0,Nairobi,Kitengela
"75,000",2.0,2.0,Nairobi, Kilimani
"75,000",2.0,3.0,Nairobi, Lavington
"75,000",2.0,,Nairobi, Westlands Area
"75,000",2.0,2.0,Nairobi, Kileleshwa
"75,000",2.0,2.0,Nairobi,Lavington
"75,000",2.0,2.0,Nairobi, Westlands Area
"75,000",2.0,2.0,Nairobi,Kilimani
"75,000",2.0,2.0,Nairobi,Kilimani
"75,000",3.0,3.0,Nairobi, Lavington
"75,000",3.0,2.0,Nairobi, Kilimani
"75,000",3.0,3.0,Nairobi, Lavington
"75,000",4.0,4.0,Nairobi, Kilimani
"75,000",2.0,,Nairobi,Riverside
"75,000",3.0,3.0,Nairobi,Kileleshwa
"75,000",2.0,2.0,Nairobi, Kilimani
"75,000",2.0,1.0,Nairobi,Kilimani
"75,000",3.0,3.0,Nairobi,Kilimani
"75,000",2.0,,Nairobi,Kilimani
"75,000",3.0,5.0,Nairobi, Lavington
"75,000",2.0,3.0,Nairobi,Kileleshwa
"75,000",3.0,2.0,Nairobi,Riara Road
"75,000",3.0,2.0,Nairobi, Lavington
"75,000",3.0,,Nairobi, Kilimani
"75,000",2.0,3.0,Nairobi,Kilimani
"75,000",4.0,3.0,Nairobi, Kiambu Road
"75,000",3.0,3.0,Nairobi, Lavington
"75,000",2.0,2.0,Nairobi, Kilimani
"75,000",3.0,2.0,Nairobi, Valley Arcade
"75,000",3.0,2.0,Nairobi, Naivasha Road
"75,000",2.0,,Nairobi,Lavington
"75,000",3.0,,Nairobi,Kilimani
"75,000",3.0,4.0,Nairobi,Westlands Area
"75,000",3.0,,Nairobi,Kileleshwa
"75,000",1.0,,Nairobi,Riverside
"75,000",2.0,2.0,Nairobi,Lavington
"75,000",4.0,,Nairobi,Rhapta Road
"75,000",3.0,3.0,Nairobi, Lavington
"75,000",3.0,2.0,Nairobi, Lavington
"75,000",3.0,,Nairobi,Lavington
"75,000",2.0,2.0,Nairobi,Parklands
"75,000",2.0,2.0,Nairobi, Kilimani
"75,000",3.0,2.0,Nairobi, Rhapta Road
"75,000",2.0,2.0,Nairobi,Lavington
"76,000",3.0,4.0,Nairobi,Lavington
"77,000",3.0,3.0,Nairobi, Westlands Area
"77,000",3.0,3.0,Nairobi, Kilimani
"78,000",2.0,2.0,Nairobi, Kilimani
"78,000",2.0,,Nairobi,Kilimani
"78,000",3.0,2.0,Nairobi,Kilimani
"79,000",3.0,2.0,Nairobi,Kileleshwa
"80,000",3.0,3.0,Nairobi,Riara Road
"80,000",2.0,2.0,Nairobi, Lavington
"80,000",2.0,3.0,Nairobi, Kilimani
"80,000",3.0,,Nairobi,Rhapta Road
"80,000",3.0,3.0,Nairobi,Rhapta Road
"80,000",3.0,4.0,Nairobi, Lavington
"80,000",4.0,3.0,Nairobi, Kileleshwa
"80,000",3.0,2.0,Nairobi,Kilimani
"80,000",3.0,2.0,Nairobi, Lavington
"80,000",3.0,3.0,Nairobi, Kilimani
"80,000",4.0,4.0,Nairobi, Kilimani
"80,000",2.0,2.0,Nairobi, Kilimani
"80,000",3.0,2.0,Nairobi, Lavington
"80,000",3.0,3.0,Nairobi,Rhapta Road
"80,000",3.0,3.0,Nairobi, Rhapta Road
"80,000",1.0,1.0,Nairobi, Kilimani
"80,000",1.0,,Nairobi, Kileleshwa
"80,000",3.0,2.0,Nairobi, Lavington
"80,000",3.0,3.0,Nairobi, Rhapta Road
"80,000",1.0,1.0,Nairobi, Kilimani
"80,000",1.0,,Nairobi, Kileleshwa
"80,000",3.0,3.0,Nairobi, Westlands Area
"80,000",3.0,3.0,Nairobi,Westlands Area
"80,000",3.0,2.0,Nairobi,Westlands Area
"80,000",3.0,,Nairobi, Riverside
"80,000",2.0,,Nairobi, Westlands Area
"80,000",1.0,1.0,Nairobi,Nyari
"80,000",2.0,2.0,Nairobi,Old Muthaiga
"80,000",2.0,2.0,Nairobi,Kilimani
"80,000",1.0,,Nairobi,Kileleshwa
"80,000",3.0,,Nairobi,Kilimani
"80,000",3.0,4.0,Nairobi, Kileleshwa
"80,000",3.0,4.0,Nairobi, Kileleshwa
"80,000",3.0,4.0,Nairobi, Mombasa CBD
"80,000",3.0,3.0,Nairobi,Kileleshwa
"80,000",3.0,4.0,Nairobi,Kileleshwa
"80,000",2.0,2.0,Nairobi,Rhapta Road
"80,000",2.0,,Nairobi,Kileleshwa
"80,000",2.0,2.0,Nairobi, Lavington
"80,000",2.0,2.0,Nairobi, Kilimani
"80,000",3.0,4.0,Nairobi,Upper Hill
"80,000",3.0,2.0,Nairobi, Karen
"80,000",2.0,3.0,Nairobi, Lavington
"80,000",3.0,3.0,Nairobi, Kilimani
"80,000",3.0,3.0,Nairobi, Kileleshwa
"80,000",2.0,3.0,Nairobi, Kileleshwa
"80,000",3.0,4.0,Nairobi, Lavington
"80,000",2.0,,Nairobi,Riverside
"80,000",4.0,1.0,Nairobi, Ruaraka
"80,000",1.0,2.0,Nairobi, Kilimani
"80,000",1.0,1.0,Nairobi,Kilimani
"80,000",2.0,2.0,Nairobi,Westlands Area
"80,000",3.0,3.0,Nairobi, Loresho
"80,000",3.0,3.0,Nairobi, Ruaka
"80,000",3.0,,Nairobi,Riverside
"80,000",2.0,,Nairobi,Kileleshwa
"80,000",2.0,,Nairobi,Lavington
"80,000",2.0,,Nairobi, Kilimani
"80,000",3.0,3.0,Nairobi, Lavington
"80,000",3.0,2.0,Nairobi,Westlands Area
"80,000",4.0,3.0,Nairobi,Ruaka
"80,000",3.0,2.0,Nairobi,Lavington
"80,000",3.0,2.0,Nairobi, Kilimani
"80,000",2.0,2.0,Nairobi, Kilimani
"80,000",2.0,2.0,Nairobi, Kilimani
"80,000",2.0,2.0,Nairobi, Kileleshwa
"80,000",3.0,2.0,Nairobi, Lavington
"80,000",3.0,2.0,Nairobi, Lavington
"80,000",2.0,2.0,Nairobi, Kilimani
"80,000",2.0,2.0,Nairobi, Kilimani
"80,000",2.0,2.0,Nairobi, Kilimani
"80,000",3.0,3.0,Nairobi, Rhapta Road
"80,000",2.0,2.0,Nairobi, Kilimani
"80,000",3.0,4.0,Nairobi,Kilimani
"80,000",3.0,4.0,Nairobi, Kilimani
"80,000",2.0,,Nairobi,Ngong Road
"80,000",3.0,2.0,Nairobi,Kilimani
"80,000",3.0,3.0,Nairobi,Lavington
"80,000",2.0,3.0,Nairobi, Kilimani
"80,000",4.0,,Nairobi,Kilimani
"80,000",2.0,2.0,Nairobi,Rhapta Road
"80,000",2.0,,Nairobi,Lavington
"80,000",2.0,,Nairobi,Kilimani
"80,000",3.0,2.0,Nairobi,Rhapta Road
"80,000",3.0,3.0,Nairobi,Kilimani
"80,000",3.0,3.0,Nairobi, Kilimani
"83,000",3.0,4.0,Nairobi, Kileleshwa
"85,000",2.0,2.0,Nairobi, Rhapta Road
"85,000",3.0,2.0,Nairobi,Lavington
"85,000",2.0,2.0,Nairobi,Kilimani
"85,000",1.0,1.0,Nairobi,Kileleshwa
"85,000",1.0,1.0,Nairobi,Kileleshwa
"85,000",1.0,1.0,Nairobi,Riverside
"85,000",3.0,3.0,Nairobi,Kilimani
"85,000",1.0,1.0,Nairobi,Kilimani
"85,000",3.0,2.0,Nairobi,Lavington
"85,000",2.0,2.0,Nairobi, Waiyaki Way
"85,000",3.0,3.0,Nairobi, Riara Road
"85,000",3.0,4.0,Nairobi, Kileleshwa
"85,000",2.0,1.0,Nairobi,Westlands Area
"85,000",2.0,2.0,Nairobi, Kilimani
"85,000",2.0,2.0,Nairobi, Lavington
"85,000",2.0,2.0,Nairobi, Kileleshwa
"85,000",3.0,2.0,Nairobi,Kilimani
"85,000",2.0,2.0,Nairobi, Lavington
"85,000",3.0,2.0,Nairobi, Lavington
"85,000",4.0,4.0,Nairobi,Westlands Area
"85,000",2.0,2.0,Nairobi, Kileleshwa
"85,000",3.0,3.0,Nairobi,Kilimani
"85,000",3.0,4.0,Nairobi, Kileleshwa
"85,000",2.0,2.0,Nairobi, Kilimani
"85,000",2.0,2.0,Nairobi, Lavington
"85,000",3.0,2.0,Nairobi,Kilimani
"85,000",4.0,,Nairobi,Thika Road
"85,000",3.0,3.0,Nairobi,Kilimani
"85,000",2.0,3.0,Nairobi, Kilimani
"85,000",2.0,2.0,Nairobi,Riverside
"85,000",2.0,3.0,Nairobi, Kilimani
"85,000",3.0,4.0,Nairobi,Lavington
"85,000",3.0,3.0,Nairobi,Kilimani
"85,000",3.0,,Nairobi, Parklands
"85,000",3.0,3.0,Nairobi, Kilimani
"85,000",3.0,2.0,Nairobi, Kilimani
"85,000",3.0,3.0,Nairobi, Kilimani
"85,000",2.0,2.0,Nairobi,Brookside
"85,000",3.0,2.0,Nairobi, Kilimani
"85,000",3.0,4.0,Nairobi, Brookside
"85,000",2.0,2.0,Nairobi, Riverside
"85,000",4.0,4.0,Nairobi, Riara Road
"85,000",3.0,3.0,Nairobi,Westlands Area
"85,000",3.0,2.0,Nairobi,Kilimani
"85,000",3.0,3.0,Nairobi, Kilimani
"85,000",3.0,,Nairobi, Kilimani
"85,000",3.0,4.0,Nairobi, Kileleshwa
"85,000",1.0,,Nairobi,Kileleshwa
"85,000",3.0,3.0,Nairobi,Brookside
"85,000",3.0,5.0,Nairobi, Kilimani
"85,000",2.0,2.0,Nairobi, Lavington
"85,000",3.0,3.0,Nairobi, Kileleshwa
"85,000",3.0,3.0,Nairobi, Rhapta Road
"85,000",3.0,3.0,Nairobi,Muthaiga Area
"85,000",3.0,3.0,Nairobi,Kilimani
"85,000",3.0,4.0,Nairobi, Lavington
"85,000",2.0,2.0,Nairobi, Kileleshwa
"85,000",3.0,2.0,Nairobi, Rhapta Road
"85,000",1.0,2.0,Nairobi, Riverside
"85,000",2.0,3.0,Nairobi,Kilimani
"85,000",2.0,2.0,Nairobi,Lavington
"85,000",2.0,3.0,Nairobi,Kilimani
"85,000",2.0,2.0,Nairobi, Kileleshwa
"85,000",4.0,4.0,Nairobi, Thika Road
"85,000",1.0,1.0,Nairobi, Westlands Area
"85,000",3.0,2.0,Nairobi, Kilimani
"85,000",3.0,2.0,Nairobi, Kilimani
"85,000",3.0,4.0,Nairobi, Lavington
"85,000",2.0,2.0,Nairobi, Kilimani
"85,000",2.0,3.0,Nairobi, Rhapta Road
"85,000",3.0,3.0,Nairobi, Kilimani
"85,000",3.0,,Nairobi,Kilimani
"85,000",2.0,2.0,Nairobi, Kiambu Road
"85,000",2.0,2.0,Nairobi, Kilimani
"85,000",3.0,3.0,Nairobi, Kileleshwa
"85,000",3.0,3.0,Nairobi,Rhapta Road
"86,000",3.0,2.0,Nairobi,Kileleshwa
"86,000",3.0,3.0,Nairobi,Kileleshwa
"87,000",3.0,,Nairobi,Parklands
"87,000",2.0,2.0,Nairobi,Westlands Area
"88,000",3.0,4.0,Nairobi, Nyali Area
"88,000",3.0,4.0,Nairobi, Nyali Area
"88,000",3.0,3.0,Nairobi, Valley Arcade
"88,000",3.0,4.0,Nairobi, Nyali Area
"89,000",3.0,1.0,Nairobi,Westlands Area
"89,996",2.0,1.0,Nairobi, Westlands Area
"90,000",1.0,1.0,Nairobi, Kilimani
"90,000",1.0,,Nairobi, Kileleshwa
"90,000",1.0,1.0,Nairobi, Kilimani
"90,000",3.0,3.0,Nairobi, Westlands Area
"90,000",3.0,3.0,Nairobi, Brookside
"90,000",3.0,4.0,Nairobi,Kilimani
"90,000",3.0,4.0,Nairobi,Kilimani
"90,000",3.0,4.0,Nairobi,Kilimani
"90,000",2.0,2.0,Nairobi, Westlands Area
"90,000",3.0,3.0,Nairobi, Rhapta Road
"90,000",2.0,3.0,Nairobi,Kilimani
"90,000",3.0,2.0,Nairobi,Lavington
"90,000",2.0,,Nairobi,Kyuna
"90,000",3.0,,Nairobi,Lavington
"90,000",3.0,,Nairobi,Kilimani
"90,000",2.0,2.0,Nairobi,Brookside
"90,000",3.0,3.0,Nairobi, Kilimani
"90,000",2.0,2.0,Nairobi, Kilimani
"90,000",2.0,2.0,Nairobi, Kilimani
"90,000",3.0,3.0,Nairobi, Rhapta Road
"90,000",2.0,2.0,Nairobi, Brookside
"90,000",2.0,3.0,Nairobi, Kileleshwa
"90,000",2.0,2.0,Nairobi, Nyali Area
"90,000",3.0,,Nairobi,Kileleshwa
"90,000",3.0,,Nairobi,Lavington
"90,000",3.0,3.0,Nairobi,Parklands
"90,000",3.0,,Nairobi,Kilimani
"90,000",2.0,2.0,Nairobi,Waiyaki Way
"90,000",2.0,,Nairobi,Kiambu Road
"90,000",4.0,4.0,Nairobi, Westlands Area
"90,000",1.0,,Nairobi,Thigiri
"90,000",2.0,2.0,Nairobi,Waiyaki Way
"90,000",3.0,,Nairobi,Westlands Area
"90,000",3.0,4.0,Nairobi, Kilimani
"90,000",3.0,4.0,Nairobi, Lavington
"90,000",2.0,2.0,Nairobi,Kilimani
"90,000",3.0,2.0,Nairobi, Lavington
"90,000",3.0,2.0,Nairobi,Riverside
"90,000",1.0,,Nairobi,Thigiri
"90,000",3.0,3.0,Nairobi,Kilimani
"90,000",3.0,2.0,Nairobi,Ruaka
"90,000",3.0,3.0,Nairobi,Riverside
"90,000",3.0,3.0,Nairobi,Riverside
"90,000",3.0,,Nairobi,Lavington
"90,000",3.0,2.0,Nairobi,Riverside
"90,000",3.0,2.0,Nairobi, Waiyaki Way
"90,000",2.0,2.0,Nairobi, Kilimani
"90,000",3.0,3.0,Nairobi, Rhapta Road
"90,000",1.0,1.0,Nairobi,Kileleshwa
"90,000",2.0,3.0,Nairobi,Lavington
"90,000",3.0,3.0,Nairobi,Milimani
"90,000",3.0,2.0,Nairobi, Kilimani
"90,000",3.0,2.0,Nairobi, Lavington
"90,000",2.0,3.0,Nairobi, Riverside
"90,000",1.0,,Nairobi, Runda
"90,000",3.0,4.0,Nairobi, Kilimani
"90,000",3.0,3.0,Nairobi,Kilimani
"90,000",3.0,2.0,Nairobi,Lavington
"90,000",2.0,2.0,Nairobi, Lavington
"90,000",3.0,3.0,Nairobi, Kilimani
"90,000",3.0,3.0,Nairobi, Westlands Area
"90,000",3.0,2.0,Nairobi,Kilimani
"90,000",3.0,3.0,Nairobi,Upper Hill
"90,000",3.0,,Nairobi,Kileleshwa
"90,000",3.0,3.0,Nairobi, Lavington
"90,000",3.0,3.0,Nairobi,Kilimani
"90,000",3.0,4.0,Nairobi,Ngong Road
"90,000",3.0,2.0,Nairobi,Kilimani
"90,000",3.0,2.0,Nairobi, Kilimani
"90,000",3.0,2.0,Nairobi, Kilimani
"90,000",2.0,2.0,Nairobi,Rhapta Road
"90,000",3.0,3.0,Nairobi,Ngong Road
"90,000",1.0,,Nairobi, Riverside
"90,000",1.0,2.0,Nairobi, Riverside
"90,000",1.0,2.0,Nairobi,Riverside
"90,000",2.0,3.0,Nairobi, Nyali Area
"90,000",3.0,2.0,Nairobi,Westlands Area
"90,000",2.0,3.0,Nairobi,Kilimani
"90,000",3.0,3.0,Nairobi,Westlands Area
"90,000",3.0,3.0,Nairobi,Lavington
"90,000",3.0,,Nairobi, Lavington
"90,000",3.0,5.0,Nairobi, Kilimani
"90,000",3.0,3.0,Nairobi, Kileleshwa
"90,000",3.0,3.0,Nairobi,Kileleshwa
"90,000",2.0,2.0,Nairobi, Kilimani
"90,000",2.0,3.0,Nairobi, Kileleshwa
"90,000",2.0,2.0,Nairobi, Kilimani
"90,000",3.0,,Nairobi,Kilimani
"90,000",2.0,,Nairobi,Kileleshwa
"90,000",3.0,3.0,Nairobi, Kilimani
"90,000",3.0,3.0,Nairobi, State House
"90,000",3.0,3.0,Nairobi, Hurlingham
"90,000",3.0,3.0,Nairobi, Kilimani
"90,000",3.0,2.0,Nairobi, Parklands
"90,000",1.0,1.0,Nairobi,Westlands Area
"90,000",4.0,5.0,Nairobi,Lavington
"90,000",2.0,2.0,Nairobi,Kilimani
"90,000",1.0,,Nairobi,Lavington
"90,000",1.0,1.0,Nairobi, Riverside
"90,000",2.0,2.0,Nairobi,State House
"90,000",3.0,,Nairobi, Brookside
"90,000",3.0,3.0,Nairobi,Riara Road
"90,000",3.0,3.0,Nairobi,Rhapta Road
"90,000",3.0,4.0,Nairobi, Lavington
"90,000",4.0,5.0,Nairobi, Lavington
"90,000",3.0,3.0,Nairobi,Kileleshwa
"90,000",4.0,4.0,Nairobi, Riara Road
"90,000",2.0,2.0,Nairobi,Kileleshwa
"95,000",3.0,3.0,Nairobi, Westlands Area
"95,000",2.0,2.0,Nairobi,Westlands Area
"95,000",3.0,3.0,Nairobi,Kilimani
"95,000",1.0,1.0,Nairobi, Riverside
"95,000",2.0,2.0,Nairobi, Kilimani
"95,000",4.0,4.0,Nairobi,Kilimani
"95,000",2.0,,Nairobi,Rhapta Road
"95,000",2.0,,Nairobi,Kilimani
"95,000",3.0,,Nairobi,Lavington
"95,000",3.0,,Nairobi,Valley Arcade
"95,000",3.0,2.0,Nairobi, Kilimani
"95,000",3.0,3.0,Nairobi, Kilimani
"95,000",3.0,3.0,Nairobi, Kilimani
"95,000",2.0,2.0,Nairobi, Rhapta Road
"95,000",2.0,2.0,Nairobi, Rhapta Road
"95,000",2.0,2.0,Nairobi,Kileleshwa
"95,000",2.0,2.0,Nairobi,Westlands Area
"95,000",3.0,2.0,Nairobi, Lavington
"95,000",2.0,2.0,Nairobi, Kileleshwa
"95,000",2.0,,Nairobi, Westlands Area
"95,000",2.0,2.0,Nairobi,Riara Road
"95,000",1.0,1.0,Nairobi, Rhapta Road
"95,000",1.0,1.0,Nairobi, Riverside
"95,000",3.0,4.0,Nairobi, Kileleshwa
"95,000",3.0,2.0,Nairobi,Kilimani
"95,000",3.0,2.0,Nairobi, Kilimani
"95,000",3.0,2.0,Nairobi, Kilimani
"95,000",1.0,1.0,Nairobi, Kiambu Road
"95,000",3.0,3.0,Nairobi, Kileleshwa
"95,000",1.0,1.0,Nairobi,Westlands Area
"95,000",3.0,,Nairobi,Kileleshwa
"95,000",3.0,2.0,Nairobi, Westlands Area
"95,000",2.0,2.0,Nairobi, Lavington
"95,000",2.0,2.0,Nairobi,Riara Road
"95,000",3.0,2.0,Nairobi,Waiyaki Way
"95,000",3.0,3.0,Nairobi,Lavington
"95,000",3.0,4.0,Nairobi, Kileleshwa
"95,000",3.0,,Nairobi,Kileleshwa
"95,000",1.0,1.0,Nairobi, Rhapta Road
"95,000",2.0,2.0,Nairobi, Westlands Area
"95,000",4.0,,Nairobi,Waiyaki Way
"95,000",3.0,3.0,Nairobi,Kilimani
"95,000",3.0,3.0,Nairobi, Kilimani
"95,000",3.0,3.0,Nairobi, Kilimani
"95,000",4.0,5.0,Nairobi,Kilimani
"95,000",3.0,3.0,Nairobi, Lavington
"95,000",3.0,4.0,Nairobi,Valley Arcade
"95,000",3.0,,Nairobi,Kileleshwa
"95,000",3.0,,Nairobi,Kileleshwa
"95,000",2.0,2.0,Nairobi, Mombasa Road
"95,000",3.0,3.0,Nairobi,Lavington
"96,000",4.0,2.0,Nairobi, Lavington
"98,000",3.0,3.0,Nairobi, Kilimani
"98,000",3.0,3.0,Nairobi, Kilimani
"98,000",4.0,4.0,Nairobi, Rhapta Road
"98,000",3.0,4.0,Nairobi,Kilimani
"98,000",3.0,3.0,Nairobi, Kilimani
"98,000",3.0,3.0,Nairobi, Kilimani
"100,000",3.0,2.0,Nairobi, Lavington
"100,000",3.0,4.0,Nairobi,Kilimani
"100,000",2.0,2.0,Nairobi,Kilimani
"100,000",3.0,,Nairobi,Lavington
"100,000",3.0,4.0,Nairobi,Kileleshwa
"100,000",3.0,4.0,Nairobi,Kileleshwa
"100,000",3.0,3.0,Nairobi,Riverside
"100,000",3.0,3.0,Nairobi, Kilimani
"100,000",1.0,1.0,Nairobi, Kilimani
"100,000",1.0,1.0,Nairobi, Kilimani
"100,000",5.0,6.0,Nairobi, Lavington
"100,000",2.0,2.0,Nairobi,Kilimani
"100,000",3.0,4.0,Nairobi, Dennis Pritt
"100,000",3.0,4.0,Nairobi,Valley Arcade
"100,000",3.0,4.0,Nairobi, Lavington
"100,000",1.0,1.0,Nairobi, Westlands Area
"100,000",3.0,4.0,Nairobi, Nyali Area
"100,000",4.0,,Nairobi, Rhapta Road
"100,000",3.0,2.0,Nairobi, Kilimani
"100,000",3.0,3.0,Nairobi, Kilimani
"100,000",3.0,3.0,Nairobi,Rhapta Road
"100,000",4.0,3.0,Nairobi,Parklands
"100,000",3.0,2.0,Nairobi,Waiyaki Way
"100,000",3.0,4.0,Nairobi, Lavington
"100,000",3.0,5.0,Nairobi,Lavington
"100,000",3.0,4.0,Nairobi,Valley Arcade
"100,000",3.0,4.0,Nairobi, Lavington
"100,000",1.0,1.0,Nairobi, Westlands Area
"100,000",4.0,,Nairobi, Rhapta Road
"100,000",3.0,3.0,Nairobi,Waiyaki Way
"100,000",2.0,2.0,Nairobi,Rhapta Road
"100,000",3.0,,Nairobi,Westlands Area
"100,000",3.0,,Nairobi,Parklands
"100,000",3.0,4.0,Nairobi,Rhapta Road
"100,000",3.0,3.0,Nairobi, Lavington
"100,000",2.0,2.0,Nairobi,Karen
"100,000",3.0,2.0,Nairobi, Lavington
"100,000",3.0,3.0,Nairobi, Kileleshwa
"100,000",3.0,3.0,Nairobi, Kilimani
"100,000",2.0,3.0,Nairobi,Milimani
"100,000",3.0,,Nairobi,Parklands
"100,000",3.0,3.0,Nairobi,Lavington
"100,000",3.0,3.0,Nairobi, Parklands
"100,000",3.0,2.0,Nairobi,Parklands
"100,000",4.0,3.0,Nairobi,Riara Road
"100,000",4.0,,Nairobi,Kilimani
"100,000",3.0,2.0,Nairobi, Milimani
"100,000",2.0,3.0,Nairobi, Kilimani
"100,000",1.0,1.0,Nairobi, Kilimani
"100,000",3.0,4.0,Nairobi,Lavington
"100,000",4.0,3.0,Nairobi,Westlands Area
"100,000",3.0,2.0,Nairobi,Westlands Area
"100,000",2.0,,Nairobi,Kileleshwa
"100,000",2.0,1.0,Nairobi,Westlands Area
"100,000",4.0,4.0,Nairobi,Lavington
"100,000",3.0,3.0,Nairobi, Kilimani
"100,000",3.0,2.0,Nairobi, Riverside
"100,000",3.0,2.0,Nairobi, Kilimani
"100,000",4.0,4.0,Nairobi, Kilimani
"100,000",3.0,3.0,Nairobi, Lavington
"100,000",3.0,3.0,Nairobi, Kilimani
"100,000",3.0,3.0,Nairobi, Kilimani
"100,000",3.0,,Nairobi,Westlands Area
"100,000",2.0,2.0,Nairobi,Runda
"100,000",3.0,,Nairobi, Lavington
"100,000",2.0,2.0,Nairobi, Nyali Area
"100,000",2.0,3.0,Nairobi, Kileleshwa
"100,000",3.0,2.0,Nairobi, Parklands
"100,000",2.0,3.0,Nairobi, Kileleshwa
"100,000",3.0,3.0,Nairobi,Westlands Area
"100,000",2.0,,Nairobi,Westlands Area
"100,000",2.0,2.0,Nairobi,Waiyaki Way
"100,000",2.0,2.0,Nairobi,Runda
"100,000",1.0,1.0,Nairobi, Kilimani
"100,000",3.0,3.0,Nairobi,Westlands Area
"100,000",2.0,2.0,Nairobi, Westlands Area
"100,000",3.0,2.0,Nairobi,Kilimani
"100,000",3.0,4.0,Nairobi,Kilimani
"100,000",3.0,3.0,Nairobi, Rhapta Road
"100,000",3.0,,Nairobi,Riverside
"100,000",2.0,3.0,Nairobi, Kileleshwa
"100,000",3.0,2.0,Nairobi, Parklands
"100,000",1.0,2.0,Nairobi, Westlands Area
"100,000",2.0,1.0,Nairobi, General Mathenge
"100,000",4.0,4.0,Nairobi,Riverside
"100,000",3.0,,Nairobi,Brookside
"100,000",2.0,,Nairobi,Westlands Area
"100,000",2.0,,Nairobi,Kileleshwa
"100,000",3.0,3.0,Nairobi,Brookside
"100,000",3.0,3.0,Nairobi,Kileleshwa
"100,000",3.0,3.0,Nairobi,Brookside
"100,000",3.0,3.0,Nairobi,Shanzu
"100,000",4.0,4.0,Nairobi,Parklands
"100,000",2.0,,Nairobi,Westlands Area
"100,000",2.0,,Nairobi,Thika Road
"100,000",3.0,2.0,Nairobi, Kilimani
"100,000",3.0,3.0,Nairobi,Kilimani
"100,000",1.0,1.0,Nairobi, Lavington
"100,000",2.0,2.0,Nairobi, Kilimani
"100,000",1.0,1.0,Nairobi, Lavington
"100,000",3.0,3.0,Nairobi, Kilimani
"100,000",2.0,2.0,Nairobi, Kileleshwa
"100,000",3.0,3.0,Nairobi, General Mathenge
"100,000",3.0,3.0,Nairobi, Kilimani
"100,000",3.0,3.0,Nairobi, Rhapta Road
"100,000",2.0,2.0,Nairobi, Brookside
"100,000",3.0,2.0,Nairobi,Kilimani
"100,000",3.0,,Nairobi,Parklands
"100,000",3.0,4.0,Nairobi, Nyali Area
"100,000",1.0,2.0,Nairobi,Thigiri
"100,000",1.0,1.0,Nairobi,Kilimani
"100,000",3.0,4.0,Nairobi, Lavington
"100,000",4.0,4.0,Nairobi, Nyali Area
"100,000",3.0,3.0,Nairobi, General Mathenge
"100,000",3.0,3.0,Nairobi, Kileleshwa
"100,000",3.0,2.0,Nairobi,General Mathenge
"100,000",3.0,4.0,Nairobi, Kileleshwa
"100,000",2.0,,Nairobi,Westlands Area
"100,000",1.0,,Nairobi,Nyari
"100,000",1.0,1.0,Nairobi,Kileleshwa
"100,000",2.0,,Nairobi,Kileleshwa
"100,000",2.0,,Nairobi,Kileleshwa
"100,000",3.0,,Nairobi,Kilimani
"100,000",1.0,1.0,Nairobi,Nyari
"100,000",2.0,2.0,Nairobi, Kileleshwa
"100,000",3.0,3.0,Nairobi,Kileleshwa
"100,000",4.0,4.0,Nairobi, Riara Road
"100,000",3.0,2.0,Nairobi,Lavington
"100,000",4.0,4.0,Nairobi, Lavington
"100,000",3.0,3.0,Nairobi,Parklands
"100,000",1.0,,Nairobi,Nyari
"100,000",3.0,4.0,Nairobi, Kilimani
"102,000",3.0,2.0,Nairobi, Kilimani
"105,000",1.0,2.0,Nairobi, Kilimani
"105,000",2.0,2.0,Nairobi,Kileleshwa
"105,000",1.0,1.0,Nairobi, Rhapta Road
"110,000",2.0,2.0,Nairobi,Brookside
"110,000",3.0,,Nairobi,Kilimani
"110,000",3.0,4.0,Nairobi,Rhapta Road
"110,000",3.0,3.0,Nairobi,Kilimani
"110,000",1.0,2.0,Nairobi, Riverside
"110,000",3.0,2.0,Nairobi,Kilimani
"110,000",1.0,1.0,Nairobi, Kilimani
"110,000",3.0,3.0,Nairobi, Kilimani
"110,000",3.0,3.0,Nairobi, Kileleshwa
"110,000",3.0,4.0,Nairobi, Rhapta Road
"110,000",3.0,2.0,Nairobi, Lavington
"110,000",3.0,3.0,Nairobi, Kilimani
"110,000",3.0,3.0,Nairobi, Kileleshwa
"110,000",3.0,4.0,Nairobi, Kilimani
"110,000",3.0,,Nairobi,Muthaiga Area
"110,000",4.0,3.0,Nairobi,Kahawa West
"110,000",2.0,2.0,Nairobi,General Mathenge
"110,000",3.0,3.0,Nairobi,Parklands
"110,000",3.0,3.0,Nairobi, Riverside
"110,000",3.0,4.0,Nairobi,Lavington
"110,000",3.0,3.0,Nairobi, Riverside
"110,000",3.0,4.0,Nairobi,Kilimani
"110,000",4.0,,Nairobi,Westlands Area
"110,000",1.0,1.0,Nairobi, Kilimani
"110,000",3.0,3.0,Nairobi, Westlands Area
"110,000",2.0,2.0,Nairobi, Lavington
"110,000",1.0,1.0,Nairobi, Westlands Area
"110,000",3.0,3.0,Nairobi, Riara Road
"110,000",2.0,2.0,Nairobi, Kileleshwa
"110,000",3.0,3.0,Nairobi, Kilimani
"110,000",4.0,3.0,Nairobi, Riverside
"110,000",3.0,3.0,Nairobi, Riverside
"110,000",1.0,1.0,Nairobi,Lavington
"110,000",1.0,2.0,Nairobi,Westlands Area
"110,000",6.0,6.0,Nairobi,Ngong Road
"110,000",3.0,,Nairobi, Runda
"110,000",3.0,3.0,Nairobi, Karen
"110,000",3.0,4.0,Nairobi, Kilimani
"110,000",4.0,3.0,Nairobi, Kilimani
"110,000",3.0,4.0,Nairobi, Kilimani
"110,000",2.0,2.0,Nairobi, Waiyaki Way
"110,000",1.0,1.0,Nairobi,Rhapta Road
"110,000",3.0,4.0,Nairobi, Riverside
"110,000",3.0,3.0,Nairobi, Kileleshwa
"110,000",3.0,3.0,Nairobi,Riverside
"110,000",2.0,2.0,Nairobi, General Mathenge
"110,000",3.0,4.0,Nairobi,Lavington
"110,000",3.0,4.0,Nairobi,Riverside
"110,000",3.0,4.0,Nairobi,Westlands Area
"110,000",3.0,,Nairobi,Parklands
"110,000",3.0,3.0,Nairobi, Westlands Area
"110,000",3.0,,Nairobi,Kilimani
"110,000",4.0,,Nairobi,Lavington
"110,000",3.0,3.0,Nairobi, Kilimani
"110,000",2.0,2.0,Nairobi,Kilimani
"110,000",4.0,3.0,Nairobi, Kileleshwa
"110,000",3.0,3.0,Nairobi, Kilimani
"110,000",3.0,4.0,Nairobi, Kilimani
"110,000",4.0,3.0,Nairobi,Brookside
"110,000",3.0,2.0,Nairobi,Kilimani
"110,000",1.0,,Nairobi,Westlands Area
"110,000",3.0,2.0,Nairobi,Riverside
"110,000",3.0,2.0,Nairobi,Lavington
"110,000",1.0,2.0,Nairobi,Westlands Area
"110,000",3.0,2.0,Nairobi, Nyali Area
"110,000",3.0,3.0,Nairobi,Kileleshwa
"110,000",2.0,2.0,Nairobi,Kilimani
"110,000",3.0,5.0,Nairobi, Kilimani
"110,000",4.0,4.0,Nairobi, Parklands
"110,000",3.0,2.0,Nairobi, Brookside
"110,000",1.0,1.0,Nairobi, Kilimani
"110,000",1.0,1.0,Nairobi,Westlands Area
"110,000",2.0,3.0,Nairobi, Westlands Area
"110,000",2.0,3.0,Nairobi, Westlands Area
"110,000",1.0,1.0,Nairobi, Westlands Area
"110,000",3.0,4.0,Nairobi,Rhapta Road
"110,000",3.0,2.0,Nairobi,Lavington
"110,000",2.0,2.0,Nairobi,Kilimani
"110,000",3.0,4.0,Nairobi,Rhapta Road
"110,000",3.0,2.0,Nairobi,Lavington
"112,000",3.0,3.0,Nairobi,Kileleshwa
"112,500",3.0,3.0,Nairobi, Parklands
"115,000",3.0,3.0,Nairobi, Westlands Area
"115,000",3.0,3.0,Nairobi, Riara Road
"115,000",3.0,2.0,Nairobi,Parklands
"115,000",3.0,3.0,Nairobi, Rhapta Road
"115,000",3.0,2.0,Nairobi,Westlands Area
"115,000",2.0,,Nairobi,Waiyaki Way
"115,000",4.0,,Nairobi,Parklands
"115,000",3.0,4.0,Nairobi,Kilimani
"115,000",3.0,,Nairobi,Riverside
"115,000",1.0,,Nairobi, Kilimani
"115,000",3.0,3.0,Nairobi,Westlands Area
"115,000",3.0,4.0,Nairobi,Kilimani
"115,000",3.0,2.0,Nairobi, Kilimani
"115,000",2.0,2.0,Nairobi,Kilimani
"115,000",3.0,3.0,Nairobi, Westlands Area
"115,000",3.0,3.0,Nairobi, Westlands Area
"115,000",3.0,3.0,Nairobi,Westlands Area
"115,000",3.0,4.0,Nairobi,Kileleshwa
"115,000",3.0,3.0,Nairobi,Kilimani
"115,000",3.0,,Nairobi,Kilimani
"115,000",4.0,5.0,Nairobi,Lavington
"115,000",3.0,3.0,Nairobi, Rhapta Road
"115,000",3.0,3.0,Nairobi, Riverside
"115,000",3.0,3.0,Nairobi, Rhapta Road
"115,000",1.0,1.0,Nairobi, Kileleshwa
"115,000",3.0,4.0,Nairobi, Kilimani
"118,000",3.0,3.0,Nairobi,Lavington
"120,000",3.0,2.0,Nairobi, Riverside
"120,000",3.0,2.0,Nairobi, Rhapta Road
"120,000",2.0,2.0,Nairobi, Lavington
"120,000",3.0,3.0,Nairobi, Rhapta Road
"120,000",3.0,3.0,Nairobi,Riara Road
"120,000",3.0,,Nairobi,Lavington
"120,000",4.0,4.0,Nairobi, Rhapta Road
"120,000",1.0,1.0,Nairobi,Hurlingham
"120,000",3.0,2.0,Nairobi, Kilimani
"120,000",4.0,3.0,Nairobi, Kilimani
"120,000",3.0,3.0,Nairobi,General Mathenge
"120,000",2.0,3.0,Nairobi, Kileleshwa
"120,000",3.0,5.0,Nairobi,Lavington
"120,000",3.0,3.0,Nairobi,Riverside
"120,000",3.0,,Nairobi, Riverside
"120,000",2.0,,Nairobi, Riara Road
"120,000",3.0,3.0,Nairobi, Mombasa CBD
"120,000",3.0,3.0,Nairobi,Riverside
"120,000",4.0,4.0,Nairobi,General Mathenge
"120,000",4.0,,Nairobi, Waiyaki Way
"120,000",3.0,4.0,Nairobi,Kilimani
"120,000",3.0,4.0,Nairobi,Kileleshwa
"120,000",3.0,3.0,Nairobi,Westlands Area
"120,000",3.0,3.0,Nairobi, Westlands Area
"120,000",3.0,3.0,Nairobi, Rhapta Road
"120,000",3.0,4.0,Nairobi,Waiyaki Way
"120,000",3.0,3.0,Nairobi, Westlands Area
"120,000",3.0,4.0,Nairobi, Kilimani
"120,000",2.0,,Nairobi,Kileleshwa
"120,000",4.0,2.0,Nairobi,Brookside
"120,000",1.0,2.0,Nairobi,Westlands Area
"120,000",3.0,3.0,Nairobi,Riverside
"120,000",3.0,3.0,Nairobi,Lavington
"120,000",3.0,3.0,Nairobi, Westlands Area
"120,000",3.0,3.0,Nairobi, Parklands
"120,000",3.0,3.0,Nairobi,Kilimani
"120,000",1.0,1.0,Nairobi, Kilimani
"120,000",1.0,1.0,Nairobi, Kileleshwa
"120,000",3.0,3.0,Nairobi, Lavington
"120,000",4.0,2.0,Nairobi, Kilimani
"120,000",3.0,2.0,Nairobi, Kilimani
"120,000",2.0,2.0,Nairobi,Kilimani
"120,000",3.0,2.0,Nairobi,Westlands Area
"120,000",3.0,2.0,Nairobi,Riverside
"120,000",3.0,2.0,Nairobi,Riverside
"120,000",3.0,3.0,Nairobi, Kilimani
"120,000",3.0,,Nairobi,Kileleshwa
"120,000",4.0,4.0,Nairobi,Parklands
"120,000",4.0,3.0,Nairobi,Kilimani
"120,000",1.0,1.0,Nairobi, Westlands Area
"120,000",3.0,,Nairobi, Parklands
"120,000",3.0,3.0,Nairobi,Lavington
"120,000",2.0,,Nairobi,Riverside
"120,000",3.0,3.0,Nairobi,Thome
"120,000",3.0,3.0,Nairobi,Rhapta Road
"120,000",3.0,4.0,Nairobi, Nyali Area
"120,000",3.0,2.0,Nairobi,Kileleshwa
"120,000",3.0,3.0,Nairobi, Westlands Area
"120,000",3.0,3.0,Nairobi, Westlands Area
"120,000",1.0,1.0,Nairobi, Westlands Area
"120,000",4.0,3.0,Nairobi,Kilimani
"120,000",3.0,,Nairobi, Parklands
"120,000",2.0,,Nairobi,State House
"120,000",3.0,,Nairobi, Riara Road
"120,000",3.0,4.0,Nairobi, Westlands Area
"120,000",3.0,4.0,Nairobi,Rhapta Road
"120,000",3.0,4.0,Nairobi, Kileleshwa
"120,000",1.0,,Nairobi,Kilimani
"120,000",3.0,,Nairobi,Kilimani
"120,000",3.0,3.0,Nairobi, Kilimani
"120,000",3.0,3.0,Nairobi,Kileleshwa
"120,000",3.0,4.0,Nairobi,Lavington
"120,000",3.0,3.0,Nairobi,Westlands Area
"120,000",1.0,1.0,Nairobi, General Mathenge
"120,000",4.0,5.0,Nairobi, Westlands Area
"120,000",2.0,2.0,Nairobi,General Mathenge
"120,000",3.0,3.0,Nairobi, Kilimani
"120,000",3.0,3.0,Nairobi, Kilimani
"120,000",2.0,2.0,Nairobi, Waiyaki Way
"120,000",2.0,2.0,Nairobi, Kileleshwa
"120,000",3.0,4.0,Nairobi,Kileleshwa
"120,000",4.0,4.0,Nairobi, Kileleshwa
"120,000",3.0,4.0,Nairobi,Kilimani
"120,000",3.0,3.0,Nairobi, Lavington
"120,000",1.0,1.0,Nairobi, Westlands Area
"120,000",3.0,2.0,Nairobi,Westlands Area
"120,000",2.0,3.0,Nairobi,Lavington
"120,000",4.0,3.0,Nairobi, Parklands
"120,000",3.0,4.0,Nairobi, Nyali Area
"120,000",3.0,2.0,Nairobi, Lavington
"120,000",3.0,3.0,Nairobi, Lavington
"120,000",3.0,4.0,Nairobi, Kileleshwa
"120,000",2.0,,Nairobi,Kilimani
"120,000",3.0,3.0,Nairobi, Lavington
"120,000",3.0,2.0,Nairobi, Kilimani
"120,000",3.0,3.0,Nairobi, Lavington
"120,000",3.0,,Nairobi, Kilimani
"120,000",2.0,2.0,Nairobi, Lavington
"120,000",2.0,2.0,Nairobi,Westlands Area
"120,000",2.0,2.0,Nairobi,Westlands Area
"120,000",2.0,2.0,Nairobi,Westlands Area
"120,000",1.0,1.0,Nairobi,Westlands Area
"120,000",3.0,3.0,Nairobi,Parklands
"120,000",2.0,,Nairobi,Kileleshwa
"120,000",3.0,,Nairobi,Kileleshwa
"120,000",3.0,,Nairobi, Westlands Area
"120,000",3.0,3.0,Nairobi, Nyali Area
"120,000",4.0,,Nairobi,Kilimani
"120,000",3.0,4.0,Nairobi,Kilimani
"120,000",3.0,,Nairobi, Riverside
"120,000",3.0,4.0,Nairobi,Riverside
"120,000",1.0,,Nairobi,Kilimani
"120,000",4.0,,Nairobi,Westlands Area
"120,000",4.0,4.0,Nairobi,Riverside
"120,000",2.0,2.0,Nairobi, Kilimani
"120,000",2.0,2.0,Nairobi,Karen
"120,000",2.0,2.0,Nairobi,Westlands Area
"122,000",3.0,4.0,Nairobi,General Mathenge
"123,000",3.0,,Nairobi,Rhapta Road
"125,000",3.0,,Nairobi,General Mathenge
"125,000",3.0,3.0,Nairobi, Riverside
"125,000",3.0,4.0,Nairobi, Kilimani
"125,000",3.0,4.0,Nairobi,Parklands
"125,000",2.0,,Nairobi,Kilimani
"125,000",3.0,4.0,Nairobi,Kileleshwa
"125,000",3.0,3.0,Nairobi, Kilimani
"125,000",3.0,3.0,Nairobi, Riverside
"125,000",2.0,2.0,Nairobi,Kilimani
"125,000",2.0,2.0,Nairobi,Kilimani
"125,000",3.0,4.0,Nairobi, Kilimani
"125,000",2.0,3.0,Nairobi, Kileleshwa
"125,000",2.0,2.0,Nairobi,Westlands Area
"125,000",4.0,5.0,Nairobi,Rhapta Road
"125,000",3.0,4.0,Nairobi,Lavington
"125,000",3.0,4.0,Nairobi, Kilimani
"125,000",3.0,4.0,Nairobi,Rhapta Road
"125,000",3.0,4.0,Nairobi,Kilimani
"125,000",3.0,2.0,Nairobi,Westlands Area
"125,000",3.0,4.0,Nairobi,Lavington
"125,000",3.0,4.0,Nairobi,Riverside
"128,000",3.0,3.0,Nairobi,Westlands Area
"130,000",4.0,4.0,Nairobi, Riverside
"130,000",3.0,3.0,Nairobi, Kileleshwa
"130,000",3.0,2.0,Nairobi, Kileleshwa
"130,000",3.0,3.0,Nairobi,Westlands Area
"130,000",3.0,3.0,Nairobi,Westlands Area
"130,000",2.0,2.0,Nairobi, Lower Kabete
"130,000",2.0,2.0,Nairobi, Kileleshwa
"130,000",2.0,2.0,Nairobi, Kileleshwa
"130,000",2.0,2.0,Nairobi, Karen
"130,000",3.0,2.0,Nairobi, Westlands Area
"130,000",3.0,3.0,Nairobi, Kilimani
"130,000",3.0,4.0,Nairobi, Kileleshwa
"130,000",3.0,3.0,Nairobi, Riverside
"130,000",2.0,2.0,Nairobi,Lavington
"130,000",3.0,3.0,Nairobi,Brookside
"130,000",3.0,3.0,Nairobi,Westlands Area
"130,000",3.0,3.0,Nairobi,General Mathenge
"130,000",2.0,2.0,Nairobi, Westlands Area
"130,000",3.0,4.0,Nairobi,Kilimani
"130,000",2.0,3.0,Nairobi, Kilimani
"130,000",4.0,3.0,Nairobi, Westlands Area
"130,000",3.0,4.0,Nairobi,Westlands Area
"130,000",2.0,2.0,Nairobi, Kileleshwa
"130,000",4.0,3.0,Nairobi, Westlands Area
"130,000",2.0,,Nairobi,Ngong Road
"130,000",4.0,5.0,Nairobi,Kileleshwa
"130,000",3.0,4.0,Nairobi,Kilimani
"130,000",3.0,3.0,Nairobi, Brookside
"130,000",3.0,2.0,Nairobi, Westlands Area
"130,000",4.0,4.0,Nairobi, Kileleshwa
"130,000",2.0,2.0,Nairobi, Riverside
"130,000",2.0,2.0,Nairobi,Karen
"130,000",3.0,3.0,Nairobi,Riverside
"130,000",3.0,3.0,Nairobi, Kileleshwa
"130,000",2.0,2.0,Nairobi, Kilimani
"130,000",4.0,5.0,Nairobi, Lavington
"130,000",3.0,4.0,Nairobi, Brookside
"130,000",1.0,1.0,Nairobi,Parklands
"130,000",3.0,4.0,Nairobi,Riverside
"130,000",3.0,3.0,Nairobi,Kilimani
"130,000",3.0,2.0,Nairobi, Riverside
"130,000",3.0,3.0,Nairobi, Riverside
"130,000",3.0,,Nairobi,Kileleshwa
"130,000",3.0,3.0,Nairobi,Westlands Area
"130,000",3.0,3.0,Nairobi,Westlands Area
"130,000",3.0,3.0,Nairobi, Westlands Area
"130,000",3.0,3.0,Nairobi, Riverside
"130,000",3.0,3.0,Nairobi, Lavington
"130,000",3.0,3.0,Nairobi,Lavington
"130,000",3.0,4.0,Nairobi,Riverside
"130,000",3.0,4.0,Nairobi,Kileleshwa
"130,000",3.0,4.0,Nairobi,Riverside
"130,000",4.0,,Nairobi,Westlands Area
"130,000",1.0,2.0,Nairobi, Kileleshwa
"130,000",3.0,4.0,Nairobi, Riverside
"130,000",2.0,2.0,Nairobi,Runda
"130,000",4.0,,Nairobi,Westlands Area
"130,000",4.0,,Nairobi,Riverside
"130,000",3.0,3.0,Nairobi,Riverside
"130,000",2.0,2.0,Nairobi,Lavington
"130,000",2.0,,Nairobi,Riverside
"130,000",3.0,4.0,Nairobi, Lavington
"130,000",3.0,3.0,Nairobi,Rhapta Road
"130,000",4.0,4.0,Nairobi,Kilimani
"130,000",2.0,2.0,Nairobi, Kileleshwa
"130,000",4.0,,Nairobi, Kilimani
"130,000",3.0,4.0,Nairobi,Kilimani
"130,000",2.0,2.0,Nairobi, Riverside
"130,000",3.0,4.0,Nairobi, Riverside
"130,000",3.0,4.0,Nairobi, Riverside
"130,000",3.0,3.0,Nairobi, Riverside
"130,000",3.0,4.0,Nairobi, Riverside
"130,000",3.0,2.0,Nairobi,Kileleshwa
"130,000",4.0,5.0,Nairobi, Kilimani
"130,000",4.0,3.0,Nairobi,Parklands
"130,000",3.0,4.0,Nairobi, Nyali Area
"130,000",2.0,2.0,Nairobi,Lavington
"130,000",3.0,4.0,Nairobi, Kilimani
"130,000",4.0,4.0,Nairobi, Rhapta Road
"130,000",3.0,3.0,Nairobi,Rhapta Road
"130,000",3.0,3.0,Nairobi,General Mathenge
"130,000",2.0,3.0,Nairobi, Kilimani
"130,000",4.0,5.0,Nairobi,Lavington
"130,000",3.0,4.0,Nairobi, Kileleshwa
"130,000",3.0,4.0,Nairobi, Kilimani
"130,000",4.0,4.0,Nairobi,Parklands
"130,000",3.0,,Nairobi, Westlands Area
"130,000",4.0,3.0,Nairobi,Lavington
"130,000",3.0,4.0,Nairobi, Brookside
"130,000",3.0,,Nairobi,Lavington
"130,000",3.0,4.0,Nairobi,Riverside
"130,000",3.0,4.0,Nairobi,Riverside
"130,000",3.0,4.0,Nairobi, Rhapta Road
"130,000",1.0,2.0,Nairobi, Westlands Area
"130,000",3.0,3.0,Nairobi,Kileleshwa
"130,000",3.0,3.0,Nairobi, Riverside
"130,000",3.0,4.0,Nairobi,Riverside
"132,000",3.0,3.0,Nairobi, Westlands Area
"132,000",3.0,4.0,Nairobi,Kilimani
"133,000",1.0,,Nairobi, Parklands
"135,000",4.0,3.0,Nairobi, Kilimani
"135,000",3.0,3.0,Nairobi,Lavington
"135,000",4.0,3.0,Nairobi,Waiyaki Way
"135,000",3.0,4.0,Nairobi,General Mathenge
"135,000",3.0,4.0,Nairobi,Kileleshwa
"135,000",3.0,4.0,Nairobi,Kilimani
"135,000",4.0,4.0,Nairobi, Parklands
"135,000",1.0,1.0,Nairobi, Westlands Area
"135,000",2.0,2.0,Nairobi, Kileleshwa
"135,000",3.0,4.0,Nairobi, Parklands
"135,000",2.0,3.0,Nairobi, Westlands Area
"135,000",3.0,2.0,Nairobi,Lavington
"135,000",4.0,3.0,Nairobi,Waiyaki Way
"135,000",3.0,3.0,Nairobi, Brookside
"135,000",2.0,2.0,Nairobi,Westlands Area
"135,000",2.0,2.0,Nairobi, Westlands Area
"135,000",4.0,,Nairobi, Kilimani
"136,000",3.0,3.0,Nairobi,Rhapta Road
"140,000",3.0,2.0,Nairobi, Westlands Area
"140,000",1.0,1.0,Nairobi, Riverside
"140,000",4.0,4.0,Nairobi, General Mathenge
"140,000",3.0,3.0,Nairobi, Rhapta Road
"140,000",2.0,2.0,Nairobi, Riverside
"140,000",3.0,4.0,Nairobi,Lavington
"140,000",4.0,5.0,Nairobi,Lavington
"140,000",2.0,2.0,Nairobi, Lavington
"140,000",1.0,1.0,Nairobi, Old Muthaiga
"140,000",2.0,,Nairobi,Riverside
"140,000",2.0,2.0,Nairobi, Kilimani
"140,000",3.0,5.0,Nairobi, Kileleshwa
"140,000",3.0,2.0,Nairobi, Kileleshwa
"140,000",3.0,5.0,Nairobi, Lavington
"140,000",3.0,3.0,Nairobi, Lavington
"140,000",3.0,4.0,Nairobi,Kilimani
"140,000",4.0,5.0,Nairobi,Kileleshwa
"140,000",1.0,1.0,Nairobi, Brookside
"140,000",3.0,,Nairobi,Parklands
"140,000",4.0,3.0,Nairobi,Waiyaki Way
"140,000",4.0,3.0,Nairobi, Waiyaki Way
"140,000",1.0,,Nairobi,Lavington
"140,000",4.0,3.0,Nairobi,Rhapta Road
"140,000",2.0,2.0,Nairobi, Westlands Area
"140,000",3.0,2.0,Nairobi, Kileleshwa
"140,000",2.0,2.0,Nairobi,Westlands Area
"140,000",3.0,3.0,Nairobi,Parklands
"140,000",3.0,3.0,Nairobi,Lower Kabete
"140,000",2.0,2.0,Nairobi, Westlands Area
"140,000",2.0,2.0,Nairobi, Kilimani
"140,000",1.0,1.0,Nairobi, Riverside
"140,000",2.0,2.0,Nairobi, Kilimani
"140,000",3.0,3.0,Nairobi, Riverside
"140,000",3.0,4.0,Nairobi,Parklands
"140,000",3.0,3.0,Nairobi, Brookside
"140,000",3.0,3.0,Nairobi, Westlands Area
"140,000",3.0,3.0,Nairobi,Westlands Area
"140,000",3.0,2.0,Nairobi,Kileleshwa
"140,000",3.0,3.0,Nairobi, Brookside
"140,000",3.0,3.0,Nairobi, Westlands Area
"140,000",3.0,3.0,Nairobi,Riverside
"140,000",3.0,3.0,Nairobi,Lavington
"140,000",3.0,5.0,Nairobi, Kileleshwa
"140,000",2.0,2.0,Nairobi,Kileleshwa
"140,000",3.0,4.0,Nairobi,Lavington
"140,000",2.0,2.0,Nairobi,Kilimani
"140,000",2.0,2.0,Nairobi,Waiyaki Way
"140,000",2.0,2.0,Nairobi,Riverside
"140,000",3.0,2.0,Nairobi,Kilimani
"140,000",2.0,,Nairobi,Kilimani
"140,000",3.0,2.0,Nairobi,General Mathenge
"140,000",2.0,2.0,Nairobi, Kileleshwa
"140,000",2.0,3.0,Nairobi,General Mathenge
"140,000",3.0,3.0,Nairobi, Westlands Area
"140,000",3.0,3.0,Nairobi, Brookside
"140,000",3.0,4.0,Nairobi, Valley Arcade
"140,000",4.0,3.0,Nairobi,Riverside
"140,000",2.0,2.0,Nairobi,Westlands Area
"140,000",2.0,,Nairobi,Kilimani
"140,000",4.0,4.0,Nairobi, Parklands
"140,000",3.0,4.0,Nairobi,Riverside
"145,000",4.0,5.0,Nairobi, Parklands
"145,000",3.0,4.0,Nairobi,Kilimani
"145,000",3.0,3.0,Nairobi,Thika Road
"145,000",3.0,3.0,Nairobi, Kileleshwa
"145,000",3.0,5.0,Nairobi, Riverside
"145,000",4.0,4.0,Nairobi,Parklands
"145,000",3.0,3.0,Nairobi, Kileleshwa
"145,000",2.0,2.0,Nairobi,Westlands Area
"145,000",3.0,3.0,Nairobi,Kilimani
"145,000",3.0,3.0,Nairobi, Kileleshwa
"150,000",2.0,2.0,Nairobi, Kilimani
"150,000",4.0,5.0,Nairobi,Kilimani
"150,000",4.0,4.0,Nairobi, Lavington
"150,000",2.0,2.0,Nairobi, Riverside
"150,000",2.0,2.0,Nairobi, Kileleshwa
"150,000",3.0,3.0,Nairobi,Riverside
"150,000",3.0,,Nairobi,General Mathenge
"150,000",4.0,4.0,Nairobi, Lavington
"150,000",4.0,5.0,Nairobi, Kileleshwa
"150,000",4.0,,Nairobi, Parklands
"150,000",4.0,4.0,Nairobi,Westlands Area
"150,000",4.0,5.0,Nairobi, Kileleshwa
"150,000",4.0,5.0,Nairobi,Kileleshwa
"150,000",2.0,2.0,Nairobi,Lavington
"150,000",2.0,,Nairobi,Kilimani
"150,000",4.0,4.0,Nairobi, Lavington
"150,000",4.0,,Nairobi, Parklands
"150,000",4.0,3.0,Nairobi,Westlands Area
"150,000",3.0,4.0,Nairobi, Kileleshwa
"150,000",4.0,5.0,Nairobi, Rhapta Road
"150,000",3.0,4.0,Nairobi, Nyari
"150,000",2.0,,Nairobi,Waiyaki Way
"150,000",4.0,,Nairobi,Kileleshwa
"150,000",3.0,4.0,Nairobi,Riverside
"150,000",2.0,2.0,Nairobi, Kilimani
"150,000",3.0,3.0,Nairobi,Rhapta Road
"150,000",3.0,2.0,Nairobi, Kilimani
"150,000",3.0,3.0,Nairobi,Kilimani
"150,000",2.0,2.0,Nairobi,Westlands Area
"150,000",2.0,2.0,Nairobi, Kilimani
"150,000",4.0,4.0,Nairobi, Parklands
"150,000",2.0,,Nairobi,Kilimani
"150,000",1.0,1.0,Nairobi, Waiyaki Way
"150,000",2.0,2.0,Nairobi, Waiyaki Way
"150,000",3.0,4.0,Nairobi, Kileleshwa
"150,000",4.0,3.0,Nairobi, Rhapta Road
"150,000",2.0,3.0,Nairobi,Karen
"150,000",4.0,5.0,Nairobi,Kilimani
"150,000",2.0,1.0,Nairobi,Thika Road
"150,000",3.0,4.0,Nairobi, Kileleshwa
"150,000",3.0,4.0,Nairobi, Brookside
"150,000",3.0,2.0,Nairobi,Lavington
"150,000",3.0,2.0,Nairobi,Lavington
"150,000",4.0,,Nairobi,Rhapta Road
"150,000",3.0,3.0,Nairobi,Kileleshwa
"150,000",4.0,,Nairobi,Nyari
"150,000",3.0,2.0,Nairobi, Kilimani
"150,000",4.0,5.0,Nairobi, Kilimani
"150,000",4.0,5.0,Nairobi, Lavington
"150,000",3.0,4.0,Nairobi, Kileleshwa
"150,000",3.0,4.0,Nairobi, Rhapta Road
"150,000",3.0,4.0,Nairobi,Brookside
"150,000",3.0,3.0,Nairobi, Westlands Area
"150,000",3.0,3.0,Nairobi,Kilimani
"150,000",2.0,3.0,Nairobi,General Mathenge
"150,000",4.0,5.0,Nairobi, Spring Valley
"150,000",4.0,4.0,Nairobi,Kileleshwa
"150,000",3.0,2.0,Nairobi,Kiambu Road
"150,000",4.0,3.0,Nairobi,Westlands Area
"150,000",4.0,4.0,Nairobi,Westlands Area
"150,000",1.0,1.0,Nairobi,Westlands Area
"150,000",2.0,2.0,Nairobi, Rosslyn
"150,000",2.0,2.0,Nairobi, Rosslyn
"150,000",2.0,2.0,Nairobi, Brookside
"150,000",2.0,2.0,Nairobi, Westlands Area
"150,000",2.0,,Nairobi,Westlands Area
"150,000",3.0,,Nairobi,Brookside
"150,000",3.0,,Nairobi,Hurlingham
"150,000",2.0,2.0,Nairobi,Kileleshwa
"150,000",2.0,2.0,Nairobi,Westlands Area
"150,000",3.0,3.0,Nairobi,Kilimani
"150,000",2.0,3.0,Nairobi,Westlands Area
"150,000",4.0,4.0,Nairobi, Brookside
"150,000",3.0,4.0,Nairobi,Rhapta Road
"150,000",4.0,4.0,Nairobi,Westlands Area
"150,000",3.0,3.0,Nairobi, Lavington
"150,000",4.0,,Nairobi,Parklands
"150,000",3.0,,Nairobi,Westlands Area
"150,000",3.0,3.0,Nairobi, Kileleshwa
"150,000",2.0,2.0,Nairobi, Kilimani
"150,000",3.0,2.0,Nairobi,Dennis Pritt
"150,000",3.0,2.0,Nairobi, Parklands
"150,000",3.0,3.0,Nairobi,Kyuna
"150,000",3.0,4.0,Nairobi, Kilimani
"150,000",2.0,2.0,Nairobi, Westlands Area
"150,000",2.0,2.0,Nairobi, Westlands Area
"150,000",3.0,2.0,Nairobi,Dennis Pritt
"150,000",3.0,4.0,Nairobi, Kilimani
"150,000",3.0,2.0,Nairobi,Gigiri
"150,000",2.0,,Nairobi, Upper Hill
"150,000",4.0,3.0,Nairobi, Lavington
"150,000",1.0,1.0,Nairobi, Kilimani
"150,000",3.0,3.0,Nairobi, Kilimani
"150,000",4.0,4.0,Nairobi,Kileleshwa
"150,000",4.0,4.0,Nairobi,Westlands Area
"150,000",3.0,4.0,Nairobi,Westlands Area
"150,000",2.0,2.0,Nairobi,Riverside
"150,000",4.0,4.0,Nairobi, General Mathenge
"150,000",3.0,,Nairobi, Brookside
"150,000",3.0,4.0,Nairobi,Kileleshwa
"150,000",4.0,4.0,Nairobi,Lavington
"150,000",3.0,3.0,Nairobi,Rhapta Road
"150,000",2.0,2.0,Nairobi, Parklands
"150,000",2.0,3.0,Nairobi,Kilimani
"150,000",3.0,,Nairobi,Brookside
"150,000",4.0,4.0,Nairobi,Lavington
"150,000",3.0,,Nairobi, Rhapta Road
"150,000",3.0,2.0,Nairobi, Lavington
"150,000",3.0,3.0,Nairobi,Lavington
"150,000",2.0,2.0,Nairobi,Kilimani
"150,000",3.0,3.0,Nairobi,Kileleshwa
"150,000",2.0,2.0,Nairobi,Westlands Area
"155,000",4.0,4.0,Nairobi,General Mathenge
"155,000",2.0,2.0,Nairobi,Parklands
"155,000",3.0,5.0,Nairobi,Brookside
"155,000",4.0,4.0,Nairobi, Spring Valley
"155,000",3.0,5.0,Nairobi,Brookside
"155,000",3.0,5.0,Nairobi, Riverside
"158,000",4.0,3.0,Nairobi,Westlands Area
"160,000",4.0,3.0,Nairobi, Westlands Area
"160,000",2.0,2.0,Nairobi, General Mathenge
"160,000",1.0,1.0,Nairobi,Gigiri
"160,000",4.0,,Nairobi,Lavington
"160,000",4.0,4.0,Nairobi, Kilimani
"160,000",4.0,4.0,Nairobi,Lavington
"160,000",4.0,3.0,Nairobi, Kilimani
"160,000",3.0,3.0,Nairobi, Lavington
"160,000",3.0,3.0,Nairobi,General Mathenge
"160,000",3.0,2.0,Nairobi,Westlands Area
"160,000",2.0,2.0,Nairobi,Westlands Area
"160,000",3.0,3.0,Nairobi,General Mathenge
"160,000",3.0,2.0,Nairobi,Westlands Area
"160,000",2.0,2.0,Nairobi,Westlands Area
"160,000",3.0,2.0,Nairobi,Gigiri
"160,000",2.0,2.0,Nairobi, Westlands Area
"160,000",3.0,3.0,Nairobi, Brookside
"160,000",3.0,,Nairobi,Westlands Area
"160,000",3.0,4.0,Nairobi,General Mathenge
"160,000",1.0,2.0,Nairobi,Rhapta Road
"160,000",3.0,3.0,Nairobi, Kileleshwa
"160,000",3.0,3.0,Nairobi, Westlands Area
"160,000",4.0,4.0,Nairobi,Spring Valley
"160,000",3.0,3.0,Nairobi, Lavington
"160,000",3.0,3.0,Nairobi,Valley Arcade
"160,000",2.0,1.0,Nairobi,Spring Valley
"160,000",3.0,3.0,Nairobi,Riverside
"160,000",2.0,2.0,Nairobi,Kileleshwa
"160,000",4.0,4.0,Nairobi,Brookside
"160,000",3.0,2.0,Nairobi, Westlands Area
"160,000",3.0,,Nairobi,Upper Hill
"160,000",3.0,5.0,Nairobi,General Mathenge
"160,000",4.0,4.0,Nairobi, General Mathenge
"160,000",2.0,3.0,Nairobi,General Mathenge
"160,000",3.0,3.0,Nairobi, Kilimani
"160,000",3.0,3.0,Nairobi, Kileleshwa
"160,000",2.0,2.0,Nairobi, Kilimani
"160,000",3.0,4.0,Nairobi,Riverside
"160,000",3.0,2.0,Nairobi, Lavington
"160,000",2.0,3.0,Nairobi,Karura
"160,000",1.0,1.0,Nairobi,Westlands Area
"160,000",2.0,3.0,Nairobi,Karura
"160,000",1.0,1.0,Nairobi,Westlands Area
"160,000",2.0,2.0,Nairobi,Westlands Area
"160,000",3.0,3.0,Nairobi,Riverside
"160,000",2.0,3.0,Nairobi,Kileleshwa
"160,000",4.0,4.0,Nairobi, Kilimani
"160,000",4.0,5.0,Nairobi, General Mathenge
"160,000",2.0,2.0,Nairobi,Lavington
"160,000",3.0,4.0,Nairobi,Parklands
"160,000",4.0,6.0,Nairobi, Kileleshwa
"160,000",3.0,4.0,Nairobi,Kilimani
"160,000",3.0,3.0,Nairobi, Kilimani
"160,000",4.0,4.0,Nairobi, General Mathenge
"160,000",3.0,,Nairobi, Rhapta Road
"160,000",3.0,4.0,Nairobi,Riverside
"160,000",3.0,3.0,Nairobi, Kilimani
"160,000",4.0,5.0,Nairobi, Spring Valley
"160,000",4.0,4.0,Nairobi,Loresho
"160,000",2.0,2.0,Nairobi,Westlands Area
"160,000",2.0,2.0,Nairobi, Westlands Area
"160,000",3.0,,Nairobi, Rhapta Road
"160,000",3.0,4.0,Nairobi,Riverside
"160,000",3.0,4.0,Nairobi, Kilimani
"160,000",4.0,4.0,Nairobi, General Mathenge
"160,000",3.0,4.0,Nairobi,Nyali Area
"160,000",2.0,,Nairobi,Kilimani
"160,000",4.0,,Nairobi, Westlands Area
"160,000",2.0,,Nairobi,Westlands Area
"160,000",1.0,2.0,Nairobi,Waiyaki Way
"160,000",3.0,2.0,Nairobi, Spring Valley
"160,000",3.0,4.0,Nairobi,Brookside
"165,000",3.0,3.0,Nairobi, Kilimani
"165,000",3.0,3.0,Nairobi,Rhapta Road
"165,000",3.0,4.0,Nairobi, Kilimani
"165,000",4.0,4.0,Nairobi, Westlands Area
"165,000",4.0,,Nairobi,Parklands
"165,000",3.0,3.0,Nairobi,General Mathenge
"165,000",3.0,4.0,Nairobi, General Mathenge
"165,000",3.0,,Nairobi, Parklands
"165,000",3.0,4.0,Nairobi, General Mathenge
"165,000",4.0,3.0,Nairobi,Westlands Area
"165,000",4.0,3.0,Nairobi,Brookside
"165,000",2.0,2.0,Nairobi, Karura
"165,000",3.0,3.0,Nairobi,Kilimani
"165,000",2.0,,Nairobi,Lavington
"165,000",2.0,3.0,Nairobi, Kilimani
"170,000",3.0,3.0,Nairobi, Lavington
"170,000",3.0,3.0,Nairobi, General Mathenge
"170,000",3.0,4.0,Nairobi, Kilimani
"170,000",3.0,3.0,Nairobi, Kilimani
"170,000",2.0,2.0,Nairobi, Spring Valley
"170,000",3.0,3.0,Nairobi, General Mathenge
"170,000",3.0,3.0,Nairobi, Riverside
"170,000",3.0,4.0,Nairobi, Kileleshwa
"170,000",3.0,3.0,Nairobi,Parklands
"170,000",3.0,3.0,Nairobi, General Mathenge
"170,000",3.0,3.0,Nairobi, General Mathenge
"170,000",3.0,3.0,Nairobi,Nyari
"170,000",4.0,5.0,Nairobi, General Mathenge
"170,000",3.0,4.0,Nairobi, Brookside
"170,000",2.0,2.0,Nairobi, Kilimani
"170,000",3.0,3.0,Nairobi, Kileleshwa
"170,000",3.0,3.0,Nairobi, Brookside
"170,000",2.0,2.0,Nairobi, Kilimani
"170,000",2.0,3.0,Nairobi, Kilimani
"170,000",3.0,4.0,Nairobi, Brookside
"170,000",2.0,2.0,Nairobi,Parklands
"170,000",2.0,3.0,Nairobi,General Mathenge
"170,000",1.0,,Nairobi, Kilimani
"170,000",2.0,2.0,Nairobi,Kilimani
"170,000",3.0,3.0,Nairobi,Kilimani
"170,000",3.0,,Nairobi, Kilimani
"170,000",2.0,2.0,Nairobi, Kilimani
"170,000",3.0,3.0,Nairobi, Kileleshwa
"170,000",5.0,6.0,Nairobi,Kilimani
"170,000",3.0,3.0,Nairobi,Riverside
"170,000",4.0,3.0,Nairobi, Parklands
"170,000",1.0,1.0,Nairobi,Kilimani
"170,000",3.0,3.0,Nairobi,Westlands Area
"170,000",3.0,4.0,Nairobi, Brookside
"170,000",4.0,,Nairobi, Parklands
"170,000",3.0,4.0,Nairobi,General Mathenge
"170,000",3.0,2.0,Nairobi, Thika Road
"170,000",3.0,4.0,Nairobi,Riverside
"170,000",2.0,2.0,Nairobi,Kilimani
"172,000",3.0,4.0,Nairobi,Kilimani
"172,000",4.0,4.0,Nairobi,Parklands
"175,000",3.0,,Nairobi, Parklands
"175,000",3.0,,Nairobi,General Mathenge
"175,000",3.0,4.0,Nairobi,General Mathenge
"175,000",4.0,4.0,Nairobi, Westlands Area
"175,000",4.0,,Nairobi,General Mathenge
"175,000",2.0,2.0,Nairobi,Kilimani
"175,000",3.0,3.0,Nairobi,Parklands
"175,000",4.0,4.0,Nairobi,General Mathenge
"175,000",4.0,5.0,Nairobi, General Mathenge
"175,000",3.0,3.0,Nairobi,General Mathenge
"175,000",3.0,3.0,Nairobi, Riverside
"175,000",3.0,3.0,Nairobi,General Mathenge
"175,000",4.0,4.0,Nairobi, General Mathenge
"175,000",4.0,4.0,Nairobi, Westlands Area
"175,000",2.0,2.0,Nairobi,Thigiri
"180,000",2.0,2.0,Nairobi, Kilimani
"180,000",3.0,3.0,Nairobi, Riverside
"180,000",3.0,,Nairobi,State House
"180,000",2.0,2.0,Nairobi, Kilimani
"180,000",4.0,4.0,Nairobi, Riverside
"180,000",3.0,3.0,Nairobi, Kilimani
"180,000",3.0,3.0,Nairobi,Kilimani
"180,000",4.0,4.0,Nairobi,Upper Hill
"180,000",1.0,2.0,Nairobi,Westlands Area
"180,000",2.0,2.0,Nairobi, Westlands Area
"180,000",3.0,3.0,Nairobi, Karura
"180,000",3.0,4.0,Nairobi,Brookside
"180,000",3.0,,Nairobi, Kileleshwa
"180,000",2.0,2.0,Nairobi, Spring Valley
"180,000",4.0,5.0,Nairobi,Kileleshwa
"180,000",4.0,4.0,Nairobi,Westlands Area
"180,000",2.0,,Nairobi,Kilimani
