,Bedrooms,Bathrooms,Price,City,Location
0,3,3,200000, Nairobi, Riverside
1,3,4,70000, Nairobi,Kileleshwa
2,3,2,38000, Mombasa, Nyali
3,3,3,80000, Nairobi, Lavington
4,1,1,110000, Nairobi,Kileleshwa
5,4,2,57750, Nairobi, Kahawa Wendani
6,2,3,65000, Nairobi,Kilimani
7,3,3,78000,,
8,1,1,150000, Mombasa,Nyali
9,4,5,300000, Nairobi,Muthaiga
10,1,1,150000, Mombasa,Nyali
11,4,2,165000, Nairobi,Westlands
12,3,3,55000, Kikuyu, Kikuyu
13,1,1,55000, Mombasa,Shanzu
14,2,2,75000, Nairobi, Westlands
15,2,2,75000,,
16,2,2,55000, Nairobi, Kileleshwa
17,3,3,75000, Nairobi,Kilimani
18,3,2,45000,,
19,2,3,65000, Nairobi, Spring Valley
20,2,2,100000, Nairobi,Westlands
21,3,3,200000, Nairobi, Riverside
22,3,4,70000, Nairobi,Kileleshwa
23,3,2,38000, Mombasa, Nyali
24,3,3,80000, Nairobi, Lavington
25,1,1,110000, Nairobi,Kileleshwa
26,1,1,110000, Nairobi,Kileleshwa
27,4,2,57750, Nairobi, Kahawa Wendani
28,2,3,65000, Nairobi,Kilimani
29,3,3,78000,,
30,4,5,300000, Nairobi,Muthaiga
31,1,1,150000, Mombasa,Nyali
32,4,2,165000, Nairobi,Westlands
33,3,3,55000, Kikuyu, Kikuyu
34,1,1,55000, Mombasa,Shanzu
35,2,2,75000, Nairobi, Westlands
36,2,2,75000,,
37,2,2,55000, Nairobi, Kileleshwa
38,3,3,75000, Nairobi,Kilimani
39,3,2,45000,,
40,2,3,65000, Nairobi, Spring Valley
41,2,2,100000, Nairobi,Westlands
42,3,3,200000, Nairobi, Riverside
43,3,4,70000, Nairobi,Kileleshwa
44,3,2,38000, Mombasa, Nyali
45,3,3,80000, Nairobi, Lavington
46,1,1,110000, Nairobi,Kileleshwa
47,4,2,57750, Nairobi, Kahawa Wendani
48,2,3,65000, Nairobi,Kilimani
49,3,3,78000,,
50,4,5,300000, Nairobi,Muthaiga
51,1,1,150000, Mombasa,Nyali
52,4,2,165000, Nairobi,Westlands
53,4,2,165000, Nairobi,Westlands
54,3,3,55000, Kikuyu, Kikuyu
55,1,1,55000, Mombasa,Shanzu
56,2,2,75000, Nairobi, Westlands
57,2,2,75000,,
58,2,2,55000, Nairobi, Kileleshwa
59,3,3,75000, Nairobi,Kilimani
60,3,2,45000,,
61,2,3,65000, Nairobi, Spring Valley
62,2,2,100000, Nairobi,Westlands
63,3,3,200000, Nairobi, Riverside
64,3,4,70000, Nairobi,Kileleshwa
65,3,2,38000, Mombasa, Nyali
66,3,3,80000, Nairobi, Lavington
67,1,1,110000, Nairobi,Kileleshwa
68,4,2,57750, Nairobi, Kahawa Wendani
69,2,3,65000, Nairobi,Kilimani
70,3,3,78000,,
71,4,5,300000, Nairobi,Muthaiga
72,1,1,150000, Mombasa,Nyali
73,4,2,165000, Nairobi,Westlands
74,3,3,55000, Kikuyu, Kikuyu
75,1,1,55000, Mombasa,Shanzu
76,2,2,75000, Nairobi, Westlands
77,2,2,75000,,
78,4,2,165000, Nairobi,Westlands
79,2,2,55000, Nairobi, Kileleshwa
80,3,3,75000, Nairobi,Kilimani
81,3,2,45000,,
82,2,3,65000, Nairobi, Spring Valley
83,2,2,100000, Nairobi,Westlands
84,3,3,200000, Nairobi, Riverside
85,3,4,70000, Nairobi,Kileleshwa
86,3,2,38000, Mombasa, Nyali
87,3,3,80000, Nairobi, Lavington
88,1,1,110000, Nairobi,Kileleshwa
89,4,2,57750, Nairobi, Kahawa Wendani
90,2,3,65000, Nairobi,Kilimani
91,1,1,55000, Mombasa,Shanzu
92,3,3,78000,,
93,4,5,300000, Nairobi,Muthaiga
94,1,1,150000, Mombasa,Nyali
95,4,2,165000, Nairobi,Westlands
96,3,3,55000, Kikuyu, Kikuyu
97,1,1,55000, Mombasa,Shanzu
98,2,2,75000, Nairobi, Westlands
99,2,2,75000,,
100,2,2,55000, Nairobi, Kileleshwa
101,3,3,75000, Nairobi,Kilimani
102,3,2,45000,,
103,2,3,65000, Nairobi, Spring Valley
104,2,2,100000, Nairobi,Westlands
105,3,3,200000, Nairobi, Riverside
106,3,4,70000, Nairobi,Kileleshwa
107,3,2,38000, Mombasa, Nyali
108,3,3,80000, Nairobi, Lavington
109,1,1,110000, Nairobi,Kileleshwa
110,4,2,57750, Nairobi, Kahawa Wendani
111,2,3,65000, Nairobi,Kilimani
112,3,3,78000,,
113,4,5,300000, Nairobi,Muthaiga
114,1,1,150000, Mombasa,Nyali
115,4,2,165000, Nairobi,Westlands
116,3,3,55000, Kikuyu, Kikuyu
117,1,1,55000, Mombasa,Shanzu
118,3,4,70000, Nairobi,Kileleshwa
119,2,2,75000, Nairobi, Westlands
120,2,2,75000,,
121,2,2,55000, Nairobi, Kileleshwa
122,3,3,75000, Nairobi,Kilimani
123,3,2,45000,,
124,2,3,65000, Nairobi, Spring Valley
125,2,2,100000, Nairobi,Westlands
126,3,3,200000, Nairobi, Riverside
127,3,4,70000, Nairobi,Kileleshwa
128,3,2,38000, Mombasa, Nyali
129,4,2,57750, Nairobi, Kahawa Wendani
130,3,3,80000, Nairobi, Lavington
131,1,1,110000, Nairobi,Kileleshwa
132,4,2,57750, Nairobi, Kahawa Wendani
133,2,3,65000, Nairobi,Kilimani
134,3,3,78000,,
135,4,5,300000, Nairobi,Muthaiga
136,1,1,150000, Mombasa,Nyali
137,4,2,165000, Nairobi,Westlands
138,3,3,55000, Kikuyu, Kikuyu
139,1,1,55000, Mombasa,Shanzu
140,2,2,75000, Nairobi, Westlands
141,2,2,75000,,
142,2,2,55000, Nairobi, Kileleshwa
143,3,3,75000, Nairobi,Kilimani
144,3,2,45000,,
145,2,3,65000, Nairobi, Spring Valley
146,2,2,100000, Nairobi,Westlands
147,3,3,200000, Nairobi, Riverside
148,3,4,70000, Nairobi,Kileleshwa
149,3,2,38000, Mombasa, Nyali
150,3,3,80000, Nairobi, Lavington
151,1,1,110000, Nairobi,Kileleshwa
152,4,2,57750, Nairobi, Kahawa Wendani
153,2,3,65000, Nairobi,Kilimani
154,3,3,78000,,
155,4,5,300000, Nairobi,Muthaiga
156,1,1,150000, Mombasa,Nyali
157,4,2,165000, Nairobi,Westlands
158,3,3,55000, Kikuyu, Kikuyu
159,1,1,55000, Mombasa,Shanzu
160,2,2,75000, Nairobi, Westlands
161,2,2,75000,,
162,2,2,55000, Nairobi, Kileleshwa
163,3,3,55000, Kikuyu, Kikuyu
164,3,3,75000, Nairobi,Kilimani
165,3,2,45000,,
166,2,3,65000, Nairobi, Spring Valley
167,2,2,100000, Nairobi,Westlands
168,3,3,200000, Nairobi, Riverside
169,3,4,70000, Nairobi,Kileleshwa
170,3,2,38000, Mombasa, Nyali
171,3,3,80000, Nairobi, Lavington
172,1,1,110000, Nairobi,Kileleshwa
173,4,2,57750, Nairobi, Kahawa Wendani
174,2,3,65000, Nairobi,Kilimani
175,3,3,78000,,
176,4,5,300000, Nairobi,Muthaiga
177,1,1,150000, Mombasa,Nyali
178,4,2,165000, Nairobi,Westlands
179,3,3,55000, Kikuyu, Kikuyu
180,1,1,55000, Mombasa,Shanzu
181,2,2,75000, Nairobi, Westlands
182,2,2,75000,,
183,2,2,75000,,
184,2,2,55000, Nairobi, Kileleshwa
185,3,3,75000, Nairobi,Kilimani
186,3,2,45000,,
187,2,3,65000, Nairobi, Spring Valley
188,2,2,100000, Nairobi,Westlands
189,3,3,200000, Nairobi, Riverside
190,3,4,70000, Nairobi,Kileleshwa
191,3,2,38000, Mombasa, Nyali
192,3,3,80000, Nairobi, Lavington
193,1,1,110000, Nairobi,Kileleshwa
194,4,2,57750, Nairobi, Kahawa Wendani
195,2,3,65000, Nairobi,Kilimani
196,3,3,78000,,
197,4,5,300000, Nairobi,Muthaiga
198,2,3,65000, Nairobi,Kilimani
199,1,1,150000, Mombasa,Nyali
200,4,2,165000, Nairobi,Westlands
201,3,3,55000, Kikuyu, Kikuyu
202,1,1,55000, Mombasa,Shanzu
203,2,2,75000, Nairobi, Westlands
204,2,2,75000,,
205,2,2,55000, Nairobi, Kileleshwa
206,3,3,75000, Nairobi,Kilimani
207,3,2,45000,,
208,2,3,65000, Nairobi, Spring Valley
209,2,2,100000, Nairobi,Westlands
210,3,3,200000, Nairobi, Riverside
211,3,4,70000, Nairobi,Kileleshwa
212,3,2,38000, Mombasa, Nyali
213,3,3,80000, Nairobi, Lavington
214,1,1,110000, Nairobi,Kileleshwa
215,4,2,57750, Nairobi, Kahawa Wendani
216,2,3,65000, Nairobi,Kilimani
217,3,3,78000,,
218,4,5,300000, Nairobi,Muthaiga
219,1,1,150000, Mombasa,Nyali
220,1,1,55000, Mombasa,Shanzu
221,4,2,165000, Nairobi,Westlands
222,3,3,55000, Kikuyu, Kikuyu
223,1,1,55000, Mombasa,Shanzu
224,2,2,75000, Nairobi, Westlands
225,2,2,75000,,
226,2,2,55000, Nairobi, Kileleshwa
227,3,3,75000, Nairobi,Kilimani
228,3,2,45000,,
229,2,3,65000, Nairobi, Spring Valley
230,2,2,100000, Nairobi,Westlands
231,3,3,200000, Nairobi, Riverside
232,3,4,70000, Nairobi,Kileleshwa
233,3,2,38000, Mombasa, Nyali
234,3,3,80000, Nairobi, Lavington
235,1,1,110000, Nairobi,Kileleshwa
236,4,2,57750, Nairobi, Kahawa Wendani
237,2,3,65000, Nairobi,Kilimani
238,3,3,78000,,
239,4,5,300000, Nairobi,Muthaiga
240,1,1,150000, Mombasa,Nyali
241,4,2,165000, Nairobi,Westlands
242,3,3,55000, Kikuyu, Kikuyu
243,1,1,55000, Mombasa,Shanzu
244,2,2,75000, Nairobi, Westlands
245,2,2,75000,,
246,1,1,110000, Nairobi,Kileleshwa
247,2,2,55000, Nairobi, Kileleshwa
248,3,3,75000, Nairobi,Kilimani
249,3,2,45000,,
250,2,3,65000, Nairobi, Spring Valley
251,2,2,100000, Nairobi,Westlands
252,3,3,200000, Nairobi, Riverside
253,3,4,70000, Nairobi,Kileleshwa
254,3,2,38000, Mombasa, Nyali
255,3,3,80000, Nairobi, Lavington
256,1,1,110000, Nairobi,Kileleshwa
257,4,2,57750, Nairobi, Kahawa Wendani
258,2,3,65000, Nairobi,Kilimani
259,3,3,78000,,
260,4,5,300000, Nairobi,Muthaiga
261,1,1,150000, Mombasa,Nyali
262,4,2,165000, Nairobi,Westlands
263,3,3,55000, Kikuyu, Kikuyu
264,1,1,55000, Mombasa,Shanzu
265,2,2,75000, Nairobi, Westlands
266,2,2,75000, Nairobi, Westlands
267,2,2,75000,,
268,2,2,55000, Nairobi, Kileleshwa
269,3,3,75000, Nairobi,Kilimani
270,3,2,45000,,
271,2,3,65000, Nairobi, Spring Valley
272,2,2,100000, Nairobi,Westlands
273,3,3,200000, Nairobi, Riverside
274,3,4,70000, Nairobi,Kileleshwa
275,3,2,38000, Mombasa, Nyali
276,3,3,80000, Nairobi, Lavington
277,2,3,65000, Nairobi, Spring Valley
278,1,1,110000, Nairobi,Kileleshwa
279,4,2,57750, Nairobi, Kahawa Wendani
280,2,3,65000, Nairobi,Kilimani
281,3,3,78000,,
282,4,5,300000, Nairobi,Muthaiga
283,1,1,150000, Mombasa,Nyali
284,4,2,165000, Nairobi,Westlands
285,3,3,55000, Kikuyu, Kikuyu
286,1,1,55000, Mombasa,Shanzu
287,2,2,75000, Nairobi, Westlands
288,2,2,75000,,
289,2,2,55000, Nairobi, Kileleshwa
290,3,3,75000, Nairobi,Kilimani
291,3,2,45000,,
292,2,3,65000, Nairobi, Spring Valley
293,2,2,100000, Nairobi,Westlands
294,3,3,200000, Nairobi, Riverside
295,3,4,70000, Nairobi,Kileleshwa
296,3,2,38000, Mombasa, Nyali
297,3,3,80000, Nairobi, Lavington
298,1,1,110000, Nairobi,Kileleshwa
299,4,2,57750, Nairobi, Kahawa Wendani
300,2,3,65000, Nairobi,Kilimani
301,3,3,78000,,
302,4,5,300000, Nairobi,Muthaiga
303,1,1,150000, Mombasa,Nyali
304,4,2,165000, Nairobi,Westlands
305,3,3,55000, Kikuyu, Kikuyu
306,1,1,55000, Mombasa,Shanzu
307,2,2,75000, Nairobi, Westlands
308,2,2,75000,,
309,2,2,55000, Nairobi, Kileleshwa
310,3,3,75000, Nairobi,Kilimani
311,3,2,45000,,
312,2,3,65000, Nairobi, Spring Valley
313,2,2,100000, Nairobi,Westlands
314,3,3,80000, Nairobi, Lavington
315,3,3,200000, Nairobi, Riverside
316,3,4,70000, Nairobi,Kileleshwa
317,3,2,38000, Mombasa, Nyali
318,3,3,80000, Nairobi, Lavington
319,1,1,110000, Nairobi,Kileleshwa
320,4,2,57750, Nairobi, Kahawa Wendani
321,2,3,65000, Nairobi,Kilimani
322,3,3,78000,,
323,4,5,300000, Nairobi,Muthaiga
324,1,1,150000, Mombasa,Nyali
325,4,2,165000, Nairobi,Westlands
326,3,3,55000, Kikuyu, Kikuyu
327,1,1,55000, Mombasa,Shanzu
328,2,2,75000, Nairobi, Westlands
329,2,2,75000,,
330,2,2,55000, Nairobi, Kileleshwa
331,3,3,75000, Nairobi,Kilimani
332,3,2,45000,,
333,2,3,65000, Nairobi, Spring Valley
334,2,3,65000, Nairobi, Spring Valley
335,2,2,100000, Nairobi,Westlands
336,3,3,200000, Nairobi, Riverside
337,3,4,70000, Nairobi,Kileleshwa
338,3,2,38000, Mombasa, Nyali
339,3,3,80000, Nairobi, Lavington
340,1,1,110000, Nairobi,Kileleshwa
341,4,2,57750, Nairobi, Kahawa Wendani
342,2,3,65000, Nairobi,Kilimani
343,3,3,78000,,
344,4,5,300000, Nairobi,Muthaiga
345,1,1,150000, Mombasa,Nyali
346,4,2,165000, Nairobi,Westlands
347,3,3,55000, Kikuyu, Kikuyu
348,1,1,55000, Mombasa,Shanzu
349,2,2,75000, Nairobi, Westlands
350,2,2,75000,,
351,2,2,55000, Nairobi, Kileleshwa
352,3,3,75000, Nairobi,Kilimani
353,3,2,45000,,
354,2,3,65000, Nairobi, Spring Valley
355,2,2,100000, Nairobi,Westlands
356,3,4,70000, Nairobi,Kileleshwa
357,3,3,200000, Nairobi, Riverside
358,3,4,70000, Nairobi,Kileleshwa
359,3,2,38000, Mombasa, Nyali
360,3,3,80000, Nairobi, Lavington
361,2,2,75000, Nairobi, Westlands
362,1,1,110000, Nairobi,Kileleshwa
363,4,2,57750, Nairobi, Kahawa Wendani
364,2,3,65000, Nairobi,Kilimani
365,3,3,78000,,
366,4,5,300000, Nairobi,Muthaiga
367,1,1,150000, Mombasa,Nyali
368,4,2,165000, Nairobi,Westlands
369,3,3,55000, Kikuyu, Kikuyu
370,1,1,55000, Mombasa,Shanzu
371,2,2,75000, Nairobi, Westlands
372,2,2,75000,,
373,2,2,55000, Nairobi, Kileleshwa
374,3,3,75000, Nairobi,Kilimani
375,3,2,45000,,
376,2,3,65000, Nairobi, Spring Valley
377,2,2,100000, Nairobi,Westlands
378,3,3,200000, Nairobi, Riverside
379,3,4,70000, Nairobi,Kileleshwa
380,3,2,38000, Mombasa, Nyali
381,3,3,80000, Nairobi, Lavington
382,1,1,110000, Nairobi,Kileleshwa
383,4,2,57750, Nairobi, Kahawa Wendani
384,2,3,65000, Nairobi,Kilimani
385,3,3,78000,,
386,4,5,300000, Nairobi,Muthaiga
387,1,1,150000, Mombasa,Nyali
388,4,2,165000, Nairobi,Westlands
389,3,3,55000, Kikuyu, Kikuyu
390,1,1,55000, Mombasa,Shanzu
391,2,2,75000, Nairobi, Westlands
392,2,2,75000,,
393,2,2,55000, Nairobi, Kileleshwa
394,3,3,75000, Nairobi,Kilimani
395,3,2,45000,,
396,2,3,65000, Nairobi, Spring Valley
397,2,2,100000, Nairobi,Westlands
398,3,3,55000, Kikuyu, Kikuyu
399,3,3,200000, Nairobi, Riverside
400,3,4,70000, Nairobi,Kileleshwa
401,3,2,38000, Mombasa, Nyali
402,3,3,80000, Nairobi, Lavington
403,1,1,55000, Mombasa,Shanzu
404,1,1,110000, Nairobi,Kileleshwa
405,4,2,57750, Nairobi, Kahawa Wendani
406,2,3,65000, Nairobi,Kilimani
407,3,3,78000,,
408,4,5,300000, Nairobi,Muthaiga
409,1,1,150000, Mombasa,Nyali
410,4,2,165000, Nairobi,Westlands
411,3,3,55000, Kikuyu, Kikuyu
412,1,1,55000, Mombasa,Shanzu
413,2,2,75000, Nairobi, Westlands
414,2,2,75000,,
415,2,2,55000, Nairobi, Kileleshwa
416,3,3,75000, Nairobi,Kilimani
417,3,2,45000,,
418,2,3,65000, Nairobi, Spring Valley
419,2,2,100000, Nairobi,Westlands
420,3,3,200000, Nairobi, Riverside
421,3,4,70000, Nairobi,Kileleshwa
422,3,2,38000, Mombasa, Nyali
423,3,3,80000, Nairobi, Lavington
424,1,1,110000, Nairobi,Kileleshwa
425,4,2,57750, Nairobi, Kahawa Wendani
426,2,3,65000, Nairobi,Kilimani
427,3,3,78000,,
428,4,5,300000, Nairobi,Muthaiga
429,1,1,150000, Mombasa,Nyali
430,4,2,165000, Nairobi,Westlands
431,3,3,55000, Kikuyu, Kikuyu
432,3,3,55000, Kikuyu, Kikuyu
433,1,1,55000, Mombasa,Shanzu
434,2,2,75000, Nairobi, Westlands
435,2,2,75000,,
436,2,2,55000, Nairobi, Kileleshwa
437,3,3,75000, Nairobi,Kilimani
438,3,2,45000,,
439,2,3,65000, Nairobi, Spring Valley
440,2,2,100000, Nairobi,Westlands
441,3,3,200000, Nairobi, Riverside
442,3,4,70000, Nairobi,Kileleshwa
443,3,2,38000, Mombasa, Nyali
444,3,3,80000, Nairobi, Lavington
445,1,1,110000, Nairobi,Kileleshwa
446,4,2,57750, Nairobi, Kahawa Wendani
447,2,2,100000, Nairobi,Westlands
448,2,3,65000, Nairobi,Kilimani
449,3,3,78000,,
450,4,5,300000, Nairobi,Muthaiga
451,1,1,150000, Mombasa,Nyali
452,4,2,165000, Nairobi,Westlands
453,3,3,55000, Kikuyu, Kikuyu
454,1,1,55000, Mombasa,Shanzu
455,2,2,75000, Nairobi, Westlands
456,2,2,75000,,
457,2,2,55000, Nairobi, Kileleshwa
458,3,3,75000, Nairobi,Kilimani
459,3,2,45000,,
460,2,3,65000, Nairobi, Spring Valley
461,2,2,100000, Nairobi,Westlands
462,3,3,200000, Nairobi, Riverside
463,3,4,70000, Nairobi,Kileleshwa
464,3,2,38000, Mombasa, Nyali
465,3,3,80000, Nairobi, Lavington
466,1,1,110000, Nairobi,Kileleshwa
467,4,2,57750, Nairobi, Kahawa Wendani
468,2,3,65000, Nairobi,Kilimani
469,3,3,78000,,
470,4,5,300000, Nairobi,Muthaiga
471,1,1,150000, Mombasa,Nyali
472,4,2,165000, Nairobi,Westlands
473,2,3,65000, Nairobi, Spring Valley
474,3,3,55000, Kikuyu, Kikuyu
475,1,1,55000, Mombasa,Shanzu
476,2,2,75000, Nairobi, Westlands
477,2,2,75000,,
478,2,2,55000, Nairobi, Kileleshwa
479,3,3,75000, Nairobi,Kilimani
480,3,2,45000,,
481,2,3,65000, Nairobi, Spring Valley
482,2,2,100000, Nairobi,Westlands
483,3,3,200000, Nairobi, Riverside
484,3,4,70000, Nairobi,Kileleshwa
485,3,2,38000, Mombasa, Nyali
486,3,3,80000, Nairobi, Lavington
487,1,1,110000, Nairobi,Kileleshwa
488,4,2,57750, Nairobi, Kahawa Wendani
489,2,3,65000, Nairobi,Kilimani
490,3,3,78000,,
491,3,3,75000, Nairobi,Kilimani
492,4,5,300000, Nairobi,Muthaiga
493,1,1,150000, Mombasa,Nyali
494,4,2,165000, Nairobi,Westlands
495,3,3,55000, Kikuyu, Kikuyu
496,1,1,55000, Mombasa,Shanzu
497,2,2,75000, Nairobi, Westlands
498,2,2,75000,,
499,2,2,55000, Nairobi, Kileleshwa
500,3,3,75000, Nairobi,Kilimani
501,3,2,45000,,
502,2,3,65000, Nairobi, Spring Valley
503,2,2,100000, Nairobi,Westlands
504,3,3,200000, Nairobi, Riverside
505,3,4,70000, Nairobi,Kileleshwa
506,3,2,38000, Mombasa, Nyali
507,3,3,80000, Nairobi, Lavington
508,1,1,110000, Nairobi,Kileleshwa
509,4,2,57750, Nairobi, Kahawa Wendani
510,2,3,65000, Nairobi,Kilimani
511,2,3,65000, Nairobi,Kilimani
512,3,3,78000,,
513,4,5,300000, Nairobi,Muthaiga
514,1,1,150000, Mombasa,Nyali
515,4,2,165000, Nairobi,Westlands
516,3,3,55000, Kikuyu, Kikuyu
517,1,1,55000, Mombasa,Shanzu
518,2,2,75000, Nairobi, Westlands
519,2,2,75000,,
520,2,2,55000, Nairobi, Kileleshwa
521,3,3,75000, Nairobi,Kilimani
522,3,2,45000,,
523,2,3,65000, Nairobi, Spring Valley
524,2,2,100000, Nairobi,Westlands
525,3,3,200000, Nairobi, Riverside
526,3,4,70000, Nairobi,Kileleshwa
527,3,2,38000, Mombasa, Nyali
528,3,3,80000, Nairobi, Lavington
529,1,1,110000, Nairobi,Kileleshwa
530,4,2,57750, Nairobi, Kahawa Wendani
531,2,3,65000, Nairobi,Kilimani
532,3,3,78000,,
533,4,5,300000, Nairobi,Muthaiga
534,1,1,150000, Mombasa,Nyali
535,4,2,165000, Nairobi,Westlands
536,3,3,55000, Kikuyu, Kikuyu
537,1,1,55000, Mombasa,Shanzu
538,2,2,75000, Nairobi, Westlands
539,3,4,70000, Nairobi,Kileleshwa
540,2,2,75000,,
541,2,2,55000, Nairobi, Kileleshwa
542,3,3,75000, Nairobi,Kilimani
543,3,2,45000,,
544,2,3,65000, Nairobi, Spring Valley
545,2,2,100000, Nairobi,Westlands
546,3,3,100000, Nairobi, Kileleshwa
547,3,3,200000, Nairobi, Riverside
548,3,4,70000, Nairobi,Kileleshwa
549,3,2,38000, Mombasa, Nyali
550,1,1,110000, Nairobi,Kileleshwa
551,4,2,57750, Nairobi, Kahawa Wendani
552,2,3,65000, Nairobi,Kilimani
553,3,3,78000,,
554,4,5,300000, Nairobi,Muthaiga
555,1,1,150000, Mombasa,Nyali
556,4,2,165000, Nairobi,Westlands
557,3,3,55000, Kikuyu, Kikuyu
558,4,2,165000, Nairobi,Westlands
559,1,1,55000, Mombasa,Shanzu
560,2,2,75000, Nairobi, Westlands
561,2,2,75000,,
562,2,2,55000, Nairobi, Kileleshwa
563,3,3,75000, Nairobi,Kilimani
564,3,2,45000,,
565,2,3,65000, Nairobi, Spring Valley
566,2,2,100000, Nairobi,Westlands
567,3,3,200000, Nairobi, Riverside
568,3,4,70000, Nairobi,Kileleshwa
569,3,2,38000, Mombasa, Nyali
570,3,3,80000, Nairobi, Lavington
571,1,1,110000, Nairobi,Kileleshwa
572,4,2,57750, Nairobi, Kahawa Wendani
573,2,3,65000, Nairobi,Kilimani
574,3,3,200000, Nairobi, Riverside
575,3,3,78000,,
576,4,5,300000, Nairobi,Muthaiga
577,1,1,150000, Mombasa,Nyali
578,4,2,165000, Nairobi,Westlands
579,3,3,55000, Kikuyu, Kikuyu
580,1,1,55000, Mombasa,Shanzu
581,2,2,75000, Nairobi, Westlands
582,2,2,75000,,
583,2,2,55000, Nairobi, Kileleshwa
584,3,3,75000, Nairobi,Kilimani
585,3,2,45000,,
586,2,3,65000, Nairobi, Spring Valley
587,2,2,100000, Nairobi,Westlands
588,3,3,200000, Nairobi, Riverside
589,3,4,70000, Nairobi,Kileleshwa
590,3,2,38000, Mombasa, Nyali
591,3,3,80000, Nairobi, Lavington
592,1,1,110000, Nairobi,Kileleshwa
593,4,2,57750, Nairobi, Kahawa Wendani
594,2,3,65000, Nairobi,Kilimani
595,3,3,78000,,
596,4,5,300000, Nairobi,Muthaiga
597,1,1,150000, Mombasa,Nyali
598,4,2,165000, Nairobi,Westlands
599,3,3,55000, Kikuyu, Kikuyu
600,1,1,55000, Mombasa,Shanzu
601,3,3,78000,,
602,2,2,75000, Nairobi, Westlands
603,2,2,75000,,
604,2,2,55000, Nairobi, Kileleshwa
605,3,3,75000, Nairobi,Kilimani
606,3,2,45000,,
607,2,3,65000, Nairobi, Spring Valley
608,2,2,100000, Nairobi,Westlands
609,3,3,200000, Nairobi, Riverside
610,3,4,70000, Nairobi,Kileleshwa
611,3,2,38000, Mombasa, Nyali
612,3,3,80000, Nairobi, Lavington
613,1,1,110000, Nairobi,Kileleshwa
614,4,2,57750, Nairobi, Kahawa Wendani
615,2,3,65000, Nairobi,Kilimani
616,3,3,78000,,
617,4,5,300000, Nairobi,Muthaiga
618,1,1,150000, Mombasa,Nyali
619,4,2,165000, Nairobi,Westlands
620,3,3,55000, Kikuyu, Kikuyu
621,1,1,55000, Mombasa,Shanzu
622,2,2,75000, Nairobi, Westlands
623,2,2,75000,,
624,2,2,55000, Nairobi, Kileleshwa
625,3,3,75000, Nairobi,Kilimani
626,3,2,45000,,
627,2,3,65000, Nairobi, Spring Valley
628,2,2,100000, Nairobi,Westlands
629,2,2,75000, Nairobi, Westlands
630,3,3,100000, Nairobi, Kileleshwa
631,3,3,200000, Nairobi, Riverside
632,3,4,70000, Nairobi,Kileleshwa
633,3,2,38000, Mombasa, Nyali
634,1,1,110000, Nairobi,Kileleshwa
635,4,2,57750, Nairobi, Kahawa Wendani
636,2,3,65000, Nairobi,Kilimani
637,3,3,78000,,
638,4,5,300000, Nairobi,Muthaiga
639,1,1,150000, Mombasa,Nyali
640,4,2,165000, Nairobi,Westlands
641,3,3,55000, Kikuyu, Kikuyu
642,1,1,55000, Mombasa,Shanzu
643,2,2,75000, Nairobi, Westlands
644,3,3,200000, Nairobi, Riverside
645,2,2,75000,,
646,2,2,55000, Nairobi, Kileleshwa
647,3,3,75000, Nairobi,Kilimani
648,3,2,45000,,
649,2,3,65000, Nairobi, Spring Valley
650,2,2,100000, Nairobi,Westlands
651,3,3,200000, Nairobi, Riverside
652,3,4,70000, Nairobi,Kileleshwa
653,3,2,38000, Mombasa, Nyali
654,3,3,80000, Nairobi, Lavington
655,1,1,110000, Nairobi,Kileleshwa
656,4,2,57750, Nairobi, Kahawa Wendani
657,2,3,65000, Nairobi,Kilimani
658,3,3,78000,,
659,4,5,300000, Nairobi,Muthaiga
660,1,1,150000, Mombasa,Nyali
661,4,2,165000, Nairobi,Westlands
662,3,3,55000, Kikuyu, Kikuyu
663,1,1,55000, Mombasa,Shanzu
664,3,3,78000,,
665,2,2,75000, Nairobi, Westlands
666,2,2,75000,,
667,2,2,55000, Nairobi, Kileleshwa
668,3,3,75000, Nairobi,Kilimani
669,3,2,45000,,
670,2,3,65000, Nairobi, Spring Valley
671,2,2,100000, Nairobi,Westlands
672,3,3,200000, Nairobi, Riverside
673,3,4,70000, Nairobi,Kileleshwa
674,3,2,38000, Mombasa, Nyali
675,3,3,80000, Nairobi, Lavington
676,1,1,110000, Nairobi,Kileleshwa
677,4,2,57750, Nairobi, Kahawa Wendani
678,2,3,65000, Nairobi,Kilimani
679,3,3,78000,,
680,4,5,300000, Nairobi,Muthaiga
681,1,1,150000, Mombasa,Nyali
682,4,2,165000, Nairobi,Westlands
683,3,3,55000, Kikuyu, Kikuyu
684,1,1,55000, Mombasa,Shanzu
685,2,2,75000, Nairobi, Westlands
686,2,2,75000,,
687,2,2,55000, Nairobi, Kileleshwa
688,3,3,75000, Nairobi,Kilimani
689,3,2,45000,,
690,4,2,165000, Nairobi,Westlands
691,2,3,65000, Nairobi, Spring Valley
692,2,2,100000, Nairobi,Westlands
693,3,3,200000, Nairobi, Riverside
694,3,4,70000, Nairobi,Kileleshwa
695,3,2,38000, Mombasa, Nyali
696,3,3,80000, Nairobi, Lavington
697,1,1,110000, Nairobi,Kileleshwa
698,4,2,57750, Nairobi, Kahawa Wendani
699,2,3,65000, Nairobi,Kilimani
700,3,3,78000,,
701,4,5,300000, Nairobi,Muthaiga
702,1,1,150000, Mombasa,Nyali
703,4,2,165000, Nairobi,Westlands
704,3,3,55000, Kikuyu, Kikuyu
705,1,1,55000, Mombasa,Shanzu
706,2,2,75000, Nairobi, Westlands
707,2,2,75000,,
708,2,2,55000, Nairobi, Kileleshwa
709,3,3,75000, Nairobi,Kilimani
710,2,3,65000, Nairobi, Spring Valley
711,3,2,45000,,
712,2,3,65000, Nairobi, Spring Valley
713,2,2,100000, Nairobi,Westlands
714,3,3,200000, Nairobi, Riverside
715,3,4,70000, Nairobi,Kileleshwa
716,3,2,38000, Mombasa, Nyali
717,3,3,80000, Nairobi, Lavington
718,1,1,110000, Nairobi,Kileleshwa
719,4,2,57750, Nairobi, Kahawa Wendani
720,2,3,65000, Nairobi,Kilimani
721,3,3,78000,,
722,4,5,300000, Nairobi,Muthaiga
723,1,1,150000, Mombasa,Nyali
724,4,2,165000, Nairobi,Westlands
725,3,3,55000, Kikuyu, Kikuyu
726,1,1,55000, Mombasa,Shanzu
727,2,2,75000, Nairobi, Westlands
728,2,2,75000,,
729,2,2,55000, Nairobi, Kileleshwa
730,3,3,75000, Nairobi,Kilimani
731,3,2,45000,,
732,2,3,65000, Nairobi, Spring Valley
733,3,2,38000, Mombasa, Nyali
734,2,2,100000, Nairobi,Westlands
735,3,3,100000, Nairobi, Kileleshwa
736,3,3,200000, Nairobi, Riverside
737,3,4,70000, Nairobi,Kileleshwa
738,2,3,65000, Nairobi,Kilimani
739,3,2,38000, Mombasa, Nyali
740,1,1,110000, Nairobi,Kileleshwa
741,4,2,57750, Nairobi, Kahawa Wendani
742,2,3,65000, Nairobi,Kilimani
743,3,3,78000,,
744,4,5,300000, Nairobi,Muthaiga
745,1,1,150000, Mombasa,Nyali
746,4,2,165000, Nairobi,Westlands
747,3,3,55000, Kikuyu, Kikuyu
748,1,1,55000, Mombasa,Shanzu
749,2,2,75000, Nairobi, Westlands
750,2,2,75000,,
751,2,2,55000, Nairobi, Kileleshwa
752,3,3,75000, Nairobi,Kilimani
753,3,2,45000,,
754,2,3,65000, Nairobi, Spring Valley
755,2,2,100000, Nairobi,Westlands
756,3,3,100000, Nairobi, Kileleshwa
757,3,3,200000, Nairobi, Riverside
758,3,4,70000, Nairobi,Kileleshwa
759,3,2,38000, Mombasa, Nyali
760,1,1,110000, Nairobi,Kileleshwa
761,4,2,57750, Nairobi, Kahawa Wendani
762,2,3,65000, Nairobi,Kilimani
763,3,3,78000,,
764,4,5,300000, Nairobi,Muthaiga
765,1,1,150000, Mombasa,Nyali
766,4,2,165000, Nairobi,Westlands
767,3,3,55000, Kikuyu, Kikuyu
768,2,2,55000, Nairobi, Kileleshwa
769,1,1,55000, Mombasa,Shanzu
770,2,2,75000, Nairobi, Westlands
771,2,2,75000,,
772,2,2,55000, Nairobi, Kileleshwa
773,3,3,75000, Nairobi,Kilimani
774,3,2,45000,,
775,2,3,65000, Nairobi, Spring Valley
776,2,2,100000, Nairobi,Westlands
777,3,3,100000, Nairobi, Kileleshwa
778,3,3,200000, Nairobi, Riverside
779,3,4,70000, Nairobi,Kileleshwa
780,3,2,38000, Mombasa, Nyali
781,1,1,110000, Nairobi,Kileleshwa
782,4,2,57750, Nairobi, Kahawa Wendani
783,2,3,65000, Nairobi,Kilimani
784,3,3,78000,,
785,4,5,300000, Nairobi,Muthaiga
786,1,1,150000, Mombasa,Nyali
787,4,2,165000, Nairobi,Westlands
788,3,3,55000, Kikuyu, Kikuyu
789,1,1,55000, Mombasa,Shanzu
790,2,2,75000, Nairobi, Westlands
791,2,2,75000,,
792,2,2,55000, Nairobi, Kileleshwa
793,3,3,75000, Nairobi,Kilimani
794,2,2,55000, Nairobi, Kileleshwa
795,3,2,45000,,
796,2,3,65000, Nairobi, Spring Valley
797,2,2,100000, Nairobi,Westlands
798,3,3,100000, Nairobi, Kileleshwa
799,3,3,200000, Nairobi, Riverside
800,3,4,70000, Nairobi,Kileleshwa
801,3,2,38000, Mombasa, Nyali
802,1,1,110000, Nairobi,Kileleshwa
803,3,4,70000, Nairobi,Kileleshwa
804,4,2,57750, Nairobi, Kahawa Wendani
805,2,3,65000, Nairobi,Kilimani
806,3,3,78000,,
807,4,5,300000, Nairobi,Muthaiga
808,1,1,150000, Mombasa,Nyali
809,4,2,165000, Nairobi,Westlands
810,3,3,55000, Kikuyu, Kikuyu
811,1,1,55000, Mombasa,Shanzu
812,2,2,75000, Nairobi, Westlands
813,2,2,75000,,
814,2,2,55000, Nairobi, Kileleshwa
815,3,3,75000, Nairobi,Kilimani
816,3,2,45000,,
817,2,3,65000, Nairobi, Spring Valley
818,2,2,100000, Nairobi,Westlands
819,3,3,200000, Nairobi, Riverside
820,3,4,70000, Nairobi,Kileleshwa
821,3,2,38000, Mombasa, Nyali
822,3,3,80000, Nairobi, Lavington
823,1,1,110000, Nairobi,Kileleshwa
824,4,2,57750, Nairobi, Kahawa Wendani
825,2,3,65000, Nairobi,Kilimani
826,3,3,78000,,
827,4,5,300000, Nairobi,Muthaiga
828,1,1,150000, Mombasa,Nyali
829,4,2,165000, Nairobi,Westlands
830,3,3,55000, Kikuyu, Kikuyu
831,1,1,55000, Mombasa,Shanzu
832,2,2,75000, Nairobi, Westlands
833,3,3,78000,,
834,2,2,75000,,
835,2,2,55000, Nairobi, Kileleshwa
836,3,3,75000, Nairobi,Kilimani
837,3,2,45000,,
838,2,3,65000, Nairobi, Spring Valley
839,2,2,100000, Nairobi,Westlands
840,3,3,100000, Nairobi, Kileleshwa
841,3,3,200000, Nairobi, Riverside
842,3,4,70000, Nairobi,Kileleshwa
843,3,2,38000, Mombasa, Nyali
844,1,1,110000, Nairobi,Kileleshwa
845,3,3,55000, Kikuyu, Kikuyu
846,4,2,57750, Nairobi, Kahawa Wendani
847,2,3,65000, Nairobi,Kilimani
848,3,3,78000,,
849,4,5,300000, Nairobi,Muthaiga
850,1,1,150000, Mombasa,Nyali
851,4,2,165000, Nairobi,Westlands
852,3,3,55000, Kikuyu, Kikuyu
853,1,1,55000, Mombasa,Shanzu
854,2,2,75000, Nairobi, Westlands
855,2,2,75000,,
856,2,2,55000, Nairobi, Kileleshwa
857,3,3,75000, Nairobi,Kilimani
858,3,2,45000,,
859,2,3,65000, Nairobi, Spring Valley
860,2,2,100000, Nairobi,Westlands
861,3,3,100000, Nairobi, Kileleshwa
862,3,3,200000, Nairobi, Riverside
863,3,4,70000, Nairobi,Kileleshwa
864,3,2,38000, Mombasa, Nyali
865,1,1,110000, Nairobi,Kileleshwa
866,4,2,57750, Nairobi, Kahawa Wendani
867,2,3,65000, Nairobi,Kilimani
868,3,3,78000,,
869,4,5,300000, Nairobi,Muthaiga
870,3,3,78000,,
871,1,1,150000, Mombasa,Nyali
872,4,2,165000, Nairobi,Westlands
873,3,3,55000, Kikuyu, Kikuyu
874,1,1,55000, Mombasa,Shanzu
875,2,2,75000, Nairobi, Westlands
876,2,2,75000,,
877,2,2,55000, Nairobi, Kileleshwa
878,3,3,75000, Nairobi,Kilimani
879,3,2,45000,,
880,2,3,65000, Nairobi, Spring Valley
881,2,2,100000, Nairobi,Westlands
882,3,3,100000, Nairobi, Kileleshwa
883,3,3,200000, Nairobi, Riverside
884,3,4,70000, Nairobi,Kileleshwa
885,3,2,38000, Mombasa, Nyali
886,1,1,110000, Nairobi,Kileleshwa
887,4,2,57750, Nairobi, Kahawa Wendani
888,2,3,65000, Nairobi,Kilimani
889,3,3,78000,,
890,4,5,300000, Nairobi,Muthaiga
891,1,1,150000, Mombasa,Nyali
892,4,2,165000, Nairobi,Westlands
893,3,3,55000, Kikuyu, Kikuyu
894,1,1,55000, Mombasa,Shanzu
895,2,2,75000, Nairobi, Westlands
896,2,2,75000,,
897,2,2,55000, Nairobi, Kileleshwa
898,3,3,75000, Nairobi,Kilimani
899,3,2,45000,,
900,2,3,65000, Nairobi, Spring Valley
901,2,2,100000, Nairobi,Westlands
902,3,3,78000,,
903,3,3,100000, Nairobi, Kileleshwa
904,3,3,200000, Nairobi, Riverside
905,3,4,70000, Nairobi,Kileleshwa
906,3,2,38000, Mombasa, Nyali
907,1,1,110000, Nairobi,Kileleshwa
908,4,2,57750, Nairobi, Kahawa Wendani
909,2,3,65000, Nairobi,Kilimani
910,3,3,78000,,
911,4,5,300000, Nairobi,Muthaiga
912,1,1,150000, Mombasa,Nyali
913,4,2,165000, Nairobi,Westlands
914,3,3,55000, Kikuyu, Kikuyu
915,1,1,55000, Mombasa,Shanzu
916,2,2,75000, Nairobi, Westlands
917,1,1,55000, Mombasa,Shanzu
918,2,2,75000,,
919,2,2,55000, Nairobi, Kileleshwa
920,3,3,75000, Nairobi,Kilimani
921,3,2,45000,,
922,2,3,65000, Nairobi, Spring Valley
923,2,2,100000, Nairobi,Westlands
924,3,3,100000, Nairobi, Kileleshwa
925,3,3,200000, Nairobi, Riverside
926,3,4,70000, Nairobi,Kileleshwa
927,3,2,38000, Mombasa, Nyali
928,1,1,110000, Nairobi,Kileleshwa
929,4,2,57750, Nairobi, Kahawa Wendani
930,2,2,75000, Nairobi, Westlands
931,2,3,65000, Nairobi,Kilimani
932,3,3,78000,,
933,4,5,300000, Nairobi,Muthaiga
934,1,1,150000, Mombasa,Nyali
935,4,2,165000, Nairobi,Westlands
936,3,3,55000, Kikuyu, Kikuyu
937,1,1,55000, Mombasa,Shanzu
938,2,2,75000, Nairobi, Westlands
939,2,2,75000,,
940,2,2,55000, Nairobi, Kileleshwa
941,3,3,75000, Nairobi,Kilimani
942,3,2,45000,,
943,2,3,65000, Nairobi, Spring Valley
944,2,2,100000, Nairobi,Westlands
945,3,3,100000, Nairobi, Kileleshwa
946,3,3,200000, Nairobi, Riverside
947,3,4,70000, Nairobi,Kileleshwa
948,3,2,38000, Mombasa, Nyali
949,1,1,110000, Nairobi,Kileleshwa
950,4,2,57750, Nairobi, Kahawa Wendani
951,2,3,65000, Nairobi,Kilimani
952,3,3,78000,,
953,4,5,300000, Nairobi,Muthaiga
954,1,1,150000, Mombasa,Nyali
955,4,2,165000, Nairobi,Westlands
956,3,3,100000, Nairobi, Kileleshwa
957,3,3,55000, Kikuyu, Kikuyu
958,1,1,55000, Mombasa,Shanzu
959,2,2,75000, Nairobi, Westlands
960,2,2,75000,,
961,2,2,55000, Nairobi, Kileleshwa
962,3,3,75000, Nairobi,Kilimani
963,3,2,45000,,
964,2,3,65000, Nairobi, Spring Valley
965,2,2,100000, Nairobi,Westlands
966,3,3,100000, Nairobi, Kileleshwa
967,3,3,200000, Nairobi, Riverside
968,3,4,70000, Nairobi,Kileleshwa
969,3,2,38000, Mombasa, Nyali
970,1,1,110000, Nairobi,Kileleshwa
971,4,2,57750, Nairobi, Kahawa Wendani
972,2,3,65000, Nairobi,Kilimani
973,3,3,78000,,
974,4,5,300000, Nairobi,Muthaiga
975,1,1,150000, Mombasa,Nyali
976,4,2,165000, Nairobi,Westlands
977,3,3,55000, Kikuyu, Kikuyu
978,1,1,55000, Mombasa,Shanzu
979,2,2,75000, Nairobi, Westlands
980,2,2,55000, Nairobi, Kileleshwa
981,2,2,75000,,
982,2,2,55000, Nairobi, Kileleshwa
983,3,3,75000, Nairobi,Kilimani
984,3,2,45000,,
985,2,3,65000, Nairobi, Spring Valley
986,2,2,100000, Nairobi,Westlands
987,3,3,100000, Nairobi, Kileleshwa
988,3,3,200000, Nairobi, Riverside
989,3,4,70000, Nairobi,Kileleshwa
990,3,2,38000, Mombasa, Nyali
991,1,1,110000, Nairobi,Kileleshwa
992,4,2,57750, Nairobi, Kahawa Wendani
993,2,3,65000, Nairobi,Kilimani
994,3,3,78000,,
995,4,5,300000, Nairobi,Muthaiga
996,1,1,150000, Mombasa,Nyali
997,4,2,165000, Nairobi,Westlands
998,3,3,55000, Kikuyu, Kikuyu
999,1,1,55000, Mombasa,Shanzu
1000,2,2,75000, Nairobi, Westlands
1001,3,3,75000, Nairobi,Kilimani
1002,2,2,75000,,
1003,2,2,55000, Nairobi, Kileleshwa
1004,3,3,75000, Nairobi,Kilimani
1005,3,2,45000,,
1006,2,3,65000, Nairobi, Spring Valley
1007,2,2,100000, Nairobi,Westlands
1008,3,3,100000, Nairobi, Kileleshwa
1009,3,3,200000, Nairobi, Riverside
1010,3,4,70000, Nairobi,Kileleshwa
1011,3,2,38000, Mombasa, Nyali
1012,2,2,75000, Nairobi, Westlands
1013,1,1,110000, Nairobi,Kileleshwa
1014,4,2,57750, Nairobi, Kahawa Wendani
1015,2,3,65000, Nairobi,Kilimani
1016,3,3,78000,,
1017,4,5,300000, Nairobi,Muthaiga
1018,1,1,150000, Mombasa,Nyali
1019,4,2,165000, Nairobi,Westlands
1020,3,3,55000, Kikuyu, Kikuyu
1021,1,1,55000, Mombasa,Shanzu
1022,2,2,75000, Nairobi, Westlands
1023,2,2,75000,,
1024,2,2,55000, Nairobi, Kileleshwa
1025,3,3,75000, Nairobi,Kilimani
1026,3,2,45000,,
1027,2,3,65000, Nairobi, Spring Valley
1028,2,2,100000, Nairobi,Westlands
1029,3,3,100000, Nairobi, Kileleshwa
1030,3,3,200000, Nairobi, Riverside
1031,3,4,70000, Nairobi,Kileleshwa
1032,3,2,45000,,
1033,3,2,38000, Mombasa, Nyali
1034,1,1,110000, Nairobi,Kileleshwa
1035,4,2,57750, Nairobi, Kahawa Wendani
1036,2,3,65000, Nairobi,Kilimani
1037,3,3,78000,,
1038,4,5,300000, Nairobi,Muthaiga
1039,1,1,150000, Mombasa,Nyali
1040,4,2,165000, Nairobi,Westlands
1041,3,3,55000, Kikuyu, Kikuyu
1042,1,1,55000, Mombasa,Shanzu
1043,2,2,75000, Nairobi, Westlands
1044,2,2,75000,,
1045,2,2,55000, Nairobi, Kileleshwa
1046,3,3,75000, Nairobi,Kilimani
1047,3,2,45000,,
1048,2,3,65000, Nairobi, Spring Valley
1049,2,2,100000, Nairobi,Westlands
1050,3,3,100000, Nairobi, Kileleshwa
1051,3,3,200000, Nairobi, Riverside
1052,3,4,70000, Nairobi,Kileleshwa
1053,3,2,38000, Mombasa, Nyali
1054,1,1,110000, Nairobi,Kileleshwa
1055,4,2,57750, Nairobi, Kahawa Wendani
1056,2,3,65000, Nairobi,Kilimani
1057,3,3,78000,,
1058,4,5,300000, Nairobi,Muthaiga
1059,1,1,150000, Mombasa,Nyali
1060,4,2,165000, Nairobi,Westlands
1061,3,3,55000, Kikuyu, Kikuyu
1062,1,1,55000, Mombasa,Shanzu
1063,2,2,75000, Nairobi, Westlands
1064,2,2,100000, Nairobi,Westlands
1065,2,2,75000,,
1066,2,2,55000, Nairobi, Kileleshwa
1067,3,3,75000, Nairobi,Kilimani
1068,3,2,45000,,
1069,2,3,65000, Nairobi, Spring Valley
1070,2,2,100000, Nairobi,Westlands
1071,3,3,100000, Nairobi, Kileleshwa
1072,3,3,200000, Nairobi, Riverside
1073,3,4,70000, Nairobi,Kileleshwa
1074,3,2,38000, Mombasa, Nyali
1075,1,1,110000, Nairobi,Kileleshwa
1076,4,2,57750, Nairobi, Kahawa Wendani
1077,2,3,65000, Nairobi,Kilimani
1078,3,3,78000,,
1079,4,5,300000, Nairobi,Muthaiga
1080,1,1,150000, Mombasa,Nyali
1081,4,2,165000, Nairobi,Westlands
1082,3,3,55000, Kikuyu, Kikuyu
1083,1,1,55000, Mombasa,Shanzu
1084,2,2,75000, Nairobi, Westlands
1085,2,2,75000,,
1086,2,2,55000, Nairobi, Kileleshwa
1087,1,1,110000, Nairobi,Kileleshwa
1088,3,3,75000, Nairobi,Kilimani
1089,3,2,45000,,
1090,2,3,65000, Nairobi, Spring Valley
1091,2,2,100000, Nairobi,Westlands
1092,3,3,100000, Nairobi, Kileleshwa
1093,3,3,200000, Nairobi, Riverside
1094,3,4,70000, Nairobi,Kileleshwa
1095,3,2,38000, Mombasa, Nyali
1096,1,1,110000, Nairobi,Kileleshwa
1097,4,2,57750, Nairobi, Kahawa Wendani
1098,2,3,65000, Nairobi,Kilimani
1099,2,3,65000, Nairobi,Kilimani
1100,3,3,78000,,
1101,4,5,300000, Nairobi,Muthaiga
1102,1,1,150000, Mombasa,Nyali
1103,4,2,165000, Nairobi,Westlands
1104,3,3,55000, Kikuyu, Kikuyu
1105,1,1,55000, Mombasa,Shanzu
1106,2,2,75000, Nairobi, Westlands
1107,2,2,75000,,
1108,2,2,55000, Nairobi, Kileleshwa
1109,3,3,75000, Nairobi,Kilimani
1110,3,2,45000,,
1111,2,3,65000, Nairobi, Spring Valley
1112,2,2,100000, Nairobi,Westlands
1113,3,3,100000, Nairobi, Kileleshwa
1114,3,3,200000, Nairobi, Riverside
1115,3,4,70000, Nairobi,Kileleshwa
1116,3,2,38000, Mombasa, Nyali
1117,1,1,110000, Nairobi,Kileleshwa
1118,4,2,57750, Nairobi, Kahawa Wendani
1119,2,3,65000, Nairobi,Kilimani
1120,3,3,78000,,
1121,4,5,300000, Nairobi,Muthaiga
1122,1,1,150000, Mombasa,Nyali
1123,4,2,165000, Nairobi,Westlands
1124,3,3,55000, Kikuyu, Kikuyu
1125,1,1,55000, Mombasa,Shanzu
1126,2,2,75000, Nairobi, Westlands
1127,2,2,75000,,
1128,4,2,57750, Nairobi, Kahawa Wendani
1129,2,2,55000, Nairobi, Kileleshwa
1130,3,3,75000, Nairobi,Kilimani
1131,3,2,45000,,
1132,2,3,65000, Nairobi, Spring Valley
1133,2,2,100000, Nairobi,Westlands
1134,3,3,100000, Nairobi, Kileleshwa
1135,3,3,200000, Nairobi, Riverside
1136,3,4,70000, Nairobi,Kileleshwa
1137,3,2,38000, Mombasa, Nyali
1138,3,3,75000, Nairobi,Kilimani
1139,1,1,110000, Nairobi,Kileleshwa
1140,4,2,57750, Nairobi, Kahawa Wendani
1141,2,3,65000, Nairobi,Kilimani
1142,3,3,78000,,
1143,4,5,300000, Nairobi,Muthaiga
1144,1,1,150000, Mombasa,Nyali
1145,4,2,165000, Nairobi,Westlands
1146,3,3,55000, Kikuyu, Kikuyu
1147,1,1,55000, Mombasa,Shanzu
1148,2,2,75000, Nairobi, Westlands
1149,2,2,75000,,
1150,2,2,55000, Nairobi, Kileleshwa
1151,3,3,75000, Nairobi,Kilimani
1152,3,2,45000,,
1153,2,3,65000, Nairobi, Spring Valley
1154,2,2,100000, Nairobi,Westlands
1155,3,3,100000, Nairobi, Kileleshwa
1156,3,3,200000, Nairobi, Riverside
1157,3,4,70000, Nairobi,Kileleshwa
1158,3,2,38000, Mombasa, Nyali
1159,1,1,110000, Nairobi,Kileleshwa
1160,4,2,57750, Nairobi, Kahawa Wendani
1161,2,3,65000, Nairobi,Kilimani
1162,3,3,78000,,
1163,4,5,300000, Nairobi,Muthaiga
1164,1,1,150000, Mombasa,Nyali
1165,4,2,165000, Nairobi,Westlands
1166,3,3,55000, Kikuyu, Kikuyu
1167,1,1,55000, Mombasa,Shanzu
1168,2,3,65000, Nairobi,Kilimani
1169,2,2,75000, Nairobi, Westlands
1170,2,2,75000,,
1171,2,2,55000, Nairobi, Kileleshwa
1172,3,3,75000, Nairobi,Kilimani
1173,3,2,45000,,
1174,2,3,65000, Nairobi, Spring Valley
1175,2,2,100000, Nairobi,Westlands
1176,3,3,100000, Nairobi, Kileleshwa
1177,2,2,75000,,
1178,3,3,200000, Nairobi, Riverside
1179,3,4,70000, Nairobi,Kileleshwa
1180,3,2,38000, Mombasa, Nyali
1181,1,1,110000, Nairobi,Kileleshwa
1182,4,2,57750, Nairobi, Kahawa Wendani
1183,2,3,65000, Nairobi,Kilimani
1184,3,3,78000,,
1185,4,5,300000, Nairobi,Muthaiga
1186,1,1,150000, Mombasa,Nyali
1187,4,2,165000, Nairobi,Westlands
1188,3,3,55000, Kikuyu, Kikuyu
1189,1,1,55000, Mombasa,Shanzu
1190,2,2,75000, Nairobi, Westlands
1191,2,2,75000,,
1192,2,2,55000, Nairobi, Kileleshwa
1193,3,3,75000, Nairobi,Kilimani
1194,3,2,45000,,
1195,2,3,65000, Nairobi, Spring Valley
1196,2,2,100000, Nairobi,Westlands
1197,3,3,100000, Nairobi, Kileleshwa
1198,3,3,200000, Nairobi, Riverside
1199,3,4,70000, Nairobi,Kileleshwa
1200,3,2,38000, Mombasa, Nyali
1201,1,1,110000, Nairobi,Kileleshwa
1202,4,2,57750, Nairobi, Kahawa Wendani
1203,2,3,65000, Nairobi,Kilimani
1204,3,3,78000,,
1205,4,5,300000, Nairobi,Muthaiga
1206,1,1,150000, Mombasa,Nyali
1207,4,2,165000, Nairobi,Westlands
1208,3,3,55000, Kikuyu, Kikuyu
1209,1,1,55000, Mombasa,Shanzu
1210,2,2,75000, Nairobi, Westlands
1211,2,2,75000,,
1212,3,3,200000, Nairobi, Riverside
1213,2,2,55000, Nairobi, Kileleshwa
1214,3,3,75000, Nairobi,Kilimani
1215,3,2,45000,,
1216,2,3,65000, Nairobi, Spring Valley
1217,2,2,100000, Nairobi,Westlands
1218,3,3,100000, Nairobi, Kileleshwa
1219,3,3,200000, Nairobi, Riverside
1220,3,4,70000, Nairobi,Kileleshwa
1221,3,2,38000, Mombasa, Nyali
1222,1,1,110000, Nairobi,Kileleshwa
1223,4,2,57750, Nairobi, Kahawa Wendani
1224,2,3,65000, Nairobi,Kilimani
1225,3,3,78000,,
1226,4,5,300000, Nairobi,Muthaiga
1227,1,1,150000, Mombasa,Nyali
1228,4,2,165000, Nairobi,Westlands
1229,3,3,55000, Kikuyu, Kikuyu
1230,1,1,55000, Mombasa,Shanzu
1231,2,2,75000, Nairobi, Westlands
1232,2,2,75000,,
1233,4,2,165000, Nairobi,Westlands
1234,2,2,55000, Nairobi, Kileleshwa
1235,3,3,75000, Nairobi,Kilimani
1236,3,2,45000,,
1237,2,3,65000, Nairobi, Spring Valley
1238,2,2,100000, Nairobi,Westlands
1239,3,3,100000, Nairobi, Kileleshwa
1240,3,3,200000, Nairobi, Riverside
1241,3,4,70000, Nairobi,Kileleshwa
1242,3,2,38000, Mombasa, Nyali
1243,3,3,55000, Kikuyu, Kikuyu
1244,1,1,110000, Nairobi,Kileleshwa
1245,4,2,57750, Nairobi, Kahawa Wendani
1246,2,3,65000, Nairobi,Kilimani
1247,3,3,78000,,
1248,4,5,300000, Nairobi,Muthaiga
1249,1,1,150000, Mombasa,Nyali
1250,4,2,165000, Nairobi,Westlands
1251,3,3,55000, Kikuyu, Kikuyu
1252,1,1,55000, Mombasa,Shanzu
1253,2,2,75000, Nairobi, Westlands
1254,2,2,75000,,
1255,2,2,55000, Nairobi, Kileleshwa
1256,3,3,75000, Nairobi,Kilimani
1257,3,2,45000,,
1258,2,3,65000, Nairobi, Spring Valley
1259,2,2,100000, Nairobi,Westlands
1260,3,3,100000, Nairobi, Kileleshwa
1261,3,3,200000, Nairobi, Riverside
1262,3,4,70000, Nairobi,Kileleshwa
1263,3,2,38000, Mombasa, Nyali
1264,1,1,110000, Nairobi,Kileleshwa
1265,4,2,57750, Nairobi, Kahawa Wendani
1266,2,3,65000, Nairobi,Kilimani
1267,3,3,78000,,
1268,1,1,110000, Nairobi,Kileleshwa
1269,4,5,300000, Nairobi,Muthaiga
1270,1,1,150000, Mombasa,Nyali
1271,4,2,165000, Nairobi,Westlands
1272,3,3,55000, Kikuyu, Kikuyu
1273,1,1,55000, Mombasa,Shanzu
1274,2,2,75000, Nairobi, Westlands
1275,2,2,75000,,
1276,2,2,55000, Nairobi, Kileleshwa
1277,3,3,75000, Nairobi,Kilimani
1278,3,2,45000,,
1279,2,3,65000, Nairobi, Spring Valley
1280,2,2,100000, Nairobi,Westlands
1281,3,3,100000, Nairobi, Kileleshwa
1282,3,3,200000, Nairobi, Riverside
1283,3,4,70000, Nairobi,Kileleshwa
1284,3,4,70000, Nairobi,Kileleshwa
1285,3,2,38000, Mombasa, Nyali
1286,1,1,110000, Nairobi,Kileleshwa
1287,4,2,57750, Nairobi, Kahawa Wendani
1288,2,3,65000, Nairobi,Kilimani
1289,3,3,78000,,
1290,4,5,300000, Nairobi,Muthaiga
1291,1,1,150000, Mombasa,Nyali
1292,4,2,165000, Nairobi,Westlands
1293,3,3,55000, Kikuyu, Kikuyu
1294,1,1,55000, Mombasa,Shanzu
1295,2,2,75000, Nairobi, Westlands
1296,2,2,75000,,
1297,2,2,55000, Nairobi, Kileleshwa
1298,3,3,75000, Nairobi,Kilimani
1299,3,2,45000,,
1300,2,3,65000, Nairobi, Spring Valley
1301,2,2,100000, Nairobi,Westlands
1302,3,3,100000, Nairobi, Kileleshwa
1303,3,3,200000, Nairobi, Riverside
1304,3,4,70000, Nairobi,Kileleshwa
1305,3,2,38000, Mombasa, Nyali
1306,1,1,110000, Nairobi,Kileleshwa
1307,4,2,57750, Nairobi, Kahawa Wendani
1308,2,3,65000, Nairobi,Kilimani
1309,1,1,110000, Nairobi,Kileleshwa
1310,3,3,78000,,
1311,4,5,300000, Nairobi,Muthaiga
1312,1,1,150000, Mombasa,Nyali
1313,4,2,165000, Nairobi,Westlands
1314,3,3,55000, Kikuyu, Kikuyu
1315,1,1,55000, Mombasa,Shanzu
1316,2,2,75000, Nairobi, Westlands
1317,2,2,75000,,
1318,2,2,55000, Nairobi, Kileleshwa
1319,3,3,75000, Nairobi,Kilimani
1320,3,2,45000,,
1321,2,3,65000, Nairobi, Spring Valley
1322,2,2,100000, Nairobi,Westlands
1323,3,3,100000, Nairobi, Kileleshwa
1324,3,3,200000, Nairobi, Riverside
1325,3,4,70000, Nairobi,Kileleshwa
1326,3,2,38000, Mombasa, Nyali
1327,1,1,110000, Nairobi,Kileleshwa
1328,4,2,57750, Nairobi, Kahawa Wendani
1329,2,3,65000, Nairobi,Kilimani
1330,3,3,78000,,
1331,4,5,300000, Nairobi,Muthaiga
1332,1,1,150000, Mombasa,Nyali
1333,4,2,165000, Nairobi,Westlands
1334,3,3,55000, Kikuyu, Kikuyu
1335,1,1,55000, Mombasa,Shanzu
1336,2,2,75000, Nairobi, Westlands
1337,2,2,75000,,
1338,2,2,55000, Nairobi, Kileleshwa
1339,3,3,75000, Nairobi,Kilimani
1340,3,3,75000, Nairobi,Kilimani
1341,3,2,45000,,
1342,2,3,65000, Nairobi, Spring Valley
1343,2,2,100000, Nairobi,Westlands
1344,3,3,100000, Nairobi, Kileleshwa
1345,3,3,200000, Nairobi, Riverside
1346,3,4,70000, Nairobi,Kileleshwa
1347,3,2,38000, Mombasa, Nyali
1348,1,1,110000, Nairobi,Kileleshwa
1349,4,2,57750, Nairobi, Kahawa Wendani
1350,2,3,65000, Nairobi,Kilimani
1351,3,3,78000,,
1352,3,2,45000,,
1353,4,5,300000, Nairobi,Muthaiga
1354,1,1,150000, Mombasa,Nyali
1355,4,2,165000, Nairobi,Westlands
1356,3,3,55000, Kikuyu, Kikuyu
1357,1,1,55000, Mombasa,Shanzu
1358,2,2,75000, Nairobi, Westlands
1359,2,2,75000,,
1360,2,2,55000, Nairobi, Kileleshwa
1361,3,3,75000, Nairobi,Kilimani
1362,3,2,45000,,
1363,2,3,65000, Nairobi, Spring Valley
1364,2,2,100000, Nairobi,Westlands
1365,3,3,100000, Nairobi, Kileleshwa
1366,3,3,200000, Nairobi, Riverside
1367,3,4,70000, Nairobi,Kileleshwa
1368,3,2,38000, Mombasa, Nyali
1369,2,3,65000, Nairobi, Spring Valley
1370,1,1,110000, Nairobi,Kileleshwa
1371,4,2,57750, Nairobi, Kahawa Wendani
1372,2,3,65000, Nairobi,Kilimani
1373,3,3,78000,,
1374,4,5,300000, Nairobi,Muthaiga
1375,1,1,150000, Mombasa,Nyali
1376,4,2,165000, Nairobi,Westlands
1377,3,3,55000, Kikuyu, Kikuyu
1378,1,1,55000, Mombasa,Shanzu
1379,2,2,75000, Nairobi, Westlands
1380,2,2,75000,,
1381,2,2,55000, Nairobi, Kileleshwa
1382,3,3,75000, Nairobi,Kilimani
1383,3,2,45000,,
1384,2,3,65000, Nairobi, Spring Valley
1385,2,2,100000, Nairobi,Westlands
1386,3,3,100000, Nairobi, Kileleshwa
1387,3,3,200000, Nairobi, Riverside
1388,3,4,70000, Nairobi,Kileleshwa
1389,3,2,38000, Mombasa, Nyali
1390,1,1,110000, Nairobi,Kileleshwa
1391,4,2,57750, Nairobi, Kahawa Wendani
1392,2,3,65000, Nairobi,Kilimani
1393,3,3,78000,,
1394,4,5,300000, Nairobi,Muthaiga
1395,1,1,150000, Mombasa,Nyali
1396,4,2,165000, Nairobi,Westlands
1397,3,3,55000, Kikuyu, Kikuyu
1398,1,1,55000, Mombasa,Shanzu
1399,2,2,75000, Nairobi, Westlands
1400,3,2,45000,,
1401,2,2,75000,,
1402,2,2,55000, Nairobi, Kileleshwa
1403,3,3,75000, Nairobi,Kilimani
1404,3,2,45000,,
1405,2,3,65000, Nairobi, Spring Valley
1406,2,2,100000, Nairobi,Westlands
1407,3,3,100000, Nairobi, Kileleshwa
1408,3,3,200000, Nairobi, Riverside
1409,3,4,70000, Nairobi,Kileleshwa
1410,3,2,38000, Mombasa, Nyali
1411,1,1,110000, Nairobi,Kileleshwa
1412,4,2,57750, Nairobi, Kahawa Wendani
1413,2,3,65000, Nairobi,Kilimani
1414,3,3,78000,,
1415,4,5,300000, Nairobi,Muthaiga
1416,1,1,150000, Mombasa,Nyali
1417,4,2,165000, Nairobi,Westlands
1418,3,3,55000, Kikuyu, Kikuyu
1419,3,3,78000,,
1420,1,1,55000, Mombasa,Shanzu
1421,2,2,75000, Nairobi, Westlands
1422,2,2,75000,,
1423,2,2,55000, Nairobi, Kileleshwa
1424,3,3,75000, Nairobi,Kilimani
1425,3,2,45000,,
1426,2,3,65000, Nairobi, Spring Valley
1427,2,2,100000, Nairobi,Westlands
1428,3,3,100000, Nairobi, Kileleshwa
1429,3,3,200000, Nairobi, Riverside
1430,3,4,70000, Nairobi,Kileleshwa
1431,3,2,38000, Mombasa, Nyali
1432,1,1,110000, Nairobi,Kileleshwa
1433,4,2,57750, Nairobi, Kahawa Wendani
1434,2,3,65000, Nairobi,Kilimani
1435,3,3,100000, Nairobi, Kileleshwa
1436,3,3,78000,,
1437,4,5,300000, Nairobi,Muthaiga
1438,1,1,150000, Mombasa,Nyali
1439,4,2,165000, Nairobi,Westlands
1440,3,3,55000, Kikuyu, Kikuyu
1441,1,1,55000, Mombasa,Shanzu
1442,2,2,75000, Nairobi, Westlands
1443,2,2,75000,,
1444,2,2,55000, Nairobi, Kileleshwa
1445,3,3,75000, Nairobi,Kilimani
1446,3,2,45000,,
1447,2,3,65000, Nairobi, Spring Valley
1448,2,2,100000, Nairobi,Westlands
1449,3,3,100000, Nairobi, Kileleshwa
1450,3,3,200000, Nairobi, Riverside
1451,3,4,70000, Nairobi,Kileleshwa
1452,3,2,38000, Mombasa, Nyali
1453,1,1,110000, Nairobi,Kileleshwa
1454,4,2,57750, Nairobi, Kahawa Wendani
1455,2,3,65000, Nairobi,Kilimani
1456,3,3,78000,,
1457,4,5,300000, Nairobi,Muthaiga
1458,1,1,150000, Mombasa,Nyali
1459,4,2,57750, Nairobi, Kahawa Wendani
1460,4,2,165000, Nairobi,Westlands
1461,3,3,55000, Kikuyu, Kikuyu
1462,1,1,55000, Mombasa,Shanzu
1463,2,2,75000, Nairobi, Westlands
1464,2,2,75000,,
1465,2,2,55000, Nairobi, Kileleshwa
1466,3,3,75000, Nairobi,Kilimani
1467,3,2,45000,,
1468,2,3,65000, Nairobi, Spring Valley
1469,2,2,100000, Nairobi,Westlands
1470,3,3,100000, Nairobi, Kileleshwa
1471,3,3,200000, Nairobi, Riverside
1472,3,4,70000, Nairobi,Kileleshwa
1473,3,2,38000, Mombasa, Nyali
1474,3,3,78000,,
1475,1,1,110000, Nairobi,Kileleshwa
1476,4,2,57750, Nairobi, Kahawa Wendani
1477,2,3,65000, Nairobi,Kilimani
1478,3,3,78000,,
1479,4,5,300000, Nairobi,Muthaiga
1480,1,1,150000, Mombasa,Nyali
1481,4,2,165000, Nairobi,Westlands
1482,3,3,55000, Kikuyu, Kikuyu
1483,1,1,55000, Mombasa,Shanzu
1484,2,2,75000, Nairobi, Westlands
1485,2,2,75000,,
1486,2,2,55000, Nairobi, Kileleshwa
1487,3,3,75000, Nairobi,Kilimani
1488,3,2,45000,,
1489,2,3,65000, Nairobi, Spring Valley
1490,2,2,100000, Nairobi,Westlands
1491,3,3,100000, Nairobi, Kileleshwa
1492,4,5,300000, Nairobi,Muthaiga
1493,3,3,200000, Nairobi, Riverside
1494,3,4,70000, Nairobi,Kileleshwa
1495,3,2,38000, Mombasa, Nyali
1496,1,1,110000, Nairobi,Kileleshwa
1497,4,2,57750, Nairobi, Kahawa Wendani
1498,2,3,65000, Nairobi,Kilimani
1499,3,3,78000,,
1500,4,5,300000, Nairobi,Muthaiga
1501,1,1,150000, Mombasa,Nyali
1502,4,2,165000, Nairobi,Westlands
1503,3,3,55000, Kikuyu, Kikuyu
1504,1,1,55000, Mombasa,Shanzu
1505,2,2,75000, Nairobi, Westlands
1506,2,2,75000,,
1507,2,2,55000, Nairobi, Kileleshwa
1508,3,3,75000, Nairobi,Kilimani
1509,3,2,45000,,
1510,2,3,65000, Nairobi, Spring Valley
1511,2,2,100000, Nairobi,Westlands
1512,3,3,100000, Nairobi, Kileleshwa
1513,3,3,200000, Nairobi, Riverside
1514,3,4,70000, Nairobi,Kileleshwa
1515,3,2,38000, Mombasa, Nyali
1516,1,1,110000, Nairobi,Kileleshwa
1517,4,2,57750, Nairobi, Kahawa Wendani
1518,2,3,65000, Nairobi,Kilimani
1519,3,3,78000,,
1520,4,5,300000, Nairobi,Muthaiga
1521,1,1,150000, Mombasa,Nyali
1522,4,2,165000, Nairobi,Westlands
1523,3,3,55000, Kikuyu, Kikuyu
1524,1,1,55000, Mombasa,Shanzu
1525,2,2,75000, Nairobi, Westlands
1526,2,2,75000,,
1527,2,2,55000, Nairobi, Kileleshwa
1528,4,2,57750, Nairobi, Kahawa Wendani
1529,3,3,75000, Nairobi,Kilimani
1530,3,2,45000,,
1531,2,3,65000, Nairobi, Spring Valley
1532,2,2,100000, Nairobi,Westlands
1533,3,3,100000, Nairobi, Kileleshwa
1534,3,3,200000, Nairobi, Riverside
1535,3,4,70000, Nairobi,Kileleshwa
1536,3,2,38000, Mombasa, Nyali
1537,1,1,110000, Nairobi,Kileleshwa
1538,4,2,57750, Nairobi, Kahawa Wendani
1539,2,3,65000, Nairobi,Kilimani
1540,3,3,78000,,
1541,4,5,300000, Nairobi,Muthaiga
1542,1,1,150000, Mombasa,Nyali
1543,4,2,165000, Nairobi,Westlands
1544,3,3,55000, Kikuyu, Kikuyu
1545,1,1,55000, Mombasa,Shanzu
1546,2,2,75000, Nairobi, Westlands
1547,2,2,75000,,
1548,2,2,55000, Nairobi, Kileleshwa
1549,3,3,75000, Nairobi,Kilimani
1550,3,2,45000,,
1551,2,3,65000, Nairobi, Spring Valley
1552,2,2,100000, Nairobi,Westlands
1553,1,1,150000, Mombasa,Nyali
1554,3,3,100000, Nairobi, Kileleshwa
1555,3,3,200000, Nairobi, Riverside
1556,3,4,70000, Nairobi,Kileleshwa
1557,3,2,38000, Mombasa, Nyali
1558,1,1,110000, Nairobi,Kileleshwa
1559,4,2,57750, Nairobi, Kahawa Wendani
1560,2,3,65000, Nairobi,Kilimani
1561,3,3,78000,,
1562,4,5,300000, Nairobi,Muthaiga
1563,1,1,150000, Mombasa,Nyali
1564,4,2,165000, Nairobi,Westlands
1565,3,3,55000, Kikuyu, Kikuyu
1566,1,1,55000, Mombasa,Shanzu
1567,2,2,75000, Nairobi, Westlands
1568,2,2,75000,,
1569,3,3,200000, Nairobi, Riverside
1570,2,2,55000, Nairobi, Kileleshwa
1571,3,3,75000, Nairobi,Kilimani
1572,3,2,45000,,
1573,2,3,65000, Nairobi, Spring Valley
1574,2,2,100000, Nairobi,Westlands
1575,3,3,100000, Nairobi, Kileleshwa
1576,3,3,200000, Nairobi, Riverside
1577,3,4,70000, Nairobi,Kileleshwa
1578,3,2,38000, Mombasa, Nyali
1579,1,1,110000, Nairobi,Kileleshwa
1580,4,2,57750, Nairobi, Kahawa Wendani
1581,2,3,65000, Nairobi,Kilimani
1582,3,3,78000,,
1583,4,5,300000, Nairobi,Muthaiga
1584,1,1,150000, Mombasa,Nyali
1585,4,2,165000, Nairobi,Westlands
1586,3,3,55000, Kikuyu, Kikuyu
1587,1,1,55000, Mombasa,Shanzu
1588,2,2,75000, Nairobi, Westlands
1589,2,2,75000,,
1590,2,2,55000, Nairobi, Kileleshwa
1591,3,3,75000, Nairobi,Kilimani
1592,3,2,45000,,
1593,4,2,165000, Nairobi,Westlands
1594,2,3,65000, Nairobi, Spring Valley
1595,2,2,100000, Nairobi,Westlands
1596,3,3,100000, Nairobi, Kileleshwa
1597,3,3,200000, Nairobi, Riverside
1598,3,4,70000, Nairobi,Kileleshwa
1599,3,2,38000, Mombasa, Nyali
1600,1,1,110000, Nairobi,Kileleshwa
1601,4,2,57750, Nairobi, Kahawa Wendani
1602,2,3,65000, Nairobi,Kilimani
1603,3,3,78000,,
1604,4,5,300000, Nairobi,Muthaiga
1605,1,1,150000, Mombasa,Nyali
1606,4,2,165000, Nairobi,Westlands
1607,3,3,55000, Kikuyu, Kikuyu
1608,1,1,55000, Mombasa,Shanzu
1609,3,2,45000,,
1610,2,2,75000, Nairobi, Westlands
1611,2,2,75000,,
1612,2,2,55000, Nairobi, Kileleshwa
1613,3,3,75000, Nairobi,Kilimani
1614,3,2,45000,,
1615,2,3,65000, Nairobi, Spring Valley
1616,2,2,100000, Nairobi,Westlands
1617,3,3,100000, Nairobi, Kileleshwa
1618,3,3,200000, Nairobi, Riverside
1619,3,4,70000, Nairobi,Kileleshwa
1620,3,2,38000, Mombasa, Nyali
1621,1,1,110000, Nairobi,Kileleshwa
1622,4,2,57750, Nairobi, Kahawa Wendani
1623,2,3,65000, Nairobi,Kilimani
1624,3,3,78000,,
1625,4,5,300000, Nairobi,Muthaiga
1626,1,1,150000, Mombasa,Nyali
1627,4,2,165000, Nairobi,Westlands
1628,3,3,55000, Kikuyu, Kikuyu
1629,3,2,38000, Mombasa, Nyali
1630,1,1,55000, Mombasa,Shanzu
1631,2,2,75000, Nairobi, Westlands
1632,2,2,75000,,
1633,2,2,55000, Nairobi, Kileleshwa
1634,3,3,75000, Nairobi,Kilimani
1635,3,2,45000,,
1636,2,3,65000, Nairobi, Spring Valley
1637,2,2,100000, Nairobi,Westlands
1638,3,3,100000, Nairobi, Kileleshwa
1639,3,3,200000, Nairobi, Riverside
1640,3,4,70000, Nairobi,Kileleshwa
1641,3,2,38000, Mombasa, Nyali
1642,1,1,110000, Nairobi,Kileleshwa
1643,4,2,57750, Nairobi, Kahawa Wendani
1644,2,3,65000, Nairobi,Kilimani
1645,3,3,78000,,
1646,4,5,300000, Nairobi,Muthaiga
1647,1,1,150000, Mombasa,Nyali
1648,4,2,165000, Nairobi,Westlands
1649,3,3,55000, Kikuyu, Kikuyu
1650,1,1,55000, Mombasa,Shanzu
1651,2,2,75000, Nairobi, Westlands
1652,3,2,38000, Mombasa, Nyali
1653,2,2,75000,,
1654,2,2,55000, Nairobi, Kileleshwa
1655,3,3,75000, Nairobi,Kilimani
1656,3,2,45000,,
1657,2,3,65000, Nairobi, Spring Valley
1658,2,2,100000, Nairobi,Westlands
1659,3,3,100000, Nairobi, Kileleshwa
1660,3,3,200000, Nairobi, Riverside
1661,3,4,70000, Nairobi,Kileleshwa
1662,3,2,38000, Mombasa, Nyali
1663,1,1,110000, Nairobi,Kileleshwa
1664,4,2,57750, Nairobi, Kahawa Wendani
1665,2,3,65000, Nairobi,Kilimani
1666,3,3,78000,,
1667,4,5,300000, Nairobi,Muthaiga
1668,1,1,150000, Mombasa,Nyali
1669,4,2,165000, Nairobi,Westlands
1670,3,3,55000, Kikuyu, Kikuyu
1671,1,1,55000, Mombasa,Shanzu
1672,2,2,75000, Nairobi, Westlands
1673,2,2,75000,,
1674,2,2,55000, Nairobi, Kileleshwa
1675,3,3,75000, Nairobi,Kilimani
1676,3,2,45000,,
1677,2,3,65000, Nairobi, Spring Valley
1678,2,2,75000,,
1679,2,2,100000, Nairobi,Westlands
1680,3,3,100000, Nairobi, Kileleshwa
1681,3,3,200000, Nairobi, Riverside
1682,3,4,70000, Nairobi,Kileleshwa
1683,3,2,38000, Mombasa, Nyali
1684,1,1,110000, Nairobi,Kileleshwa
1685,4,2,57750, Nairobi, Kahawa Wendani
1686,2,3,65000, Nairobi,Kilimani
1687,3,3,78000,,
1688,4,5,300000, Nairobi,Muthaiga
1689,1,1,150000, Mombasa,Nyali
1690,4,2,165000, Nairobi,Westlands
1691,4,2,165000, Nairobi,Westlands
1692,3,3,55000, Kikuyu, Kikuyu
1693,1,1,55000, Mombasa,Shanzu
1694,2,2,75000, Nairobi, Westlands
1695,2,2,75000,,
1696,2,2,55000, Nairobi, Kileleshwa
1697,3,3,75000, Nairobi,Kilimani
1698,3,2,45000,,
1699,2,3,65000, Nairobi, Spring Valley
1700,2,2,100000, Nairobi,Westlands
1701,3,3,100000, Nairobi, Kileleshwa
1702,3,3,200000, Nairobi, Riverside
1703,2,2,55000, Nairobi, Kileleshwa
1704,3,4,70000, Nairobi,Kileleshwa
1705,3,2,38000, Mombasa, Nyali
1706,1,1,110000, Nairobi,Kileleshwa
1707,4,2,57750, Nairobi, Kahawa Wendani
1708,2,3,65000, Nairobi,Kilimani
1709,3,3,78000,,
1710,4,5,300000, Nairobi,Muthaiga
1711,1,1,150000, Mombasa,Nyali
1712,4,2,165000, Nairobi,Westlands
1713,3,3,55000, Kikuyu, Kikuyu
1714,1,1,55000, Mombasa,Shanzu
1715,2,2,75000, Nairobi, Westlands
1716,2,2,75000,,
1717,2,2,55000, Nairobi, Kileleshwa
1718,3,3,75000, Nairobi,Kilimani
1719,3,2,45000,,
1720,2,3,65000, Nairobi, Spring Valley
1721,2,2,100000, Nairobi,Westlands
1722,3,3,100000, Nairobi, Kileleshwa
1723,3,3,200000, Nairobi, Riverside
1724,3,4,70000, Nairobi,Kileleshwa
1725,3,2,38000, Mombasa, Nyali
1726,1,1,110000, Nairobi,Kileleshwa
1727,4,2,57750, Nairobi, Kahawa Wendani
1728,2,3,65000, Nairobi,Kilimani
1729,3,3,78000,,
1730,4,5,300000, Nairobi,Muthaiga
1731,1,1,150000, Mombasa,Nyali
1732,4,2,165000, Nairobi,Westlands
1733,3,3,55000, Kikuyu, Kikuyu
1734,1,1,55000, Mombasa,Shanzu
1735,2,2,75000, Nairobi, Westlands
1736,2,2,75000,,
1737,2,2,55000, Nairobi, Kileleshwa
1738,3,3,75000, Nairobi,Kilimani
1739,3,2,45000,,
1740,1,1,55000, Mombasa,Shanzu
1741,2,3,65000, Nairobi, Spring Valley
1742,2,2,100000, Nairobi,Westlands
1743,3,3,100000, Nairobi, Kileleshwa
1744,3,3,200000, Nairobi, Riverside
1745,3,4,70000, Nairobi,Kileleshwa
1746,3,2,38000, Mombasa, Nyali
1747,1,1,110000, Nairobi,Kileleshwa
1748,4,2,57750, Nairobi, Kahawa Wendani
1749,2,3,65000, Nairobi,Kilimani
1750,3,3,78000,,
1751,4,5,300000, Nairobi,Muthaiga
1752,1,1,150000, Mombasa,Nyali
1753,4,2,165000, Nairobi,Westlands
1754,3,3,55000, Kikuyu, Kikuyu
1755,1,1,55000, Mombasa,Shanzu
1756,2,2,75000, Nairobi, Westlands
1757,2,2,75000,,
1758,2,2,55000, Nairobi, Kileleshwa
1759,3,3,75000, Nairobi,Kilimani
1760,3,2,45000,,
1761,2,3,65000, Nairobi, Spring Valley
1762,3,4,70000, Nairobi,Kileleshwa
1763,2,2,100000, Nairobi,Westlands
1764,3,3,125000, Nairobi, Lavington
1765,3,3,200000, Nairobi, Riverside
1766,3,4,70000, Nairobi,Kileleshwa
1767,3,2,38000, Mombasa, Nyali
1768,1,1,110000, Nairobi,Kileleshwa
1769,4,2,57750, Nairobi, Kahawa Wendani
1770,2,3,65000, Nairobi,Kilimani
1771,3,3,78000,,
1772,4,5,300000, Nairobi,Muthaiga
1773,1,1,150000, Mombasa,Nyali
1774,4,2,165000, Nairobi,Westlands
1775,3,3,55000, Kikuyu, Kikuyu
1776,1,1,55000, Mombasa,Shanzu
1777,2,2,75000, Nairobi, Westlands
1778,2,2,75000,,
1779,1,1,150000, Mombasa,Nyali
1780,2,2,55000, Nairobi, Kileleshwa
1781,3,3,75000, Nairobi,Kilimani
1782,3,2,45000,,
1783,2,3,65000, Nairobi, Spring Valley
1784,2,2,100000, Nairobi,Westlands
1785,3,3,100000, Nairobi, Kileleshwa
1786,3,3,200000, Nairobi, Riverside
1787,3,4,70000, Nairobi,Kileleshwa
1788,3,2,38000, Mombasa, Nyali
1789,1,1,110000, Nairobi,Kileleshwa
1790,4,2,57750, Nairobi, Kahawa Wendani
1791,2,3,65000, Nairobi,Kilimani
1792,3,3,78000,,
1793,4,5,300000, Nairobi,Muthaiga
1794,1,1,150000, Mombasa,Nyali
1795,4,2,165000, Nairobi,Westlands
1796,3,3,55000, Kikuyu, Kikuyu
1797,1,1,55000, Mombasa,Shanzu
1798,2,2,75000, Nairobi, Westlands
1799,2,2,75000,,
1800,2,2,55000, Nairobi, Kileleshwa
1801,3,3,75000, Nairobi,Kilimani
1802,3,2,45000,,
1803,1,1,110000, Nairobi,Kileleshwa
1804,2,3,65000, Nairobi, Spring Valley
1805,2,2,100000, Nairobi,Westlands
1806,3,3,100000, Nairobi, Kileleshwa
1807,3,3,200000, Nairobi, Riverside
1808,3,4,70000, Nairobi,Kileleshwa
1809,3,2,38000, Mombasa, Nyali
1810,1,1,110000, Nairobi,Kileleshwa
1811,1,1,150000, Mombasa,Nyali
1812,4,2,57750, Nairobi, Kahawa Wendani
1813,2,3,65000, Nairobi,Kilimani
1814,3,3,78000,,
1815,4,5,300000, Nairobi,Muthaiga
1816,1,1,150000, Mombasa,Nyali
1817,4,2,165000, Nairobi,Westlands
1818,3,3,55000, Kikuyu, Kikuyu
1819,1,1,55000, Mombasa,Shanzu
1820,2,2,75000, Nairobi, Westlands
1821,2,2,75000,,
1822,2,2,55000, Nairobi, Kileleshwa
1823,3,3,75000, Nairobi,Kilimani
1824,3,2,45000,,
1825,2,3,65000, Nairobi, Spring Valley
1826,2,2,100000, Nairobi,Westlands
1827,3,3,100000, Nairobi, Kileleshwa
1828,3,3,200000, Nairobi, Riverside
1829,3,4,70000, Nairobi,Kileleshwa
1830,3,2,38000, Mombasa, Nyali
1831,1,1,110000, Nairobi,Kileleshwa
1832,4,2,57750, Nairobi, Kahawa Wendani
1833,2,3,65000, Nairobi,Kilimani
1834,3,3,78000,,
1835,4,5,300000, Nairobi,Muthaiga
1836,1,1,150000, Mombasa,Nyali
1837,4,2,165000, Nairobi,Westlands
1838,3,3,55000, Kikuyu, Kikuyu
1839,1,1,55000, Mombasa,Shanzu
1840,2,2,75000, Nairobi, Westlands
1841,2,2,75000,,
1842,2,2,55000, Nairobi, Kileleshwa
1843,3,3,75000, Nairobi,Kilimani
1844,3,2,45000,,
1845,2,3,65000, Nairobi, Spring Valley
1846,4,5,300000, Nairobi,Muthaiga
1847,2,2,100000, Nairobi,Westlands
1848,3,3,125000, Nairobi, Lavington
1849,3,3,200000, Nairobi, Riverside
1850,3,4,70000, Nairobi,Kileleshwa
1851,3,2,38000, Mombasa, Nyali
1852,1,1,110000, Nairobi,Kileleshwa
1853,4,2,57750, Nairobi, Kahawa Wendani
1854,2,3,65000, Nairobi,Kilimani
1855,3,3,78000,,
1856,4,5,300000, Nairobi,Muthaiga
1857,1,1,150000, Mombasa,Nyali
1858,4,2,165000, Nairobi,Westlands
1859,3,3,55000, Kikuyu, Kikuyu
1860,3,3,55000, Kikuyu, Kikuyu
1861,1,1,55000, Mombasa,Shanzu
1862,2,2,75000, Nairobi, Westlands
1863,2,2,75000,,
1864,2,2,55000, Nairobi, Kileleshwa
1865,3,3,75000, Nairobi,Kilimani
1866,3,2,45000,,
1867,2,3,65000, Nairobi, Spring Valley
1868,2,2,100000, Nairobi,Westlands
1869,3,3,125000, Nairobi, Lavington
1870,3,3,200000, Nairobi, Riverside
1871,3,4,70000, Nairobi,Kileleshwa
1872,3,2,38000, Mombasa, Nyali
1873,1,1,110000, Nairobi,Kileleshwa
1874,4,2,57750, Nairobi, Kahawa Wendani
1875,2,3,65000, Nairobi,Kilimani
1876,3,3,78000,,
1877,4,5,300000, Nairobi,Muthaiga
1878,1,1,150000, Mombasa,Nyali
1879,4,2,165000, Nairobi,Westlands
1880,3,3,55000, Kikuyu, Kikuyu
1881,1,1,55000, Mombasa,Shanzu
1882,2,2,75000, Nairobi, Westlands
1883,2,2,75000,,
1884,2,2,55000, Nairobi, Kileleshwa
1885,3,3,75000, Nairobi,Kilimani
1886,3,2,45000,,
1887,2,3,65000, Nairobi, Spring Valley
1888,2,2,100000, Nairobi,Westlands
1889,2,2,55000, Nairobi, Kileleshwa
1890,3,3,100000, Nairobi, Kileleshwa
1891,3,3,200000, Nairobi, Riverside
1892,3,4,70000, Nairobi,Kileleshwa
1893,3,2,38000, Mombasa, Nyali
1894,1,1,110000, Nairobi,Kileleshwa
1895,4,2,57750, Nairobi, Kahawa Wendani
1896,2,3,65000, Nairobi,Kilimani
1897,3,3,78000,,
1898,4,5,300000, Nairobi,Muthaiga
1899,1,1,150000, Mombasa,Nyali
1900,4,2,165000, Nairobi,Westlands
1901,3,3,55000, Kikuyu, Kikuyu
1902,1,1,55000, Mombasa,Shanzu
1903,2,2,75000, Nairobi, Westlands
1904,2,2,75000,,
1905,2,2,55000, Nairobi, Kileleshwa
1906,3,3,75000, Nairobi,Kilimani
1907,3,2,45000,,
1908,2,3,65000, Nairobi, Spring Valley
1909,2,2,100000, Nairobi,Westlands
1910,1,1,55000, Mombasa,Shanzu
1911,3,3,125000, Nairobi, Lavington
1912,3,3,200000, Nairobi, Riverside
1913,4,5,300000, Nairobi,Muthaiga
1914,3,4,70000, Nairobi,Kileleshwa
1915,3,2,38000, Mombasa, Nyali
1916,1,1,110000, Nairobi,Kileleshwa
1917,4,2,57750, Nairobi, Kahawa Wendani
1918,2,3,65000, Nairobi,Kilimani
1919,3,3,78000,,
1920,4,5,300000, Nairobi,Muthaiga
1921,1,1,150000, Mombasa,Nyali
1922,4,2,165000, Nairobi,Westlands
1923,3,3,55000, Kikuyu, Kikuyu
1924,1,1,55000, Mombasa,Shanzu
1925,2,2,75000, Nairobi, Westlands
1926,2,2,75000,,
1927,2,2,55000, Nairobi, Kileleshwa
1928,3,3,75000, Nairobi,Kilimani
1929,3,2,45000,,
1930,2,3,65000, Nairobi, Spring Valley
1931,2,2,100000, Nairobi,Westlands
1932,3,3,125000, Nairobi, Lavington
1933,3,3,200000, Nairobi, Riverside
1934,3,4,70000, Nairobi,Kileleshwa
1935,3,2,38000, Mombasa, Nyali
1936,1,1,110000, Nairobi,Kileleshwa
1937,4,2,57750, Nairobi, Kahawa Wendani
1938,3,4,70000, Nairobi,Kileleshwa
1939,2,3,65000, Nairobi,Kilimani
1940,3,3,78000,,
1941,4,5,300000, Nairobi,Muthaiga
1942,1,1,150000, Mombasa,Nyali
1943,4,2,165000, Nairobi,Westlands
1944,3,3,55000, Kikuyu, Kikuyu
1945,1,1,55000, Mombasa,Shanzu
1946,2,2,75000, Nairobi, Westlands
1947,2,2,75000,,
1948,2,2,55000, Nairobi, Kileleshwa
1949,3,3,75000, Nairobi,Kilimani
1950,3,2,45000,,
1951,2,3,65000, Nairobi, Spring Valley
1952,2,2,100000, Nairobi,Westlands
1953,3,3,125000, Nairobi, Lavington
1954,3,3,200000, Nairobi, Riverside
1955,3,4,70000, Nairobi,Kileleshwa
1956,3,2,38000, Mombasa, Nyali
1957,1,1,110000, Nairobi,Kileleshwa
1958,4,2,57750, Nairobi, Kahawa Wendani
1959,2,3,65000, Nairobi,Kilimani
1960,3,3,78000,,
1961,4,5,300000, Nairobi,Muthaiga
1962,1,1,150000, Mombasa,Nyali
1963,4,2,165000, Nairobi,Westlands
1964,3,3,55000, Kikuyu, Kikuyu
1965,1,1,55000, Mombasa,Shanzu
1966,2,2,75000, Nairobi, Westlands
1967,2,3,65000, Nairobi,Kilimani
1968,2,2,75000,,
1969,2,2,55000, Nairobi, Kileleshwa
1970,3,3,75000, Nairobi,Kilimani
1971,3,2,45000,,
1972,2,3,65000, Nairobi, Spring Valley
1973,2,2,100000, Nairobi,Westlands
1974,3,3,125000, Nairobi, Lavington
1975,3,3,200000, Nairobi, Riverside
1976,3,4,70000, Nairobi,Kileleshwa
1977,3,2,38000, Mombasa, Nyali
1978,1,1,110000, Nairobi,Kileleshwa
1979,4,2,57750, Nairobi, Kahawa Wendani
1980,2,3,65000, Nairobi,Kilimani
1981,3,3,78000,,
1982,4,5,300000, Nairobi,Muthaiga
1983,1,1,150000, Mombasa,Nyali
1984,4,2,165000, Nairobi,Westlands
1985,3,3,55000, Kikuyu, Kikuyu
1986,1,1,55000, Mombasa,Shanzu
1987,2,2,75000, Nairobi, Westlands
1988,2,2,75000,,
1989,2,2,55000, Nairobi, Kileleshwa
1990,4,2,165000, Nairobi,Westlands
1991,3,3,75000, Nairobi,Kilimani
1992,3,2,45000,,
1993,2,3,65000, Nairobi, Spring Valley
1994,2,2,100000, Nairobi,Westlands
1995,3,3,125000, Nairobi, Lavington
1996,3,3,200000, Nairobi, Riverside
1997,3,4,70000, Nairobi,Kileleshwa
1998,3,2,38000, Mombasa, Nyali
1999,1,1,110000, Nairobi,Kileleshwa
2000,4,2,57750, Nairobi, Kahawa Wendani
2001,2,3,65000, Nairobi,Kilimani
2002,3,3,78000,,
2003,4,5,300000, Nairobi,Muthaiga
2004,1,1,150000, Mombasa,Nyali
2005,4,2,165000, Nairobi,Westlands
2006,3,3,55000, Kikuyu, Kikuyu
2007,1,1,55000, Mombasa,Shanzu
2008,2,2,75000, Nairobi, Westlands
2009,2,2,75000,,
2010,2,2,55000, Nairobi, Kileleshwa
2011,3,3,75000, Nairobi,Kilimani
2012,3,2,45000,,
2013,2,3,65000, Nairobi, Spring Valley
2014,2,2,100000, Nairobi,Westlands
2015,4,2,57750, Nairobi, Kahawa Wendani
2016,3,3,125000, Nairobi, Lavington
2017,3,3,200000, Nairobi, Riverside
2018,3,4,70000, Nairobi,Kileleshwa
2019,3,2,38000, Mombasa, Nyali
2020,1,1,110000, Nairobi,Kileleshwa
2021,4,2,57750, Nairobi, Kahawa Wendani
2022,2,3,65000, Nairobi,Kilimani
2023,3,3,78000,,
2024,4,5,300000, Nairobi,Muthaiga
2025,1,1,150000, Mombasa,Nyali
2026,4,2,165000, Nairobi,Westlands
2027,3,3,55000, Kikuyu, Kikuyu
2028,1,1,55000, Mombasa,Shanzu
2029,2,2,75000, Nairobi, Westlands
2030,2,2,75000,,
2031,2,2,55000, Nairobi, Kileleshwa
2032,3,3,75000, Nairobi,Kilimani
2033,3,2,45000,,
2034,4,5,300000, Nairobi,Muthaiga
2035,2,3,65000, Nairobi, Spring Valley
2036,2,2,100000, Nairobi,Westlands
2037,3,3,125000, Nairobi, Lavington
2038,3,3,200000, Nairobi, Riverside
2039,3,4,70000, Nairobi,Kileleshwa
2040,3,2,38000, Mombasa, Nyali
2041,1,1,110000, Nairobi,Kileleshwa
2042,4,2,57750, Nairobi, Kahawa Wendani
2043,2,3,65000, Nairobi,Kilimani
2044,3,3,78000,,
2045,4,5,300000, Nairobi,Muthaiga
2046,1,1,150000, Mombasa,Nyali
2047,4,2,165000, Nairobi,Westlands
2048,3,3,55000, Kikuyu, Kikuyu
2049,1,1,55000, Mombasa,Shanzu
2050,1,1,55000, Mombasa,Shanzu
2051,2,2,75000, Nairobi, Westlands
2052,2,2,75000,,
2053,2,2,55000, Nairobi, Kileleshwa
2054,3,3,75000, Nairobi,Kilimani
2055,3,2,45000,,
2056,2,3,65000, Nairobi, Spring Valley
2057,2,2,100000, Nairobi,Westlands
2058,3,3,125000, Nairobi, Lavington
2059,3,3,200000, Nairobi, Riverside
2060,3,4,70000, Nairobi,Kileleshwa
2061,3,2,38000, Mombasa, Nyali
2062,1,1,110000, Nairobi,Kileleshwa
2063,4,2,57750, Nairobi, Kahawa Wendani
2064,2,3,65000, Nairobi,Kilimani
2065,3,3,78000,,
2066,4,5,300000, Nairobi,Muthaiga
2067,1,1,150000, Mombasa,Nyali
2068,4,2,165000, Nairobi,Westlands
2069,3,3,55000, Kikuyu, Kikuyu
2070,1,1,55000, Mombasa,Shanzu
2071,2,2,75000, Nairobi, Westlands
2072,2,2,75000,,
2073,2,2,55000, Nairobi, Kileleshwa
2074,3,3,75000, Nairobi,Kilimani
2075,3,2,45000,,
2076,2,3,65000, Nairobi, Spring Valley
2077,2,2,100000, Nairobi,Westlands
2078,2,2,75000, Nairobi, Westlands
2079,3,3,125000, Nairobi, Lavington
2080,3,3,200000, Nairobi, Riverside
2081,3,4,70000, Nairobi,Kileleshwa
2082,3,2,38000, Mombasa, Nyali
2083,1,1,110000, Nairobi,Kileleshwa
2084,3,2,38000, Mombasa, Nyali
2085,4,2,57750, Nairobi, Kahawa Wendani
2086,2,3,65000, Nairobi,Kilimani
2087,3,3,78000,,
2088,4,5,300000, Nairobi,Muthaiga
2089,1,1,150000, Mombasa,Nyali
2090,4,2,165000, Nairobi,Westlands
2091,3,3,55000, Kikuyu, Kikuyu
2092,1,1,55000, Mombasa,Shanzu
2093,2,2,75000, Nairobi, Westlands
2094,2,2,75000,,
2095,2,2,55000, Nairobi, Kileleshwa
2096,3,3,75000, Nairobi,Kilimani
2097,3,2,45000,,
2098,2,3,65000, Nairobi, Spring Valley
2099,2,2,100000, Nairobi,Westlands
2100,3,3,125000, Nairobi, Lavington
2101,3,3,200000, Nairobi, Riverside
2102,3,4,70000, Nairobi,Kileleshwa
2103,3,2,38000, Mombasa, Nyali
2104,1,1,110000, Nairobi,Kileleshwa
2105,4,2,57750, Nairobi, Kahawa Wendani
2106,2,3,65000, Nairobi,Kilimani
2107,3,3,78000,,
2108,4,5,300000, Nairobi,Muthaiga
2109,1,1,110000, Nairobi,Kileleshwa
2110,1,1,150000, Mombasa,Nyali
2111,4,2,165000, Nairobi,Westlands
2112,3,3,55000, Kikuyu, Kikuyu
2113,1,1,55000, Mombasa,Shanzu
2114,2,2,75000, Nairobi, Westlands
2115,2,2,75000,,
2116,2,2,55000, Nairobi, Kileleshwa
2117,3,3,75000, Nairobi,Kilimani
2118,3,2,45000,,
2119,2,3,65000, Nairobi, Spring Valley
2120,2,2,100000, Nairobi,Westlands
2121,3,3,80000, Nairobi, Kilimani
2122,1,1,150000, Mombasa,Nyali
2123,3,3,200000, Nairobi, Riverside
2124,3,4,70000, Nairobi,Kileleshwa
2125,3,2,38000, Mombasa, Nyali
2126,1,1,110000, Nairobi,Kileleshwa
2127,4,2,57750, Nairobi, Kahawa Wendani
2128,2,3,65000, Nairobi,Kilimani
2129,3,3,78000,,
2130,4,5,300000, Nairobi,Muthaiga
2131,1,1,150000, Mombasa,Nyali
2132,4,2,165000, Nairobi,Westlands
2133,3,3,55000, Kikuyu, Kikuyu
2134,1,1,55000, Mombasa,Shanzu
2135,2,2,75000, Nairobi, Westlands
2136,2,2,75000,,
2137,2,2,55000, Nairobi, Kileleshwa
2138,3,3,75000, Nairobi,Kilimani
2139,3,2,45000,,
2140,2,3,65000, Nairobi, Spring Valley
2141,2,2,100000, Nairobi,Westlands
2142,3,3,125000, Nairobi, Lavington
2143,3,3,200000, Nairobi, Riverside
2144,3,4,70000, Nairobi,Kileleshwa
2145,3,2,38000, Mombasa, Nyali
2146,1,1,110000, Nairobi,Kileleshwa
2147,4,2,57750, Nairobi, Kahawa Wendani
2148,2,3,65000, Nairobi,Kilimani
2149,3,3,78000,,
2150,4,5,300000, Nairobi,Muthaiga
2151,1,1,150000, Mombasa,Nyali
2152,4,2,165000, Nairobi,Westlands
2153,3,3,55000, Kikuyu, Kikuyu
2154,1,1,55000, Mombasa,Shanzu
2155,3,2,38000, Mombasa, Nyali
2156,2,2,75000, Nairobi, Westlands
2157,2,2,75000,,
2158,2,2,55000, Nairobi, Kileleshwa
2159,3,3,75000, Nairobi,Kilimani
2160,3,2,45000,,
2161,2,3,65000, Nairobi, Spring Valley
2162,2,2,100000, Nairobi,Westlands
2163,3,3,125000, Nairobi, Lavington
2164,3,3,200000, Nairobi, Riverside
2165,3,4,70000, Nairobi,Kileleshwa
2166,3,2,38000, Mombasa, Nyali
2167,1,1,110000, Nairobi,Kileleshwa
2168,4,2,57750, Nairobi, Kahawa Wendani
2169,2,3,65000, Nairobi,Kilimani
2170,3,3,78000,,
2171,4,5,300000, Nairobi,Muthaiga
2172,1,1,150000, Mombasa,Nyali
2173,3,3,200000, Nairobi, Riverside
2174,4,2,165000, Nairobi,Westlands
2175,3,3,55000, Kikuyu, Kikuyu
2176,1,1,55000, Mombasa,Shanzu
2177,2,2,75000, Nairobi, Westlands
2178,2,2,75000,,
2179,2,2,55000, Nairobi, Kileleshwa
2180,3,3,75000, Nairobi,Kilimani
2181,3,2,45000,,
2182,2,3,65000, Nairobi, Spring Valley
2183,2,2,100000, Nairobi,Westlands
2184,3,3,125000, Nairobi, Lavington
2185,3,3,200000, Nairobi, Riverside
2186,3,4,70000, Nairobi,Kileleshwa
2187,3,2,38000, Mombasa, Nyali
2188,1,1,110000, Nairobi,Kileleshwa
2189,1,1,55000, Mombasa,Shanzu
2190,4,2,57750, Nairobi, Kahawa Wendani
2191,2,3,65000, Nairobi,Kilimani
2192,3,3,78000,,
2193,4,5,300000, Nairobi,Muthaiga
2194,1,1,150000, Mombasa,Nyali
2195,4,2,165000, Nairobi,Westlands
2196,3,3,55000, Kikuyu, Kikuyu
2197,1,1,55000, Mombasa,Shanzu
2198,2,2,75000, Nairobi, Westlands
2199,2,2,75000,,
2200,2,2,55000, Nairobi, Kileleshwa
2201,3,3,75000, Nairobi,Kilimani
2202,3,2,45000,,
2203,2,3,65000, Nairobi, Spring Valley
2204,2,2,100000, Nairobi,Westlands
2205,3,3,80000, Nairobi, Kilimani
2206,3,3,200000, Nairobi, Riverside
2207,3,4,70000, Nairobi,Kileleshwa
2208,3,2,38000, Mombasa, Nyali
2209,1,1,110000, Nairobi,Kileleshwa
2210,4,2,57750, Nairobi, Kahawa Wendani
2211,2,3,65000, Nairobi,Kilimani
2212,3,3,78000,,
2213,4,5,300000, Nairobi,Muthaiga
2214,1,1,150000, Mombasa,Nyali
2215,4,2,165000, Nairobi,Westlands
2216,3,3,55000, Kikuyu, Kikuyu
2217,1,1,55000, Mombasa,Shanzu
2218,2,2,75000, Nairobi, Westlands
2219,2,2,75000, Nairobi, Westlands
2220,2,2,75000,,
2221,2,2,55000, Nairobi, Kileleshwa
2222,3,3,75000, Nairobi,Kilimani
2223,3,2,45000,,
2224,2,3,65000, Nairobi, Spring Valley
2225,2,2,100000, Nairobi,Westlands
2226,3,3,125000, Nairobi, Lavington
2227,3,3,55000, Kikuyu, Kikuyu
2228,3,3,200000, Nairobi, Riverside
2229,3,4,70000, Nairobi,Kileleshwa
2230,3,2,38000, Mombasa, Nyali
2231,1,1,110000, Nairobi,Kileleshwa
2232,4,2,57750, Nairobi, Kahawa Wendani
2233,2,3,65000, Nairobi,Kilimani
2234,3,3,78000,,
2235,4,5,300000, Nairobi,Muthaiga
2236,1,1,150000, Mombasa,Nyali
2237,4,2,165000, Nairobi,Westlands
2238,3,3,55000, Kikuyu, Kikuyu
2239,1,1,55000, Mombasa,Shanzu
2240,2,2,75000, Nairobi, Westlands
2241,2,2,75000,,
2242,2,2,55000, Nairobi, Kileleshwa
2243,3,3,75000, Nairobi,Kilimani
2244,3,2,45000,,
2245,2,3,65000, Nairobi, Spring Valley
2246,2,2,100000, Nairobi,Westlands
2247,3,3,125000, Nairobi, Lavington
2248,3,3,200000, Nairobi, Riverside
2249,3,4,70000, Nairobi,Kileleshwa
2250,3,2,38000, Mombasa, Nyali
2251,4,2,165000, Nairobi,Westlands
2252,1,1,110000, Nairobi,Kileleshwa
2253,4,2,57750, Nairobi, Kahawa Wendani
2254,2,3,65000, Nairobi,Kilimani
2255,3,3,78000,,
2256,4,5,300000, Nairobi,Muthaiga
2257,1,1,150000, Mombasa,Nyali
2258,4,2,165000, Nairobi,Westlands
2259,3,3,55000, Kikuyu, Kikuyu
2260,1,1,55000, Mombasa,Shanzu
2261,2,2,75000, Nairobi, Westlands
2262,2,2,75000,,
2263,2,2,55000, Nairobi, Kileleshwa
2264,3,3,75000, Nairobi,Kilimani
2265,3,2,45000,,
2266,2,3,65000, Nairobi, Spring Valley
2267,2,2,100000, Nairobi,Westlands
2268,3,3,125000, Nairobi, Lavington
2269,3,3,200000, Nairobi, Riverside
2270,3,4,70000, Nairobi,Kileleshwa
2271,3,2,38000, Mombasa, Nyali
2272,1,1,110000, Nairobi,Kileleshwa
2273,4,2,57750, Nairobi, Kahawa Wendani
2274,2,3,65000, Nairobi,Kilimani
2275,3,4,70000, Nairobi,Kileleshwa
2276,3,3,78000,,
2277,4,5,300000, Nairobi,Muthaiga
2278,1,1,150000, Mombasa,Nyali
2279,4,2,165000, Nairobi,Westlands
2280,3,3,55000, Kikuyu, Kikuyu
2281,1,1,55000, Mombasa,Shanzu
2282,2,2,75000, Nairobi, Westlands
2283,2,2,75000,,
2284,2,2,55000, Nairobi, Kileleshwa
2285,3,3,75000, Nairobi,Kilimani
2286,3,2,45000,,
2287,2,3,65000, Nairobi, Spring Valley
2288,2,2,100000, Nairobi,Westlands
2289,3,3,125000, Nairobi, Lavington
2290,3,3,200000, Nairobi, Riverside
2291,3,4,70000, Nairobi,Kileleshwa
2292,3,4,70000, Nairobi,Kileleshwa
2293,3,2,38000, Mombasa, Nyali
2294,1,1,110000, Nairobi,Kileleshwa
2295,4,2,57750, Nairobi, Kahawa Wendani
2296,2,3,65000, Nairobi,Kilimani
2297,3,3,78000,,
2298,4,5,300000, Nairobi,Muthaiga
2299,1,1,150000, Mombasa,Nyali
2300,4,2,165000, Nairobi,Westlands
2301,3,3,55000, Kikuyu, Kikuyu
2302,1,1,55000, Mombasa,Shanzu
2303,2,2,75000, Nairobi, Westlands
2304,2,2,75000,,
2305,2,2,55000, Nairobi, Kileleshwa
2306,3,3,75000, Nairobi,Kilimani
2307,3,2,45000,,
2308,2,3,65000, Nairobi, Spring Valley
2309,2,2,100000, Nairobi,Westlands
2310,3,3,80000, Nairobi, Kilimani
2311,3,3,200000, Nairobi, Riverside
2312,3,4,70000, Nairobi,Kileleshwa
2313,3,2,38000, Mombasa, Nyali
2314,1,1,110000, Nairobi,Kileleshwa
2315,4,2,57750, Nairobi, Kahawa Wendani
2316,2,3,65000, Nairobi,Kilimani
2317,3,3,78000,,
2318,4,5,300000, Nairobi,Muthaiga
2319,1,1,150000, Mombasa,Nyali
2320,4,2,165000, Nairobi,Westlands
2321,3,3,55000, Kikuyu, Kikuyu
2322,1,1,55000, Mombasa,Shanzu
2323,2,2,75000, Nairobi, Westlands
2324,2,2,75000,,
2325,2,2,55000, Nairobi, Kileleshwa
2326,3,3,75000, Nairobi,Kilimani
2327,3,3,75000, Nairobi,Kilimani
2328,3,2,45000,,
2329,2,3,65000, Nairobi, Spring Valley
2330,2,2,100000, Nairobi,Westlands
2331,3,3,80000, Nairobi, Kilimani
2332,3,3,200000, Nairobi, Riverside
2333,3,4,70000, Nairobi,Kileleshwa
2334,3,2,38000, Mombasa, Nyali
2335,1,1,110000, Nairobi,Kileleshwa
2336,4,2,57750, Nairobi, Kahawa Wendani
2337,2,3,65000, Nairobi,Kilimani
2338,3,3,78000,,
2339,4,5,300000, Nairobi,Muthaiga
2340,4,5,300000, Nairobi,Muthaiga
2341,1,1,150000, Mombasa,Nyali
2342,4,2,165000, Nairobi,Westlands
2343,3,3,55000, Kikuyu, Kikuyu
2344,1,1,55000, Mombasa,Shanzu
2345,2,2,75000, Nairobi, Westlands
2346,2,2,75000,,
2347,2,2,55000, Nairobi, Kileleshwa
2348,3,3,75000, Nairobi,Kilimani
2349,3,2,45000,,
2350,2,3,65000, Nairobi, Spring Valley
2351,2,2,100000, Nairobi,Westlands
2352,3,3,80000, Nairobi, Kilimani
2353,3,2,45000,,
2354,3,3,200000, Nairobi, Riverside
2355,3,4,70000, Nairobi,Kileleshwa
2356,3,2,38000, Mombasa, Nyali
2357,1,1,110000, Nairobi,Kileleshwa
2358,4,2,57750, Nairobi, Kahawa Wendani
2359,2,3,65000, Nairobi,Kilimani
2360,3,3,78000,,
2361,4,5,300000, Nairobi,Muthaiga
2362,1,1,150000, Mombasa,Nyali
2363,4,2,165000, Nairobi,Westlands
2364,3,3,55000, Kikuyu, Kikuyu
2365,1,1,55000, Mombasa,Shanzu
2366,2,2,75000, Nairobi, Westlands
2367,2,2,75000,,
2368,2,2,55000, Nairobi, Kileleshwa
2369,3,3,75000, Nairobi,Kilimani
2370,3,2,45000,,
2371,2,3,65000, Nairobi, Spring Valley
2372,2,2,100000, Nairobi,Westlands
2373,3,3,80000, Nairobi, Kilimani
2374,3,3,200000, Nairobi, Riverside
2375,3,4,70000, Nairobi,Kileleshwa
2376,3,2,38000, Mombasa, Nyali
2377,1,1,110000, Nairobi,Kileleshwa
2378,4,2,57750, Nairobi, Kahawa Wendani
2379,2,3,65000, Nairobi,Kilimani
2380,3,3,78000,,
2381,4,5,300000, Nairobi,Muthaiga
2382,1,1,150000, Mombasa,Nyali
2383,4,2,165000, Nairobi,Westlands
2384,3,3,55000, Kikuyu, Kikuyu
2385,1,1,55000, Mombasa,Shanzu
2386,2,2,75000, Nairobi, Westlands
2387,2,2,75000,,
2388,2,2,55000, Nairobi, Kileleshwa
2389,3,3,75000, Nairobi,Kilimani
2390,3,2,45000,,
2391,2,3,65000, Nairobi, Spring Valley
2392,3,2,38000, Mombasa, Nyali
2393,2,2,100000, Nairobi,Westlands
2394,3,3,80000, Nairobi, Kilimani
2395,3,3,200000, Nairobi, Riverside
2396,3,4,70000, Nairobi,Kileleshwa
2397,3,2,38000, Mombasa, Nyali
2398,1,1,110000, Nairobi,Kileleshwa
2399,4,2,57750, Nairobi, Kahawa Wendani
2400,2,3,65000, Nairobi,Kilimani
2401,3,3,78000,,
2402,4,5,300000, Nairobi,Muthaiga
2403,1,1,150000, Mombasa,Nyali
2404,4,2,165000, Nairobi,Westlands
2405,3,3,55000, Kikuyu, Kikuyu
2406,1,1,55000, Mombasa,Shanzu
2407,2,2,75000, Nairobi, Westlands
2408,2,2,75000,,
2409,2,2,55000, Nairobi, Kileleshwa
2410,3,3,75000, Nairobi,Kilimani
2411,3,2,45000,,
2412,2,3,65000, Nairobi, Spring Valley
2413,3,4,70000, Nairobi,Kileleshwa
2414,2,2,100000, Nairobi,Westlands
2415,3,3,80000, Nairobi, Kilimani
2416,3,3,200000, Nairobi, Riverside
2417,3,3,55000, Kikuyu, Kikuyu
2418,3,4,70000, Nairobi,Kileleshwa
2419,3,2,38000, Mombasa, Nyali
2420,1,1,110000, Nairobi,Kileleshwa
2421,4,2,57750, Nairobi, Kahawa Wendani
2422,2,3,65000, Nairobi,Kilimani
2423,3,3,78000,,
2424,4,5,300000, Nairobi,Muthaiga
2425,1,1,150000, Mombasa,Nyali
2426,4,2,165000, Nairobi,Westlands
2427,3,3,55000, Kikuyu, Kikuyu
2428,1,1,55000, Mombasa,Shanzu
2429,2,2,75000, Nairobi, Westlands
2430,2,2,75000,,
2431,2,2,55000, Nairobi, Kileleshwa
2432,3,3,75000, Nairobi,Kilimani
2433,3,2,45000,,
2434,2,3,65000, Nairobi, Spring Valley
2435,2,2,100000, Nairobi,Westlands
2436,3,3,80000, Nairobi, Kilimani
2437,3,3,200000, Nairobi, Riverside
2438,3,4,70000, Nairobi,Kileleshwa
2439,3,2,38000, Mombasa, Nyali
2440,1,1,110000, Nairobi,Kileleshwa
2441,4,2,57750, Nairobi, Kahawa Wendani
2442,2,3,65000, Nairobi,Kilimani
2443,3,3,78000,,
2444,4,5,300000, Nairobi,Muthaiga
2445,1,1,150000, Mombasa,Nyali
2446,4,2,165000, Nairobi,Westlands
2447,2,2,100000, Nairobi,Westlands
2448,3,3,55000, Kikuyu, Kikuyu
2449,1,1,55000, Mombasa,Shanzu
2450,2,2,75000, Nairobi, Westlands
2451,2,2,75000,,
2452,2,2,55000, Nairobi, Kileleshwa
2453,3,3,75000, Nairobi,Kilimani
2454,3,2,45000,,
2455,2,3,65000, Nairobi, Spring Valley
2456,2,2,100000, Nairobi,Westlands
2457,3,3,80000, Nairobi, Kilimani
2458,3,3,200000, Nairobi, Riverside
2459,3,4,70000, Nairobi,Kileleshwa
2460,3,2,38000, Mombasa, Nyali
2461,1,1,110000, Nairobi,Kileleshwa
2462,4,2,57750, Nairobi, Kahawa Wendani
2463,2,3,65000, Nairobi,Kilimani
2464,3,3,78000,,
2465,4,5,300000, Nairobi,Muthaiga
2466,1,1,150000, Mombasa,Nyali
2467,4,2,165000, Nairobi,Westlands
2468,3,3,55000, Kikuyu, Kikuyu
2469,1,1,55000, Mombasa,Shanzu
2470,2,2,75000, Nairobi, Westlands
2471,1,1,55000, Mombasa,Shanzu
2472,2,2,75000,,
2473,2,2,55000, Nairobi, Kileleshwa
2474,3,3,75000, Nairobi,Kilimani
2475,3,2,45000,,
2476,2,3,65000, Nairobi, Spring Valley
2477,2,2,100000, Nairobi,Westlands
2478,3,3,80000, Nairobi, Kilimani
2479,3,2,45000,,
2480,3,3,200000, Nairobi, Riverside
2481,3,4,70000, Nairobi,Kileleshwa
2482,3,2,38000, Mombasa, Nyali
2483,1,1,110000, Nairobi,Kileleshwa
2484,4,2,57750, Nairobi, Kahawa Wendani
2485,2,3,65000, Nairobi,Kilimani
2486,3,3,78000,,
2487,4,5,300000, Nairobi,Muthaiga
2488,1,1,150000, Mombasa,Nyali
2489,4,2,165000, Nairobi,Westlands
2490,3,3,55000, Kikuyu, Kikuyu
2491,1,1,55000, Mombasa,Shanzu
2492,2,2,75000, Nairobi, Westlands
2493,2,2,75000,,
2494,2,2,55000, Nairobi, Kileleshwa
2495,3,3,75000, Nairobi,Kilimani
2496,3,2,45000,,
2497,2,3,65000, Nairobi, Spring Valley
2498,2,2,100000, Nairobi,Westlands
2499,3,3,80000, Nairobi, Kilimani
2500,3,3,200000, Nairobi, Riverside
2501,3,4,70000, Nairobi,Kileleshwa
2502,3,2,38000, Mombasa, Nyali
2503,1,1,110000, Nairobi,Kileleshwa
2504,4,2,57750, Nairobi, Kahawa Wendani
2505,2,3,65000, Nairobi,Kilimani
2506,3,3,78000,,
2507,4,5,300000, Nairobi,Muthaiga
2508,1,1,150000, Mombasa,Nyali
2509,4,2,165000, Nairobi,Westlands
2510,3,3,55000, Kikuyu, Kikuyu
2511,1,1,55000, Mombasa,Shanzu
2512,2,2,75000, Nairobi, Westlands
2513,2,2,75000,,
2514,2,2,55000, Nairobi, Kileleshwa
2515,3,3,75000, Nairobi,Kilimani
2516,3,2,45000,,
2517,2,3,65000, Nairobi, Spring Valley
2518,4,5,300000, Nairobi,Muthaiga
2519,2,2,100000, Nairobi,Westlands
