,Price,Bedrooms,Bathrooms,City,Location
0,"KSh 155,000",4.0,4.0,Nairobi,General Mathenge
1,"KSh 100,000",3.0,4.0,Nairobi,Kilimani
2,"KSh 75,000",3.0,5.0,Nairobi, Lavington
3,"KSh 135,000",3.0,4.0,Nairobi,Kilimani
4,"KSh 50,000",3.0,,Nairobi,Imara Daima
5,"KSh 150,000",2.0,,Nairobi,Waiyaki Way
6,"KSh 100,000",2.0,3.0,Nairobi, Kilimani
7,"KSh 100,000",3.0,3.0,Nairobi,Westlands Area
8,"KSh 85,000",4.0,,Nairobi,Thika Road
9,"KSh 65,000",2.0,2.0,Nairobi,Kilimani
10,"KSh 95,000",2.0,2.0,Nairobi, Rhapta Road
11,"KSh 75,000",3.0,3.0,Nairobi,Thindigua
12,"KSh 65,000",3.0,2.0,Nairobi,Kileleshwa
13,"KSh 85,000",1.0,1.0,Nairobi,Riverside
14,"KSh 220,000",3.0,3.0,Nairobi, Riverside
15,"KSh 120,000",3.0,3.0,Nairobi,Parklands
16,"KSh 50,000",0.0,1.0,Nairobi,Waiyaki Way
17,"KSh 85,000",2.0,2.0,Nairobi, Lavington
18,"KSh 12,000",1.0,1.0,Nairobi, Nyali Area
19,"KSh 13,000",0.0,,Nairobi, Waiyaki Way
20,"KSh 13,000",2.0,1.0,Nairobi, Ruaka
21,"KSh 13,000",0.0,1.0,Nairobi,Ruaka
22,"KSh 13,000",1.0,1.0,Nairobi, Bamburi
23,"KSh 14,000",2.0,1.0,Nairobi, Ruaka
24,"KSh 15,000",2.0,1.0,Nairobi,Ruaka
25,"KSh 15,000",1.0,1.0,Nairobi, Uthiru/Ruthimitu
26,"KSh 15,000",0.0,1.0,Nairobi,Kiambu Road
27,"KSh 15,000",2.0,1.0,Nairobi, Zimmermann
28,"KSh 16,000",2.0,2.0,Nairobi, Ruaka
29,"KSh 16,000",1.0,1.0,Nairobi,Kasarani Area
30,"KSh 16,000",2.0,1.0,Nairobi, Uthiru/Ruthimitu
31,"KSh 16,000",1.0,1.0,Nairobi,Ngong
32,"KSh 16,000",1.0,1.0,Nairobi, Ruaka
33,"KSh 98,000",3.0,3.0,Nairobi, Kilimani
34,"KSh 200,000",3.0,3.0,Nairobi,General Mathenge
35,"KSh 16,000",1.0,1.0,Nairobi, Kasarani Area
36,"KSh 16,000",1.0,,Nairobi,Ruaka
37,"KSh 17,000",1.0,,Nairobi,Athi River Area
38,"KSh 17,000",1.0,1.0,Nairobi,Sub zone
39,"KSh 17,000",2.0,2.0,Nairobi, Ruaka
40,"KSh 17,000",2.0,2.0,Nairobi,Ruaka
41,"KSh 17,000",2.0,,Nairobi, Ngong
42,"KSh 17,500",1.0,,Nairobi,Imara Daima
43,"KSh 18,000",2.0,2.0,Nairobi, Ruaka
44,"KSh 18,000",1.0,1.0,Nairobi, Nyali Area
45,"KSh 18,000",1.0,1.0,Nairobi, Kikuyu Town
46,"KSh 19,000",1.0,1.0,Nairobi, Nyali Area
47,"KSh 20,000",1.0,,Nairobi, Kitisuru
48,"KSh 20,000",1.0,1.0,Nairobi, Riruta
49,"KSh 20,000",2.0,,Nairobi, Kasarani Area
50,"KSh 70,000",2.0,2.0,Nairobi,Kilimani
51,"KSh 75,000",2.0,2.0,Nairobi, Kilimani
52,"KSh 20,000",1.0,1.0,Nairobi, Ruaka
53,"KSh 20,000",2.0,2.0,Nairobi, Ruiru
54,"KSh 20,000",1.0,1.0,Nairobi,Ruaka
55,"KSh 20,000",1.0,1.0,Nairobi, Nyali Area
56,"KSh 20,000",2.0,2.0,Nairobi, Ruaka
57,"KSh 20,000",1.0,1.0,Nairobi, Nyali Area
58,"KSh 20,000",1.0,1.0,Nairobi, Ruaka
59,"KSh 20,000",2.0,,Nairobi,Ongata Rongai
60,"KSh 20,000",2.0,2.0,Nairobi,Kisumu Central Area
61,"KSh 22,000",2.0,2.0,Nairobi,Kikuyu Town
62,"KSh 22,000",2.0,1.0,Nairobi, Kabete Area
63,"KSh 22,000",2.0,1.0,Nairobi,Ngong
64,"KSh 280,000",3.0,,Nairobi,Riverside
65,"KSh 18,000",1.0,1.0,Nairobi, Kikuyu Town
66,"KSh 23,000",1.0,1.0,Nairobi, Ruaka
67,"KSh 23,000",2.0,2.0,Nairobi,Kisumu Central Area
68,"KSh 24,000",2.0,2.0,Nairobi,Utawala
69,"KSh 24,000",,,Nairobi,Nairobi West
70,"KSh 24,000",2.0,2.0,Nairobi, Frere Town
71,"KSh 25,000",3.0,2.0,Nairobi, Thika
72,"KSh 25,000",2.0,,Nairobi, Ruaka
73,"KSh 25,000",1.0,1.0,Nairobi,Ruaka
74,"KSh 25,000",2.0,2.0,Nairobi,Imara Daima
75,"KSh 25,000",2.0,2.0,Nairobi, Kikuyu Town
76,"KSh 25,000",2.0,1.0,Nairobi, Dagoretti Corner
77,"KSh 25,000",2.0,,Nairobi,Nyali Area
78,"KSh 25,000",1.0,,Nairobi,Ruaka
79,"KSh 100,000",3.0,3.0,Nairobi, Kileleshwa
80,"KSh 25,000",1.0,,Nairobi,Ruaka
81,"KSh 25,000",1.0,1.0,Nairobi, Ruaka
82,"KSh 25,000",2.0,1.0,Nairobi, Ruiru
83,"KSh 26,000",1.0,,Nairobi, Garden Estate
84,"KSh 27,000",1.0,1.0,Nairobi, Ngumo Estate
85,"KSh 28,000",2.0,2.0,Nairobi,Ruaka
86,"KSh 28,000",2.0,2.0,Nairobi,Syokimau
87,"KSh 28,000",1.0,1.0,Nairobi, Nyali Area
88,"KSh 28,000",2.0,2.0,Nairobi,Kikuyu Town
89,"KSh 28,000",2.0,2.0,Nairobi, Ruaka
90,"KSh 28,000",2.0,2.0,Nairobi, Mombasa Road
91,"KSh 28,000",2.0,2.0,Nairobi, Ziwa La Ngombe
92,"KSh 28,000",2.0,2.0,Nairobi, Nyali Area
93,"KSh 28,000",2.0,2.0,Nairobi,Syokimau
94,"KSh 200,000",5.0,5.0,Nairobi, Kilimani
95,"KSh 28,000",2.0,2.0,Nairobi, Ruaka
96,"KSh 30,000",1.0,1.0,Nairobi,Kisumu West
97,"KSh 30,000",2.0,1.0,Nairobi, Kiambu Road
98,"KSh 30,000",2.0,2.0,Nairobi, Thika East
99,"KSh 30,000",1.0,1.0,Nairobi, Karen
100,"KSh 30,000",0.0,,Nairobi,Kileleshwa
101,"KSh 30,000",2.0,2.0,Nairobi, Ruaka
102,"KSh 30,000",2.0,2.0,Nairobi, Ruaka
103,"KSh 30,000",1.0,1.0,Nairobi, Parklands
104,"KSh 30,000",3.0,3.0,Nairobi, Ziwa La Ngombe
105,"KSh 30,000",2.0,3.0,Nairobi, Mtwapa
106,"KSh 30,000",1.0,1.0,Nairobi, Ngong Road
107,"KSh 30,000",2.0,,Nairobi,New Kitusuru
108,"KSh 30,000",1.0,1.0,Nairobi, Ruaka
109,"KSh 30,000",3.0,2.0,Nairobi,Syokimau
110,"KSh 175,000",2.0,2.0,Nairobi,Thigiri
111,"KSh 145,000",3.0,5.0,Nairobi, Riverside
112,"KSh 30,000",2.0,2.0,Nairobi,Mombasa Road
113,"KSh 30,000",2.0,2.0,Nairobi, Imara Daima
114,"KSh 30,000",2.0,2.0,Nairobi, Kiambu Town
115,"KSh 32,000",2.0,2.0,Nairobi,Ruaka
116,"KSh 32,000",1.0,1.0,Nairobi, Ngong Road
117,"KSh 32,500",2.0,2.0,Nairobi, Ruaka
118,"KSh 33,000",3.0,2.0,Nairobi, Syokimau
119,"KSh 33,000",3.0,2.0,Nairobi, Ngong
120,"KSh 33,500",3.0,3.0,Nairobi, Eldoret North
121,"KSh 35,000",,,Nairobi,Ruaka
122,"KSh 35,000",2.0,3.0,Nairobi, Windsor
123,"KSh 35,000",,,Nairobi,Nairobi West
124,"KSh 35,000",1.0,,Nairobi,Kileleshwa
125,"KSh 35,000",1.0,1.0,Nairobi,Kiambu Road
126,"KSh 130,000",2.0,2.0,Nairobi, Kileleshwa
127,"KSh 35,000",1.0,1.0,Nairobi, Kiambu Road
128,"KSh 35,000",2.0,,Nairobi,Imara Daima
129,"KSh 35,000",3.0,2.0,Nairobi, Syokimau
130,"KSh 35,000",2.0,2.0,Nairobi,Imara Daima
131,"KSh 35,000",2.0,2.0,Nairobi,Lower Kabete
132,"KSh 35,000",2.0,2.0,Nairobi, Ruaka
133,"KSh 35,000",2.0,2.0,Nairobi,Kahawa Sukari
134,"KSh 35,000",2.0,1.0,Nairobi,Langata Area
135,"KSh 35,000",3.0,2.0,Nairobi, Nyali Area
136,"KSh 35,000",2.0,2.0,Nairobi,Imara Daima
137,"KSh 35,000",0.0,,Nairobi, Kilimani
138,"KSh 35,000",3.0,2.0,Nairobi, Syokimau
139,"KSh 35,000",3.0,2.0,Nairobi, Baraka/Nyayo
140,"KSh 35,000",3.0,3.0,Nairobi,Syokimau
141,"KSh 90,000",3.0,3.0,Nairobi, Lavington
142,"KSh 100,000",3.0,3.0,Nairobi, Kilimani
143,"KSh 35,000",2.0,1.0,Nairobi, Ruaka
144,"KSh 35,000",2.0,,Nairobi, Ngara
145,"KSh 35,000",2.0,2.0,Nairobi, Mkomani
146,"KSh 35,000",1.0,1.0,Nairobi,Westlands Area
147,"KSh 35,000",2.0,,Nairobi,Garden Estate
148,"KSh 35,000",3.0,2.0,Nairobi,Syokimau
149,"KSh 35,750",2.0,2.0,Nairobi, Ruiru
150,"KSh 37,000",2.0,2.0,Nairobi, Ruaka
151,"KSh 38,000",2.0,2.0,Nairobi, Ruaka
152,"KSh 38,000",2.0,2.0,Nairobi,Ruaka
153,"KSh 38,000",2.0,2.0,Nairobi, Mountain View
154,"KSh 38,000",3.0,2.0,Nairobi, Kinoo
155,"KSh 38,000",2.0,2.0,Nairobi, Ruaka
156,"KSh 38,000",3.0,2.0,Nairobi,Ruaka
157,"KSh 38,000",2.0,1.0,Nairobi, Riverside
158,"KSh 240,000",3.0,2.0,Nairobi, Upper Hill
159,"KSh 85,000",3.0,3.0,Nairobi, Kileleshwa
160,"KSh 38,000",1.0,1.0,Nairobi, Upper Hill
161,"KSh 38,000",2.0,2.0,Nairobi,Ruaka
162,"KSh 39,000",2.0,1.0,Nairobi, Ngumo Estate
163,"KSh 40,000",2.0,2.0,Nairobi, Ruaka
164,"KSh 40,000",3.0,2.0,Nairobi, Ongata Rongai
165,"KSh 40,000",3.0,3.0,Nairobi, Nyali Area
166,"KSh 40,000",3.0,3.0,Nairobi, Nyali Area
167,"KSh 40,000",1.0,1.0,Nairobi, Naivasha Road
168,"KSh 40,000",2.0,2.0,Nairobi, Ruaka
169,"KSh 40,000",2.0,2.0,Nairobi,Ngara
170,"KSh 40,000",3.0,1.0,Nairobi, Madaraka
171,"KSh 40,000",3.0,2.0,Nairobi, Nyali Area
172,"KSh 40,000",2.0,2.0,Nairobi,Naivasha Road
173,"KSh 40,000",2.0,2.0,Nairobi, Thindigua
174,"KSh 40,000",2.0,2.0,Nairobi, Thindigua
175,"KSh 40,000",1.0,1.0,Nairobi, Kilimani
176,"KSh 40,000",3.0,1.0,Nairobi,Parklands
177,"KSh 40,000",2.0,,Nairobi,Naivasha Road
178,"KSh 40,000",2.0,2.0,Nairobi,Kamiti
179,"KSh 40,000",2.0,,Nairobi,Thika Road
180,"KSh 40,000",2.0,1.0,Nairobi,Madaraka
181,"KSh 40,000",3.0,,Nairobi, Riruta
182,"KSh 40,000",2.0,2.0,Nairobi,Ruaka
183,"KSh 40,000",2.0,2.0,Nairobi, Ruaka
184,"KSh 40,000",2.0,2.0,Nairobi, Ruaka
185,"KSh 40,000",3.0,2.0,Nairobi, Ruaka
186,"KSh 40,000",3.0,2.0,Nairobi, Ruaka
187,"KSh 40,000",2.0,1.0,Nairobi,Makadara
188,"KSh 40,000",2.0,2.0,Nairobi, Naivasha Road
189,"KSh 40,000",2.0,2.0,Nairobi,Ruaka
190,"KSh 40,000",1.0,1.0,Nairobi, Lavington
191,"KSh 40,000",2.0,2.0,Nairobi, Karen
192,"KSh 40,000",3.0,2.0,Nairobi,Koma Rock
193,"KSh 40,000",2.0,2.0,Nairobi,Ruaka
194,"KSh 40,000",3.0,2.0,Nairobi, Syokimau
195,"KSh 42,000",3.0,2.0,Nairobi,Ruaka
196,"KSh 42,500",2.0,1.0,Nairobi, Dagoretti Corner
197,"KSh 43,000",2.0,2.0,Nairobi, Garden Estate
198,"KSh 43,000",2.0,3.0,Nairobi, Thika Road
199,"KSh 43,000",2.0,2.0,Nairobi, Ruaka
200,"KSh 43,500",2.0,2.0,Nairobi,Naivasha Road
201,"KSh 44,000",2.0,1.0,Nairobi, Ngara
202,"KSh 44,000",2.0,4.0,Nairobi,Mombasa Road
203,"KSh 45,000",1.0,1.0,Nairobi, Ngong Road
204,"KSh 45,000",2.0,2.0,Nairobi, Ruaka
205,"KSh 45,000",3.0,2.0,Nairobi,Naivasha Road
206,"KSh 45,000",2.0,2.0,Nairobi, Kahawa West
207,"KSh 45,000",2.0,2.0,Nairobi, Karen
208,"KSh 45,000",2.0,2.0,Nairobi,Kileleshwa
209,"KSh 45,000",3.0,,Nairobi,Ruaka
210,"KSh 45,000",2.0,,Nairobi,Ruaka
211,"KSh 45,000",3.0,2.0,Nairobi, Kitisuru
212,"KSh 45,000",2.0,,Nairobi,Nairobi West
213,"KSh 45,000",3.0,,Nairobi,Kasarani Area
214,"KSh 45,000",3.0,,Nairobi,Syokimau
215,"KSh 45,000",3.0,,Nairobi,Syokimau
216,"KSh 45,000",3.0,,Nairobi, Ngara
217,"KSh 45,000",2.0,2.0,Nairobi,Thindigua
218,"KSh 45,000",2.0,2.0,Nairobi,Ruaka
219,"KSh 45,000",3.0,2.0,Nairobi, Ziwa La Ngombe
220,"KSh 45,000",2.0,2.0,Nairobi,Langata Area
221,"KSh 45,000",2.0,2.0,Nairobi,Langata Area
222,"KSh 45,000",1.0,1.0,Nairobi, Lavington
223,"KSh 45,000",3.0,,Nairobi,Imara Daima
224,"KSh 45,000",3.0,4.0,Nairobi,Syokimau
225,"KSh 45,000",2.0,2.0,Nairobi,Kiambu Road
226,"KSh 45,000",4.0,4.0,Nairobi, Juja
227,"KSh 45,000",3.0,2.0,Nairobi, Ruaka
228,"KSh 45,000",2.0,2.0,Nairobi, Ruaka
229,"KSh 45,000",3.0,3.0,Nairobi, Nyali Area
230,"KSh 45,000",2.0,1.0,Nairobi,Ngong Road
231,"KSh 45,000",1.0,1.0,Nairobi, Kileleshwa
232,"KSh 45,000",2.0,,Nairobi,Langata Area
233,"KSh 45,000",1.0,1.0,Nairobi, Kilimani
234,"KSh 45,000",2.0,,Nairobi,Parklands
235,"KSh 45,000",3.0,,Nairobi,Karen
236,"KSh 45,000",2.0,2.0,Nairobi,Kiambu Road
237,"KSh 45,000",2.0,,Nairobi, Parklands
238,"KSh 45,000",3.0,2.0,Nairobi, Mountain View
239,"KSh 45,000",3.0,2.0,Nairobi, Mountain View
240,"KSh 46,500",2.0,2.0,Nairobi,Kiambu Road
241,"KSh 47,000",3.0,2.0,Nairobi,Ruaka
242,"KSh 48,000",2.0,,Nairobi, Nairobi West
243,"KSh 48,000",2.0,3.0,Nairobi,Ngong Road
244,"KSh 48,000",1.0,1.0,Nairobi,Kilimani
245,"KSh 48,000",2.0,1.0,Nairobi, Madaraka
246,"KSh 48,000",2.0,2.0,Nairobi, Karen
247,"KSh 48,000",3.0,2.0,Nairobi, South B
248,"KSh 50,000",3.0,2.0,Nairobi, Ruaka
249,"KSh 50,000",3.0,3.0,Nairobi, Nyali Area
250,"KSh 50,000",2.0,2.0,Nairobi,Waiyaki Way
251,"KSh 50,000",2.0,,Nairobi,Kileleshwa
252,"KSh 50,000",3.0,2.0,Nairobi, Kitisuru
253,"KSh 50,000",3.0,3.0,Nairobi, Kiambu Road
254,"KSh 50,000",3.0,1.0,Nairobi, Nairobi West
255,"KSh 50,000",3.0,2.0,Nairobi, Kamiti
256,"KSh 50,000",1.0,,Nairobi,Westlands Area
257,"KSh 50,000",2.0,2.0,Nairobi, Karen
258,"KSh 50,000",3.0,2.0,Nairobi, Ngong Road
259,"KSh 50,000",3.0,2.0,Nairobi,Ngong Road
260,"KSh 50,000",2.0,2.0,Nairobi, Kiambu Road
261,"KSh 50,000",2.0,2.0,Nairobi, Kiambu Road
262,"KSh 50,000",1.0,1.0,Nairobi, Kiambu Road
263,"KSh 50,000",3.0,,Nairobi,Imara Daima
264,"KSh 50,000",3.0,2.0,Nairobi,Nairobi West
265,"KSh 50,000",1.0,1.0,Nairobi,Rhapta Road
266,"KSh 50,000",3.0,3.0,Nairobi, Kiambu Road
267,"KSh 50,000",3.0,,Nairobi,Thindigua
268,"KSh 50,000",2.0,,Nairobi,Upper Hill
269,"KSh 50,000",3.0,2.0,Nairobi,Imara Daima
270,"KSh 50,000",2.0,1.0,Nairobi, Parklands
271,"KSh 50,000",1.0,1.0,Nairobi,Upper Hill
272,"KSh 50,000",3.0,3.0,Nairobi, Ngong
273,"KSh 50,000",3.0,3.0,Nairobi,Kiambu Road
274,"KSh 50,000",1.0,,Nairobi,Kilimani
275,"KSh 50,000",0.0,1.0,Nairobi,Waiyaki Way
276,"KSh 51,000",3.0,3.0,Nairobi,Ruaka
277,"KSh 52,000",2.0,2.0,Nairobi, Riara Road
278,"KSh 52,000",2.0,3.0,Nairobi, Kiambu Road
279,"KSh 52,000",2.0,2.0,Nairobi,Kiambu Road
280,"KSh 52,500",2.0,1.0,Nairobi, Kilimani
281,"KSh 54,000",3.0,3.0,Nairobi, Ruaka
282,"KSh 54,000",3.0,2.0,Nairobi,Ruaka
283,"KSh 55,000",2.0,2.0,Nairobi, Uthiru/Ruthimitu
284,"KSh 55,000",2.0,2.0,Nairobi,Kilimani
285,"KSh 55,000",1.0,1.0,Nairobi, Kileleshwa
286,"KSh 55,000",3.0,1.0,Nairobi, Waiyaki Way
287,"KSh 55,000",2.0,2.0,Nairobi,Kileleshwa
288,"KSh 55,000",1.0,2.0,Nairobi,Rhapta Road
289,"KSh 55,000",3.0,2.0,Nairobi,Kiambu Road
290,"KSh 55,000",3.0,3.0,Nairobi, Thindigua
291,"KSh 55,000",2.0,2.0,Nairobi,Kahawa West
292,"KSh 55,000",3.0,2.0,Nairobi, Naivasha Road
293,"KSh 55,000",2.0,2.0,Nairobi, Nyali Area
294,"KSh 55,000",2.0,2.0,Nairobi, Kiambu Road
295,"KSh 55,000",2.0,1.0,Nairobi, Ngong Road
296,"KSh 55,000",2.0,2.0,Nairobi,Lavington
297,"KSh 55,000",1.0,1.0,Nairobi, Kilimani
298,"KSh 55,000",3.0,2.0,Nairobi, Dagoretti Corner
299,"KSh 55,000",2.0,,Nairobi, Nyali Area
300,"KSh 55,000",3.0,3.0,Nairobi, Kiambu Road
301,"KSh 55,000",2.0,2.0,Nairobi,Loresho
302,"KSh 55,000",1.0,1.0,Nairobi,Kilimani
303,"KSh 55,000",3.0,2.0,Nairobi, Ruaka
304,"KSh 55,000",2.0,3.0,Nairobi,Loresho
305,"KSh 55,000",1.0,2.0,Nairobi,Kilimani
306,"KSh 55,000",2.0,2.0,Nairobi, Kilimani
307,"KSh 55,000",3.0,2.0,Nairobi,Lavington
308,"KSh 55,000",3.0,3.0,Nairobi,Kileleshwa
309,"KSh 55,000",1.0,1.0,Nairobi, Riverside
310,"KSh 55,000",2.0,2.0,Nairobi,Loresho
311,"KSh 55,000",3.0,2.0,Nairobi,Kahawa West
312,"KSh 55,000",3.0,2.0,Nairobi,Mombasa CBD
313,"KSh 55,000",1.0,2.0,Nairobi,Nyali Area
314,"KSh 55,000",3.0,,Nairobi,Kahawa West
315,"KSh 55,000",3.0,4.0,Nairobi,Kiambu Road
316,"KSh 55,000",3.0,,Nairobi,Kiambu Road
317,"KSh 55,000",2.0,2.0,Nairobi,Mountain View
318,"KSh 55,000",2.0,2.0,Nairobi,Kitisuru
319,"KSh 55,000",3.0,4.0,Nairobi, Nyali Area
320,"KSh 55,000",2.0,2.0,Nairobi,Kilimani
321,"KSh 55,000",2.0,2.0,Nairobi, New Kitusuru
322,"KSh 55,000",2.0,2.0,Nairobi, Karen
323,"KSh 55,000",2.0,2.0,Nairobi, Loresho
324,"KSh 55,000",3.0,3.0,Nairobi,Thindigua
325,"KSh 55,000",2.0,2.0,Nairobi,Lavington
326,"KSh 55,000",2.0,2.0,Nairobi, Kiambu Road
327,"KSh 55,000",1.0,1.0,Nairobi,Kilimani
328,"KSh 55,000",3.0,4.0,Nairobi,Kileleshwa
329,"KSh 55,000",3.0,3.0,Nairobi,Kileleshwa
330,"KSh 55,000",2.0,,Nairobi, State House
331,"KSh 55,000",2.0,,Nairobi,Kileleshwa
332,"KSh 55,000",2.0,2.0,Nairobi, Mkomani
333,"KSh 55,000",2.0,1.0,Nairobi,Upper Hill
334,"KSh 55,000",3.0,3.0,Nairobi, Kinoo
335,"KSh 56,000",3.0,2.0,Nairobi, Kiambu Road
336,"KSh 56,000",3.0,4.0,Nairobi,Thindigua
337,"KSh 57,750",4.0,2.0,Nairobi, Kahawa
338,"KSh 58,000",2.0,,Nairobi, Kileleshwa
339,"KSh 58,500",3.0,2.0,Nairobi, Parklands
340,"KSh 59,000",2.0,,Nairobi, Rhapta Road
341,"KSh 60,000",3.0,3.0,Nairobi,Loresho
342,"KSh 60,000",3.0,2.0,Nairobi,Naivasha Road
343,"KSh 60,000",1.0,1.0,Nairobi,Kilimani
344,"KSh 60,000",1.0,1.0,Nairobi, Kilimani
345,"KSh 60,000",3.0,2.0,Nairobi,Jamhuri
346,"KSh 60,000",2.0,2.0,Nairobi,Lavington
347,"KSh 60,000",2.0,1.0,Nairobi, Kilimani
348,"KSh 60,000",2.0,,Nairobi,Kileleshwa
349,"KSh 60,000",2.0,2.0,Nairobi,Riara Road
350,"KSh 60,000",2.0,,Nairobi, Lavington
351,"KSh 60,000",3.0,2.0,Nairobi, Kileleshwa
352,"KSh 60,000",2.0,2.0,Nairobi, Kileleshwa
353,"KSh 60,000",2.0,2.0,Nairobi, Kilimani
354,"KSh 60,000",2.0,2.0,Nairobi, Lavington
355,"KSh 60,000",1.0,1.0,Nairobi, Kileleshwa
356,"KSh 60,000",2.0,2.0,Nairobi, Loresho
357,"KSh 60,000",2.0,,Nairobi,Kilimani
358,"KSh 60,000",2.0,,Nairobi,Kileleshwa
359,"KSh 60,000",3.0,2.0,Nairobi,Loresho
360,"KSh 60,000",2.0,2.0,Nairobi,Westlands Area
361,"KSh 60,000",2.0,1.0,Nairobi,Kileleshwa
362,"KSh 60,000",3.0,2.0,Nairobi,Thindigua
363,"KSh 60,000",3.0,3.0,Nairobi, Ruaka
364,"KSh 60,000",2.0,2.0,Nairobi, Waiyaki Way
365,"KSh 60,000",3.0,2.0,Nairobi, Parklands
366,"KSh 60,000",3.0,2.0,Nairobi, Parklands
367,"KSh 60,000",2.0,2.0,Nairobi,Kileleshwa
368,"KSh 60,000",3.0,2.0,Nairobi,Lavington
369,"KSh 60,000",3.0,,Nairobi,Kileleshwa
370,"KSh 60,000",3.0,2.0,Nairobi,Rhapta Road
371,"KSh 60,000",2.0,2.0,Nairobi,Karen
372,"KSh 60,000",3.0,3.0,Nairobi,Waiyaki Way
373,"KSh 60,000",3.0,2.0,Nairobi,Kileleshwa
374,"KSh 60,000",4.0,4.0,Nairobi,Kiambu Road
375,"KSh 60,000",2.0,1.0,Nairobi,Karen
376,"KSh 60,000",2.0,2.0,Nairobi,Westlands Area
377,"KSh 60,000",3.0,,Nairobi,Ruaka
378,"KSh 60,000",3.0,2.0,Nairobi,Ngara
379,"KSh 60,000",1.0,1.0,Nairobi,Rhapta Road
380,"KSh 60,000",2.0,2.0,Nairobi,Ngong Road
381,"KSh 60,000",3.0,2.0,Nairobi, Ziwa La Ngombe
382,"KSh 60,000",2.0,2.0,Nairobi,Loresho
383,"KSh 60,000",2.0,2.0,Nairobi,Kileleshwa
384,"KSh 60,000",2.0,,Nairobi,Kileleshwa
385,"KSh 60,000",2.0,2.0,Nairobi,Kilimani
386,"KSh 60,000",2.0,,Nairobi,Kilimani
387,"KSh 60,000",3.0,2.0,Nairobi, Kiambu Road
388,"KSh 60,000",1.0,1.0,Nairobi, Westlands Area
389,"KSh 60,500",2.0,2.0,Nairobi, Loresho
390,"KSh 62,000",3.0,2.0,Nairobi,Ngong Road
391,"KSh 62,500",2.0,2.0,Nairobi, Westlands Area
392,"KSh 65,000",1.0,1.0,Nairobi,Kilimani
393,"KSh 65,000",1.0,1.0,Nairobi,Kilimani
394,"KSh 65,000",2.0,2.0,Nairobi, Kileleshwa
395,"KSh 65,000",2.0,1.0,Nairobi, Kilimani
396,"KSh 65,000",2.0,2.0,Nairobi, Lavington
397,"KSh 65,000",3.0,2.0,Nairobi, Nyali Area
398,"KSh 65,000",2.0,2.0,Nairobi, Kilimani
399,"KSh 65,000",3.0,2.0,Nairobi, Lavington
400,"KSh 65,000",2.0,2.0,Nairobi,Waiyaki Way
401,"KSh 65,000",3.0,3.0,Nairobi,Loresho
402,"KSh 65,000",2.0,,Nairobi,Kilimani
403,"KSh 65,000",2.0,2.0,Nairobi,Kileleshwa
404,"KSh 65,000",2.0,,Nairobi,Kilimani
405,"KSh 65,000",2.0,,Nairobi, Kilimani
406,"KSh 65,000",2.0,,Nairobi,Kilimani
407,"KSh 65,000",2.0,,Nairobi, Hurlingham
408,"KSh 65,000",1.0,,Nairobi,Kileleshwa
409,"KSh 65,000",3.0,2.0,Nairobi,Rhapta Road
410,"KSh 65,000",3.0,,Nairobi,Waiyaki Way
411,"KSh 65,000",2.0,1.0,Nairobi, Westlands Area
412,"KSh 65,000",3.0,,Nairobi, Langata Area
413,"KSh 65,000",1.0,1.0,Nairobi, Lavington
414,"KSh 65,000",1.0,1.0,Nairobi, Lavington
415,"KSh 65,000",2.0,2.0,Nairobi,Upper Hill
416,"KSh 65,000",2.0,2.0,Nairobi, Parklands
417,"KSh 65,000",2.0,2.0,Nairobi,Kileleshwa
418,"KSh 65,000",1.0,1.0,Nairobi,Kilimani
419,"KSh 65,000",3.0,2.0,Nairobi,Kileleshwa
420,"KSh 65,000",3.0,2.0,Nairobi, Riverside
421,"KSh 65,000",2.0,2.0,Nairobi, Kilimani
422,"KSh 65,000",3.0,2.0,Nairobi, Kileleshwa
423,"KSh 65,000",3.0,3.0,Nairobi,Waiyaki Way
424,"KSh 65,000",1.0,,Nairobi, Mombasa Road
425,"KSh 65,000",2.0,2.0,Nairobi, Lavington
426,"KSh 65,000",2.0,2.0,Nairobi, Westlands Area
427,"KSh 65,000",2.0,,Nairobi,Lavington
428,"KSh 65,000",2.0,3.0,Nairobi, Kilimani
429,"KSh 65,000",2.0,,Nairobi, Brookside
430,"KSh 65,000",3.0,,Nairobi,Nyali Area
431,"KSh 65,000",2.0,2.0,Nairobi,Kilimani
432,"KSh 65,000",2.0,2.0,Nairobi,Kilimani
433,"KSh 65,000",2.0,,Nairobi,Valley Arcade
434,"KSh 65,000",2.0,2.0,Nairobi,Kileleshwa
435,"KSh 65,000",2.0,2.0,Nairobi, Kilimani
436,"KSh 65,000",1.0,2.0,Nairobi, Kilimani
437,"KSh 65,000",2.0,2.0,Nairobi,Kileleshwa
438,"KSh 65,000",3.0,2.0,Nairobi,Kileleshwa
439,"KSh 65,000",2.0,2.0,Nairobi,Kileleshwa
440,"KSh 65,000",3.0,3.0,Nairobi, Lavington
441,"KSh 65,000",3.0,3.0,Nairobi, Westlands Area
442,"KSh 65,000",3.0,2.0,Nairobi,Ngong Road
443,"KSh 65,000",1.0,1.0,Nairobi, Kilimani
444,"KSh 65,000",2.0,2.0,Nairobi,Kileleshwa
445,"KSh 65,000",1.0,1.0,Nairobi, Lavington
446,"KSh 65,000",2.0,2.0,Nairobi, Kilimani
447,"KSh 65,000",3.0,2.0,Nairobi, Kilimani
448,"KSh 65,000",2.0,2.0,Nairobi, Kilimani
449,"KSh 65,000",2.0,2.0,Nairobi, Kilimani
450,"KSh 65,000",3.0,2.0,Nairobi,Rhapta Road
451,"KSh 65,000",2.0,2.0,Nairobi,Kileleshwa
452,"KSh 65,000",3.0,2.0,Nairobi, Mkomani
453,"KSh 65,000",2.0,,Nairobi, Westlands Area
454,"KSh 65,000",2.0,2.0,Nairobi, Lavington
455,"KSh 65,000",2.0,2.0,Nairobi, Valley Arcade
456,"KSh 65,000",2.0,2.0,Nairobi,Kileleshwa
457,"KSh 65,000",3.0,,Nairobi, State House
458,"KSh 65,000",3.0,,Nairobi,Thindigua
459,"KSh 65,000",2.0,,Nairobi,Kileleshwa
460,"KSh 65,000",2.0,2.0,Nairobi, Loresho
461,"KSh 65,000",2.0,,Nairobi,Kileleshwa
462,"KSh 65,000",0.0,1.0,Nairobi,Nairobi West
463,"KSh 65,000",2.0,,Nairobi,Kilimani
464,"KSh 65,000",3.0,2.0,Nairobi,Kileleshwa
465,"KSh 65,000",3.0,,Nairobi, Lavington
466,"KSh 66,000",3.0,1.0,Nairobi, Kiambu Road
467,"KSh 66,000",3.0,2.0,Nairobi, Ngong Road
468,"KSh 67,000",3.0,3.0,Nairobi,Westlands Area
469,"KSh 67,000",2.0,2.0,Nairobi,Kileleshwa
470,"KSh 67,500",2.0,2.0,Nairobi, Brookside
471,"KSh 67,500",3.0,2.0,Nairobi, Lavington
472,"KSh 68,000",3.0,2.0,Nairobi,Kileleshwa
473,"KSh 68,000",2.0,2.0,Nairobi, Lavington
474,"KSh 69,997",2.0,2.0,Nairobi, Parklands
475,"KSh 70,000",2.0,2.0,Nairobi, Kileleshwa
476,"KSh 70,000",2.0,,Nairobi, Kileleshwa
477,"KSh 70,000",2.0,,Nairobi,Kilimani
478,"KSh 70,000",3.0,3.0,Nairobi,Kilimani
479,"KSh 70,000",3.0,2.0,Nairobi, Kilimani
480,"KSh 70,000",3.0,2.0,Nairobi, Kiambu Road
481,"KSh 70,000",3.0,3.0,Nairobi, Kiambu Road
482,"KSh 70,000",3.0,2.0,Nairobi, Kiambu Road
483,"KSh 70,000",3.0,2.0,Nairobi, Kiambu Road
484,"KSh 70,000",3.0,2.0,Nairobi, Kilimani
485,"KSh 70,000",3.0,2.0,Nairobi, Kilimani
486,"KSh 70,000",3.0,2.0,Nairobi, Kileleshwa
487,"KSh 70,000",3.0,2.0,Nairobi,Kilimani
488,"KSh 70,000",3.0,2.0,Nairobi, Kilimani
489,"KSh 70,000",3.0,2.0,Nairobi,Kahawa West
490,"KSh 70,000",3.0,,Nairobi,Waiyaki Way
491,"KSh 70,000",2.0,2.0,Nairobi,Lavington
492,"KSh 70,000",2.0,,Nairobi,Valley Arcade
493,"KSh 70,000",3.0,,Nairobi, Thika Road
494,"KSh 70,000",2.0,2.0,Nairobi,Kileleshwa
495,"KSh 70,000",2.0,,Nairobi,Kilimani
496,"KSh 70,000",2.0,,Nairobi,Kilimani
497,"KSh 70,000",2.0,3.0,Nairobi,Milimani
498,"KSh 70,000",3.0,2.0,Nairobi,Mountain View
499,"KSh 70,000",3.0,2.0,Nairobi,Kiambu Road
500,"KSh 70,000",2.0,2.0,Nairobi, Rhapta Road
501,"KSh 70,000",3.0,2.0,Nairobi, Kilimani
502,"KSh 70,000",4.0,3.0,Nairobi, kizingo
503,"KSh 70,000",2.0,3.0,Nairobi,Westlands Area
504,"KSh 70,000",3.0,,Nairobi, Kilimani
505,"KSh 70,000",3.0,2.0,Nairobi, Kilimani
506,"KSh 70,000",4.0,4.0,Nairobi, Zimmermann
507,"KSh 70,000",2.0,,Nairobi, Runda
508,"KSh 70,000",3.0,2.0,Nairobi,Ruaka
509,"KSh 70,000",2.0,2.0,Nairobi, Parklands
510,"KSh 70,000",2.0,,Nairobi, Runda
511,"KSh 70,000",3.0,,Nairobi,Lavington
512,"KSh 70,000",3.0,2.0,Nairobi, Lavington
513,"KSh 70,000",3.0,4.0,Nairobi, Nyali Area
514,"KSh 70,000",2.0,3.0,Nairobi,Kilimani
515,"KSh 70,000",2.0,2.0,Nairobi, Kileleshwa
516,"KSh 70,000",2.0,2.0,Nairobi,Westlands Area
517,"KSh 70,000",3.0,,Nairobi, Westlands Area
518,"KSh 70,000",2.0,,Nairobi,Kileleshwa
519,"KSh 70,000",2.0,2.0,Nairobi,Kileleshwa
520,"KSh 70,000",3.0,2.0,Nairobi,Kileleshwa
521,"KSh 70,000",3.0,3.0,Nairobi, Lavington
522,"KSh 70,000",2.0,3.0,Nairobi, Westlands Area
523,"KSh 70,000",3.0,2.0,Nairobi, Rhapta Road
524,"KSh 70,000",3.0,3.0,Nairobi, Lavington
525,"KSh 70,000",3.0,,Nairobi,Lavington
526,"KSh 70,000",2.0,,Nairobi,Kileleshwa
527,"KSh 70,000",1.0,,Nairobi,Kilimani
528,"KSh 70,000",3.0,2.0,Nairobi, Ngong Road
529,"KSh 70,000",3.0,3.0,Nairobi, Waiyaki Way
530,"KSh 70,000",2.0,2.0,Nairobi, Kilimani
531,"KSh 70,000",3.0,2.0,Nairobi, Kilimani
532,"KSh 70,000",3.0,2.0,Nairobi, Parklands
533,"KSh 70,000",2.0,1.0,Nairobi,Lavington
534,"KSh 70,000",3.0,2.0,Nairobi,Ngong Road
535,"KSh 70,000",3.0,2.0,Nairobi, Parklands
536,"KSh 70,000",2.0,2.0,Nairobi, Kileleshwa
537,"KSh 70,000",2.0,2.0,Nairobi, Kilimani
538,"KSh 70,000",1.0,1.0,Nairobi,Lavington
539,"KSh 70,000",3.0,3.0,Nairobi, Kileleshwa
540,"KSh 70,000",3.0,2.0,Nairobi, Valley Arcade
541,"KSh 70,000",4.0,5.0,Nairobi,Kiambu Road
542,"KSh 70,000",4.0,5.0,Nairobi,Kiambu Road
543,"KSh 70,000",2.0,,Nairobi,Westlands Area
544,"KSh 70,000",4.0,5.0,Nairobi,Madaraka
545,"KSh 70,000",3.0,,Nairobi,Kilimani
546,"KSh 70,000",2.0,,Nairobi,Kilimani
547,"KSh 72,000",3.0,3.0,Nairobi, Kiambu Road
548,"KSh 72,500",2.0,2.0,Nairobi,Kileleshwa
549,"KSh 73,000",3.0,4.0,Nairobi, Shanzu
550,"KSh 75,000",2.0,2.0,Nairobi, Westlands Area
551,"KSh 75,000",3.0,3.0,Nairobi,Thindigua
552,"KSh 75,000",2.0,2.0,Nairobi, Westlands Area
553,"KSh 75,000",3.0,2.0,Nairobi,Kilimani
554,"KSh 75,000",3.0,2.0,Nairobi,Dennis Pritt
555,"KSh 75,000",3.0,3.0,Nairobi,Kilimani
556,"KSh 75,000",2.0,2.0,Nairobi, Westlands Area
557,"KSh 75,000",2.0,2.0,Nairobi, Kileleshwa
558,"KSh 75,000",2.0,2.0,Nairobi, Lavington
559,"KSh 75,000",3.0,2.0,Nairobi, Kilimani
560,"KSh 75,000",2.0,2.0,Nairobi, Riverside
561,"KSh 75,000",3.0,3.0,Nairobi,Lavington
562,"KSh 75,000",3.0,5.0,Nairobi,Kilimani
563,"KSh 75,000",2.0,3.0,Nairobi,Lavington
564,"KSh 75,000",3.0,3.0,Nairobi, Westlands Area
565,"KSh 75,000",2.0,2.0,Nairobi,Kilimani
566,"KSh 75,000",3.0,3.0,Nairobi,Westlands Area
567,"KSh 75,000",2.0,2.0,Nairobi,Westlands Area
568,"KSh 75,000",1.0,1.0,Nairobi, Kilimani
569,"KSh 75,000",2.0,3.0,Nairobi,Lavington
570,"KSh 75,000",4.0,3.0,Nairobi, Lavington
571,"KSh 75,000",2.0,3.0,Nairobi, Kilimani
572,"KSh 75,000",3.0,2.0,Nairobi,Riara Road
573,"KSh 75,000",3.0,4.0,Nairobi,Riara Road
574,"KSh 75,000",3.0,,Nairobi, Lavington
575,"KSh 75,000",4.0,3.0,Nairobi, Kiambu Road
576,"KSh 75,000",2.0,3.0,Nairobi, Kilimani
577,"KSh 75,000",3.0,,Nairobi,Waiyaki Way
578,"KSh 75,000",1.0,,Nairobi, Karen
579,"KSh 75,000",3.0,3.0,Nairobi,Rhapta Road
580,"KSh 75,000",3.0,,Nairobi,Kilimani
581,"KSh 75,000",3.0,3.0,Nairobi, Kilimani
582,"KSh 75,000",3.0,2.0,Nairobi,Lavington
583,"KSh 75,000",3.0,3.0,Nairobi,Lavington
584,"KSh 75,000",3.0,3.0,Nairobi,Lavington
585,"KSh 75,000",2.0,2.0,Nairobi,Kilimani
586,"KSh 75,000",2.0,2.0,Nairobi,Westlands Area
587,"KSh 75,000",3.0,3.0,Nairobi, Waiyaki Way
588,"KSh 75,000",3.0,2.0,Nairobi, Kileleshwa
589,"KSh 75,000",3.0,2.0,Nairobi, Riverside
590,"KSh 75,000",3.0,2.0,Nairobi, Lavington
591,"KSh 75,000",2.0,2.0,Nairobi, Kilimani
592,"KSh 75,000",3.0,2.0,Nairobi, Riverside
593,"KSh 75,000",3.0,3.0,Nairobi, Lavington
594,"KSh 75,000",2.0,2.0,Nairobi, Kilimani
595,"KSh 75,000",3.0,2.0,Nairobi, Kilimani
596,"KSh 75,000",3.0,,Nairobi, Kilimani
597,"KSh 75,000",2.0,1.0,Nairobi, Parklands
598,"KSh 75,000",2.0,3.0,Nairobi, Riverside
599,"KSh 75,000",4.0,3.0,Nairobi, Riara Road
600,"KSh 75,000",3.0,,Nairobi, Kilimani
601,"KSh 75,000",3.0,,Nairobi, Kilimani
602,"KSh 75,000",3.0,2.0,Nairobi, Lavington
603,"KSh 75,000",3.0,,Nairobi,Kilimani
604,"KSh 75,000",2.0,2.0,Nairobi,Kitengela
605,"KSh 75,000",2.0,2.0,Nairobi, Kilimani
606,"KSh 75,000",2.0,3.0,Nairobi, Lavington
607,"KSh 75,000",2.0,,Nairobi, Westlands Area
608,"KSh 75,000",2.0,2.0,Nairobi, Kileleshwa
609,"KSh 75,000",2.0,2.0,Nairobi,Lavington
610,"KSh 75,000",2.0,2.0,Nairobi, Westlands Area
611,"KSh 75,000",2.0,2.0,Nairobi,Kilimani
612,"KSh 75,000",2.0,2.0,Nairobi,Kilimani
613,"KSh 75,000",3.0,3.0,Nairobi, Lavington
614,"KSh 75,000",3.0,2.0,Nairobi, Kilimani
615,"KSh 75,000",3.0,3.0,Nairobi, Lavington
616,"KSh 75,000",4.0,4.0,Nairobi, Kilimani
617,"KSh 75,000",2.0,,Nairobi,Riverside
618,"KSh 75,000",3.0,3.0,Nairobi,Kileleshwa
619,"KSh 75,000",2.0,2.0,Nairobi, Kilimani
620,"KSh 75,000",2.0,1.0,Nairobi,Kilimani
621,"KSh 75,000",3.0,3.0,Nairobi,Kilimani
622,"KSh 75,000",2.0,,Nairobi,Kilimani
623,"KSh 75,000",3.0,5.0,Nairobi, Lavington
624,"KSh 75,000",2.0,3.0,Nairobi,Kileleshwa
625,"KSh 75,000",3.0,2.0,Nairobi,Riara Road
626,"KSh 75,000",3.0,2.0,Nairobi, Lavington
627,"KSh 75,000",3.0,,Nairobi, Kilimani
628,"KSh 75,000",2.0,3.0,Nairobi,Kilimani
629,"KSh 75,000",4.0,3.0,Nairobi, Kiambu Road
630,"KSh 75,000",3.0,3.0,Nairobi, Lavington
631,"KSh 75,000",2.0,2.0,Nairobi, Kilimani
632,"KSh 75,000",3.0,2.0,Nairobi, Valley Arcade
633,"KSh 75,000",3.0,2.0,Nairobi, Naivasha Road
634,"KSh 75,000",2.0,,Nairobi,Lavington
635,"KSh 75,000",3.0,,Nairobi,Kilimani
636,"KSh 75,000",3.0,4.0,Nairobi,Westlands Area
637,"KSh 75,000",3.0,,Nairobi,Kileleshwa
638,"KSh 75,000",1.0,,Nairobi,Riverside
639,"KSh 75,000",2.0,2.0,Nairobi,Lavington
640,"KSh 75,000",4.0,,Nairobi,Rhapta Road
641,"KSh 75,000",3.0,3.0,Nairobi, Lavington
642,"KSh 75,000",3.0,2.0,Nairobi, Lavington
643,"KSh 75,000",3.0,,Nairobi,Lavington
644,"KSh 75,000",2.0,2.0,Nairobi,Parklands
645,"KSh 75,000",2.0,2.0,Nairobi, Kilimani
646,"KSh 75,000",3.0,2.0,Nairobi, Rhapta Road
647,"KSh 75,000",2.0,2.0,Nairobi,Lavington
648,"KSh 76,000",3.0,4.0,Nairobi,Lavington
649,"KSh 77,000",3.0,3.0,Nairobi, Westlands Area
650,"KSh 77,000",3.0,3.0,Nairobi, Kilimani
651,"KSh 78,000",2.0,2.0,Nairobi, Kilimani
652,"KSh 78,000",2.0,,Nairobi,Kilimani
653,"KSh 78,000",3.0,2.0,Nairobi,Kilimani
654,"KSh 79,000",3.0,2.0,Nairobi,Kileleshwa
655,"KSh 80,000",3.0,3.0,Nairobi,Riara Road
656,"KSh 80,000",2.0,2.0,Nairobi, Lavington
657,"KSh 80,000",2.0,3.0,Nairobi, Kilimani
658,"KSh 80,000",3.0,,Nairobi,Rhapta Road
659,"KSh 80,000",3.0,3.0,Nairobi,Rhapta Road
660,"KSh 80,000",3.0,4.0,Nairobi, Lavington
661,"KSh 80,000",4.0,3.0,Nairobi, Kileleshwa
662,"KSh 80,000",3.0,2.0,Nairobi,Kilimani
663,"KSh 80,000",3.0,2.0,Nairobi, Lavington
664,"KSh 80,000",3.0,3.0,Nairobi, Kilimani
665,"KSh 80,000",4.0,4.0,Nairobi, Kilimani
666,"KSh 80,000",2.0,2.0,Nairobi, Kilimani
667,"KSh 80,000",3.0,2.0,Nairobi, Lavington
668,"KSh 80,000",3.0,3.0,Nairobi,Rhapta Road
669,"KSh 80,000",3.0,3.0,Nairobi, Rhapta Road
670,"KSh 80,000",1.0,1.0,Nairobi, Kilimani
671,"KSh 80,000",1.0,,Nairobi, Kileleshwa
672,"KSh 80,000",3.0,2.0,Nairobi, Lavington
673,"KSh 80,000",3.0,3.0,Nairobi, Rhapta Road
674,"KSh 80,000",1.0,1.0,Nairobi, Kilimani
675,"KSh 80,000",1.0,,Nairobi, Kileleshwa
676,"KSh 80,000",3.0,3.0,Nairobi, Westlands Area
677,"KSh 80,000",3.0,3.0,Nairobi,Westlands Area
678,"KSh 80,000",3.0,2.0,Nairobi,Westlands Area
679,"KSh 80,000",3.0,,Nairobi, Riverside
680,"KSh 80,000",2.0,,Nairobi, Westlands Area
681,"KSh 80,000",1.0,1.0,Nairobi,Nyari
682,"KSh 80,000",2.0,2.0,Nairobi,Old Muthaiga
683,"KSh 80,000",2.0,2.0,Nairobi,Kilimani
684,"KSh 80,000",1.0,,Nairobi,Kileleshwa
685,"KSh 80,000",3.0,,Nairobi,Kilimani
686,"KSh 80,000",3.0,4.0,Nairobi, Kileleshwa
687,"KSh 80,000",3.0,4.0,Nairobi, Kileleshwa
688,"KSh 80,000",3.0,4.0,Nairobi, Mombasa CBD
689,"KSh 80,000",3.0,3.0,Nairobi,Kileleshwa
690,"KSh 80,000",3.0,4.0,Nairobi,Kileleshwa
691,"KSh 80,000",2.0,2.0,Nairobi,Rhapta Road
692,"KSh 80,000",2.0,,Nairobi,Kileleshwa
693,"KSh 80,000",2.0,2.0,Nairobi, Lavington
694,"KSh 80,000",2.0,2.0,Nairobi, Kilimani
695,"KSh 80,000",3.0,4.0,Nairobi,Upper Hill
696,"KSh 80,000",3.0,2.0,Nairobi, Karen
697,"KSh 80,000",2.0,3.0,Nairobi, Lavington
698,"KSh 80,000",3.0,3.0,Nairobi, Kilimani
699,"KSh 80,000",3.0,3.0,Nairobi, Kileleshwa
700,"KSh 80,000",2.0,3.0,Nairobi, Kileleshwa
701,"KSh 80,000",3.0,4.0,Nairobi, Lavington
702,"KSh 80,000",2.0,,Nairobi,Riverside
703,"KSh 80,000",4.0,1.0,Nairobi, Ruaraka
704,"KSh 80,000",1.0,2.0,Nairobi, Kilimani
705,"KSh 80,000",1.0,1.0,Nairobi,Kilimani
706,"KSh 80,000",2.0,2.0,Nairobi,Westlands Area
707,"KSh 80,000",3.0,3.0,Nairobi, Loresho
708,"KSh 80,000",3.0,3.0,Nairobi, Ruaka
709,"KSh 80,000",3.0,,Nairobi,Riverside
710,"KSh 80,000",2.0,,Nairobi,Kileleshwa
711,"KSh 80,000",2.0,,Nairobi,Lavington
712,"KSh 80,000",2.0,,Nairobi, Kilimani
713,"KSh 80,000",3.0,3.0,Nairobi, Lavington
714,"KSh 80,000",3.0,2.0,Nairobi,Westlands Area
715,"KSh 80,000",4.0,3.0,Nairobi,Ruaka
716,"KSh 80,000",3.0,2.0,Nairobi,Lavington
717,"KSh 80,000",3.0,2.0,Nairobi, Kilimani
718,"KSh 80,000",2.0,2.0,Nairobi, Kilimani
719,"KSh 80,000",2.0,2.0,Nairobi, Kilimani
720,"KSh 80,000",2.0,2.0,Nairobi, Kileleshwa
721,"KSh 80,000",3.0,2.0,Nairobi, Lavington
722,"KSh 80,000",3.0,2.0,Nairobi, Lavington
723,"KSh 80,000",2.0,2.0,Nairobi, Kilimani
724,"KSh 80,000",2.0,2.0,Nairobi, Kilimani
725,"KSh 80,000",2.0,2.0,Nairobi, Kilimani
726,"KSh 80,000",3.0,3.0,Nairobi, Rhapta Road
727,"KSh 80,000",2.0,2.0,Nairobi, Kilimani
728,"KSh 80,000",3.0,4.0,Nairobi,Kilimani
729,"KSh 80,000",3.0,4.0,Nairobi, Kilimani
730,"KSh 80,000",2.0,,Nairobi,Ngong Road
731,"KSh 80,000",3.0,2.0,Nairobi,Kilimani
732,"KSh 80,000",3.0,3.0,Nairobi,Lavington
733,"KSh 80,000",2.0,3.0,Nairobi, Kilimani
734,"KSh 80,000",4.0,,Nairobi,Kilimani
735,"KSh 80,000",2.0,2.0,Nairobi,Rhapta Road
736,"KSh 80,000",2.0,,Nairobi,Lavington
737,"KSh 80,000",2.0,,Nairobi,Kilimani
738,"KSh 80,000",3.0,2.0,Nairobi,Rhapta Road
739,"KSh 80,000",3.0,3.0,Nairobi,Kilimani
740,"KSh 80,000",3.0,3.0,Nairobi, Kilimani
741,"KSh 83,000",3.0,4.0,Nairobi, Kileleshwa
742,"KSh 85,000",2.0,2.0,Nairobi, Rhapta Road
743,"KSh 85,000",3.0,2.0,Nairobi,Lavington
744,"KSh 85,000",2.0,2.0,Nairobi,Kilimani
745,"KSh 85,000",1.0,1.0,Nairobi,Kileleshwa
746,"KSh 85,000",1.0,1.0,Nairobi,Kileleshwa
747,"KSh 85,000",1.0,1.0,Nairobi,Riverside
748,"KSh 85,000",3.0,3.0,Nairobi,Kilimani
749,"KSh 85,000",1.0,1.0,Nairobi,Kilimani
750,"KSh 85,000",3.0,2.0,Nairobi,Lavington
751,"KSh 85,000",2.0,2.0,Nairobi, Waiyaki Way
752,"KSh 85,000",3.0,3.0,Nairobi, Riara Road
753,"KSh 85,000",3.0,4.0,Nairobi, Kileleshwa
754,"KSh 85,000",2.0,1.0,Nairobi,Westlands Area
755,"KSh 85,000",2.0,2.0,Nairobi, Kilimani
756,"KSh 85,000",2.0,2.0,Nairobi, Lavington
757,"KSh 85,000",2.0,2.0,Nairobi, Kileleshwa
758,"KSh 85,000",3.0,2.0,Nairobi,Kilimani
759,"KSh 85,000",2.0,2.0,Nairobi, Lavington
760,"KSh 85,000",3.0,2.0,Nairobi, Lavington
761,"KSh 85,000",4.0,4.0,Nairobi,Westlands Area
762,"KSh 85,000",2.0,2.0,Nairobi, Kileleshwa
763,"KSh 85,000",3.0,3.0,Nairobi,Kilimani
764,"KSh 85,000",3.0,4.0,Nairobi, Kileleshwa
765,"KSh 85,000",2.0,2.0,Nairobi, Kilimani
766,"KSh 85,000",2.0,2.0,Nairobi, Lavington
767,"KSh 85,000",3.0,2.0,Nairobi,Kilimani
768,"KSh 85,000",4.0,,Nairobi,Thika Road
769,"KSh 85,000",3.0,3.0,Nairobi,Kilimani
770,"KSh 85,000",2.0,3.0,Nairobi, Kilimani
771,"KSh 85,000",2.0,2.0,Nairobi,Riverside
772,"KSh 85,000",2.0,3.0,Nairobi, Kilimani
773,"KSh 85,000",3.0,4.0,Nairobi,Lavington
774,"KSh 85,000",3.0,3.0,Nairobi,Kilimani
775,"KSh 85,000",3.0,,Nairobi, Parklands
776,"KSh 85,000",3.0,3.0,Nairobi, Kilimani
777,"KSh 85,000",3.0,2.0,Nairobi, Kilimani
778,"KSh 85,000",3.0,3.0,Nairobi, Kilimani
779,"KSh 85,000",2.0,2.0,Nairobi,Brookside
780,"KSh 85,000",3.0,2.0,Nairobi, Kilimani
781,"KSh 85,000",3.0,4.0,Nairobi, Brookside
782,"KSh 85,000",2.0,2.0,Nairobi, Riverside
783,"KSh 85,000",4.0,4.0,Nairobi, Riara Road
784,"KSh 85,000",3.0,3.0,Nairobi,Westlands Area
785,"KSh 85,000",3.0,2.0,Nairobi,Kilimani
786,"KSh 85,000",3.0,3.0,Nairobi, Kilimani
787,"KSh 85,000",3.0,,Nairobi, Kilimani
788,"KSh 85,000",3.0,4.0,Nairobi, Kileleshwa
789,"KSh 85,000",1.0,,Nairobi,Kileleshwa
790,"KSh 85,000",3.0,3.0,Nairobi,Brookside
791,"KSh 85,000",3.0,5.0,Nairobi, Kilimani
792,"KSh 85,000",2.0,2.0,Nairobi, Lavington
793,"KSh 85,000",3.0,3.0,Nairobi, Kileleshwa
794,"KSh 85,000",3.0,3.0,Nairobi, Rhapta Road
795,"KSh 85,000",3.0,3.0,Nairobi,Muthaiga Area
796,"KSh 85,000",3.0,3.0,Nairobi,Kilimani
797,"KSh 85,000",3.0,4.0,Nairobi, Lavington
798,"KSh 85,000",2.0,2.0,Nairobi, Kileleshwa
799,"KSh 85,000",3.0,2.0,Nairobi, Rhapta Road
800,"KSh 85,000",1.0,2.0,Nairobi, Riverside
801,"KSh 85,000",2.0,3.0,Nairobi,Kilimani
802,"KSh 85,000",2.0,2.0,Nairobi,Lavington
803,"KSh 85,000",2.0,3.0,Nairobi,Kilimani
804,"KSh 85,000",2.0,2.0,Nairobi, Kileleshwa
805,"KSh 85,000",4.0,4.0,Nairobi, Thika Road
806,"KSh 85,000",1.0,1.0,Nairobi, Westlands Area
807,"KSh 85,000",3.0,2.0,Nairobi, Kilimani
808,"KSh 85,000",3.0,2.0,Nairobi, Kilimani
809,"KSh 85,000",3.0,4.0,Nairobi, Lavington
810,"KSh 85,000",2.0,2.0,Nairobi, Kilimani
811,"KSh 85,000",2.0,3.0,Nairobi, Rhapta Road
812,"KSh 85,000",3.0,3.0,Nairobi, Kilimani
813,"KSh 85,000",3.0,,Nairobi,Kilimani
814,"KSh 85,000",2.0,2.0,Nairobi, Kiambu Road
815,"KSh 85,000",2.0,2.0,Nairobi, Kilimani
816,"KSh 85,000",3.0,3.0,Nairobi, Kileleshwa
817,"KSh 85,000",3.0,3.0,Nairobi,Rhapta Road
818,"KSh 86,000",3.0,2.0,Nairobi,Kileleshwa
819,"KSh 86,000",3.0,3.0,Nairobi,Kileleshwa
820,"KSh 87,000",3.0,,Nairobi,Parklands
821,"KSh 87,000",2.0,2.0,Nairobi,Westlands Area
822,"KSh 88,000",3.0,4.0,Nairobi, Nyali Area
823,"KSh 88,000",3.0,4.0,Nairobi, Nyali Area
824,"KSh 88,000",3.0,3.0,Nairobi, Valley Arcade
825,"KSh 88,000",3.0,4.0,Nairobi, Nyali Area
826,"KSh 89,000",3.0,1.0,Nairobi,Westlands Area
827,"KSh 89,996",2.0,1.0,Nairobi, Westlands Area
828,"KSh 90,000",1.0,1.0,Nairobi, Kilimani
829,"KSh 90,000",1.0,,Nairobi, Kileleshwa
830,"KSh 90,000",1.0,1.0,Nairobi, Kilimani
831,"KSh 90,000",3.0,3.0,Nairobi, Westlands Area
832,"KSh 90,000",3.0,3.0,Nairobi, Brookside
833,"KSh 90,000",3.0,4.0,Nairobi,Kilimani
834,"KSh 90,000",3.0,4.0,Nairobi,Kilimani
835,"KSh 90,000",3.0,4.0,Nairobi,Kilimani
836,"KSh 90,000",2.0,2.0,Nairobi, Westlands Area
837,"KSh 90,000",3.0,3.0,Nairobi, Rhapta Road
838,"KSh 90,000",2.0,3.0,Nairobi,Kilimani
839,"KSh 90,000",3.0,2.0,Nairobi,Lavington
840,"KSh 90,000",2.0,,Nairobi,Kyuna
841,"KSh 90,000",3.0,,Nairobi,Lavington
842,"KSh 90,000",3.0,,Nairobi,Kilimani
843,"KSh 90,000",2.0,2.0,Nairobi,Brookside
844,"KSh 90,000",3.0,3.0,Nairobi, Kilimani
845,"KSh 90,000",2.0,2.0,Nairobi, Kilimani
846,"KSh 90,000",2.0,2.0,Nairobi, Kilimani
847,"KSh 90,000",3.0,3.0,Nairobi, Rhapta Road
848,"KSh 90,000",2.0,2.0,Nairobi, Brookside
849,"KSh 90,000",2.0,3.0,Nairobi, Kileleshwa
850,"KSh 90,000",2.0,2.0,Nairobi, Nyali Area
851,"KSh 90,000",3.0,,Nairobi,Kileleshwa
852,"KSh 90,000",3.0,,Nairobi,Lavington
853,"KSh 90,000",3.0,3.0,Nairobi,Parklands
854,"KSh 90,000",3.0,,Nairobi,Kilimani
855,"KSh 90,000",2.0,2.0,Nairobi,Waiyaki Way
856,"KSh 90,000",2.0,,Nairobi,Kiambu Road
857,"KSh 90,000",4.0,4.0,Nairobi, Westlands Area
858,"KSh 90,000",1.0,,Nairobi,Thigiri
859,"KSh 90,000",2.0,2.0,Nairobi,Waiyaki Way
860,"KSh 90,000",3.0,,Nairobi,Westlands Area
861,"KSh 90,000",3.0,4.0,Nairobi, Kilimani
862,"KSh 90,000",3.0,4.0,Nairobi, Lavington
863,"KSh 90,000",2.0,2.0,Nairobi,Kilimani
864,"KSh 90,000",3.0,2.0,Nairobi, Lavington
865,"KSh 90,000",3.0,2.0,Nairobi,Riverside
866,"KSh 90,000",1.0,,Nairobi,Thigiri
867,"KSh 90,000",3.0,3.0,Nairobi,Kilimani
868,"KSh 90,000",3.0,2.0,Nairobi,Ruaka
869,"KSh 90,000",3.0,3.0,Nairobi,Riverside
870,"KSh 90,000",3.0,3.0,Nairobi,Riverside
871,"KSh 90,000",3.0,,Nairobi,Lavington
872,"KSh 90,000",3.0,2.0,Nairobi,Riverside
873,"KSh 90,000",3.0,2.0,Nairobi, Waiyaki Way
874,"KSh 90,000",2.0,2.0,Nairobi, Kilimani
875,"KSh 90,000",3.0,3.0,Nairobi, Rhapta Road
876,"KSh 90,000",1.0,1.0,Nairobi,Kileleshwa
877,"KSh 90,000",2.0,3.0,Nairobi,Lavington
878,"KSh 90,000",3.0,3.0,Nairobi,Milimani
879,"KSh 90,000",3.0,2.0,Nairobi, Kilimani
880,"KSh 90,000",3.0,2.0,Nairobi, Lavington
881,"KSh 90,000",2.0,3.0,Nairobi, Riverside
882,"KSh 90,000",1.0,,Nairobi, Runda
883,"KSh 90,000",3.0,4.0,Nairobi, Kilimani
884,"KSh 90,000",3.0,3.0,Nairobi,Kilimani
885,"KSh 90,000",3.0,2.0,Nairobi,Lavington
886,"KSh 90,000",2.0,2.0,Nairobi, Lavington
887,"KSh 90,000",3.0,3.0,Nairobi, Kilimani
888,"KSh 90,000",3.0,3.0,Nairobi, Westlands Area
889,"KSh 90,000",3.0,2.0,Nairobi,Kilimani
890,"KSh 90,000",3.0,3.0,Nairobi,Upper Hill
891,"KSh 90,000",3.0,,Nairobi,Kileleshwa
892,"KSh 90,000",3.0,3.0,Nairobi, Lavington
893,"KSh 90,000",3.0,3.0,Nairobi,Kilimani
894,"KSh 90,000",3.0,4.0,Nairobi,Ngong Road
895,"KSh 90,000",3.0,2.0,Nairobi,Kilimani
896,"KSh 90,000",3.0,2.0,Nairobi, Kilimani
897,"KSh 90,000",3.0,2.0,Nairobi, Kilimani
898,"KSh 90,000",2.0,2.0,Nairobi,Rhapta Road
899,"KSh 90,000",3.0,3.0,Nairobi,Ngong Road
900,"KSh 90,000",1.0,,Nairobi, Riverside
901,"KSh 90,000",1.0,2.0,Nairobi, Riverside
902,"KSh 90,000",1.0,2.0,Nairobi,Riverside
903,"KSh 90,000",2.0,3.0,Nairobi, Nyali Area
904,"KSh 90,000",3.0,2.0,Nairobi,Westlands Area
905,"KSh 90,000",2.0,3.0,Nairobi,Kilimani
906,"KSh 90,000",3.0,3.0,Nairobi,Westlands Area
907,"KSh 90,000",3.0,3.0,Nairobi,Lavington
908,"KSh 90,000",3.0,,Nairobi, Lavington
909,"KSh 90,000",3.0,5.0,Nairobi, Kilimani
910,"KSh 90,000",3.0,3.0,Nairobi, Kileleshwa
911,"KSh 90,000",3.0,3.0,Nairobi,Kileleshwa
912,"KSh 90,000",2.0,2.0,Nairobi, Kilimani
913,"KSh 90,000",2.0,3.0,Nairobi, Kileleshwa
914,"KSh 90,000",2.0,2.0,Nairobi, Kilimani
915,"KSh 90,000",3.0,,Nairobi,Kilimani
916,"KSh 90,000",2.0,,Nairobi,Kileleshwa
917,"KSh 90,000",3.0,3.0,Nairobi, Kilimani
918,"KSh 90,000",3.0,3.0,Nairobi, State House
919,"KSh 90,000",3.0,3.0,Nairobi, Hurlingham
920,"KSh 90,000",3.0,3.0,Nairobi, Kilimani
921,"KSh 90,000",3.0,2.0,Nairobi, Parklands
922,"KSh 90,000",1.0,1.0,Nairobi,Westlands Area
923,"KSh 90,000",4.0,5.0,Nairobi,Lavington
924,"KSh 90,000",2.0,2.0,Nairobi,Kilimani
925,"KSh 90,000",1.0,,Nairobi,Lavington
926,"KSh 90,000",1.0,1.0,Nairobi, Riverside
927,"KSh 90,000",2.0,2.0,Nairobi,State House
928,"KSh 90,000",3.0,,Nairobi, Brookside
929,"KSh 90,000",3.0,3.0,Nairobi,Riara Road
930,"KSh 90,000",3.0,3.0,Nairobi,Rhapta Road
931,"KSh 90,000",3.0,4.0,Nairobi, Lavington
932,"KSh 90,000",4.0,5.0,Nairobi, Lavington
933,"KSh 90,000",3.0,3.0,Nairobi,Kileleshwa
934,"KSh 90,000",4.0,4.0,Nairobi, Riara Road
935,"KSh 90,000",2.0,2.0,Nairobi,Kileleshwa
936,"KSh 95,000",3.0,3.0,Nairobi, Westlands Area
937,"KSh 95,000",2.0,2.0,Nairobi,Westlands Area
938,"KSh 95,000",3.0,3.0,Nairobi,Kilimani
939,"KSh 95,000",1.0,1.0,Nairobi, Riverside
940,"KSh 95,000",2.0,2.0,Nairobi, Kilimani
941,"KSh 95,000",4.0,4.0,Nairobi,Kilimani
942,"KSh 95,000",2.0,,Nairobi,Rhapta Road
943,"KSh 95,000",2.0,,Nairobi,Kilimani
944,"KSh 95,000",3.0,,Nairobi,Lavington
945,"KSh 95,000",3.0,,Nairobi,Valley Arcade
946,"KSh 95,000",3.0,2.0,Nairobi, Kilimani
947,"KSh 95,000",3.0,3.0,Nairobi, Kilimani
948,"KSh 95,000",3.0,3.0,Nairobi, Kilimani
949,"KSh 95,000",2.0,2.0,Nairobi, Rhapta Road
950,"KSh 95,000",2.0,2.0,Nairobi, Rhapta Road
951,"KSh 95,000",2.0,2.0,Nairobi,Kileleshwa
952,"KSh 95,000",2.0,2.0,Nairobi,Westlands Area
953,"KSh 95,000",3.0,2.0,Nairobi, Lavington
954,"KSh 95,000",2.0,2.0,Nairobi, Kileleshwa
955,"KSh 95,000",2.0,,Nairobi, Westlands Area
956,"KSh 95,000",2.0,2.0,Nairobi,Riara Road
957,"KSh 95,000",1.0,1.0,Nairobi, Rhapta Road
958,"KSh 95,000",1.0,1.0,Nairobi, Riverside
959,"KSh 95,000",3.0,4.0,Nairobi, Kileleshwa
960,"KSh 95,000",3.0,2.0,Nairobi,Kilimani
961,"KSh 95,000",3.0,2.0,Nairobi, Kilimani
962,"KSh 95,000",3.0,2.0,Nairobi, Kilimani
963,"KSh 95,000",1.0,1.0,Nairobi, Kiambu Road
964,"KSh 95,000",3.0,3.0,Nairobi, Kileleshwa
965,"KSh 95,000",1.0,1.0,Nairobi,Westlands Area
966,"KSh 95,000",3.0,,Nairobi,Kileleshwa
967,"KSh 95,000",3.0,2.0,Nairobi, Westlands Area
968,"KSh 95,000",2.0,2.0,Nairobi, Lavington
969,"KSh 95,000",2.0,2.0,Nairobi,Riara Road
970,"KSh 95,000",3.0,2.0,Nairobi,Waiyaki Way
971,"KSh 95,000",3.0,3.0,Nairobi,Lavington
972,"KSh 95,000",3.0,4.0,Nairobi, Kileleshwa
973,"KSh 95,000",3.0,,Nairobi,Kileleshwa
974,"KSh 95,000",1.0,1.0,Nairobi, Rhapta Road
975,"KSh 95,000",2.0,2.0,Nairobi, Westlands Area
976,"KSh 95,000",4.0,,Nairobi,Waiyaki Way
977,"KSh 95,000",3.0,3.0,Nairobi,Kilimani
978,"KSh 95,000",3.0,3.0,Nairobi, Kilimani
979,"KSh 95,000",3.0,3.0,Nairobi, Kilimani
980,"KSh 95,000",4.0,5.0,Nairobi,Kilimani
981,"KSh 95,000",3.0,3.0,Nairobi, Lavington
982,"KSh 95,000",3.0,4.0,Nairobi,Valley Arcade
983,"KSh 95,000",3.0,,Nairobi,Kileleshwa
984,"KSh 95,000",3.0,,Nairobi,Kileleshwa
985,"KSh 95,000",2.0,2.0,Nairobi, Mombasa Road
986,"KSh 95,000",3.0,3.0,Nairobi,Lavington
987,"KSh 96,000",4.0,2.0,Nairobi, Lavington
988,"KSh 98,000",3.0,3.0,Nairobi, Kilimani
989,"KSh 98,000",3.0,3.0,Nairobi, Kilimani
990,"KSh 98,000",4.0,4.0,Nairobi, Rhapta Road
991,"KSh 98,000",3.0,4.0,Nairobi,Kilimani
992,"KSh 98,000",3.0,3.0,Nairobi, Kilimani
993,"KSh 98,000",3.0,3.0,Nairobi, Kilimani
994,"KSh 100,000",3.0,2.0,Nairobi, Lavington
995,"KSh 100,000",3.0,4.0,Nairobi,Kilimani
996,"KSh 100,000",2.0,2.0,Nairobi,Kilimani
997,"KSh 100,000",3.0,,Nairobi,Lavington
998,"KSh 100,000",3.0,4.0,Nairobi,Kileleshwa
999,"KSh 100,000",3.0,4.0,Nairobi,Kileleshwa
1000,"KSh 100,000",3.0,3.0,Nairobi,Riverside
1001,"KSh 100,000",3.0,3.0,Nairobi, Kilimani
1002,"KSh 100,000",1.0,1.0,Nairobi, Kilimani
1003,"KSh 100,000",1.0,1.0,Nairobi, Kilimani
1004,"KSh 100,000",5.0,6.0,Nairobi, Lavington
1005,"KSh 100,000",2.0,2.0,Nairobi,Kilimani
1006,"KSh 100,000",3.0,4.0,Nairobi, Dennis Pritt
1007,"KSh 100,000",3.0,4.0,Nairobi,Valley Arcade
1008,"KSh 100,000",3.0,4.0,Nairobi, Lavington
1009,"KSh 100,000",1.0,1.0,Nairobi, Westlands Area
1010,"KSh 100,000",3.0,4.0,Nairobi, Nyali Area
1011,"KSh 100,000",4.0,,Nairobi, Rhapta Road
1012,"KSh 100,000",3.0,2.0,Nairobi, Kilimani
1013,"KSh 100,000",3.0,3.0,Nairobi, Kilimani
1014,"KSh 100,000",3.0,3.0,Nairobi,Rhapta Road
1015,"KSh 100,000",4.0,3.0,Nairobi,Parklands
1016,"KSh 100,000",3.0,2.0,Nairobi,Waiyaki Way
1017,"KSh 100,000",3.0,4.0,Nairobi, Lavington
1018,"KSh 100,000",3.0,5.0,Nairobi,Lavington
1019,"KSh 100,000",3.0,4.0,Nairobi,Valley Arcade
1020,"KSh 100,000",3.0,4.0,Nairobi, Lavington
1021,"KSh 100,000",1.0,1.0,Nairobi, Westlands Area
1022,"KSh 100,000",4.0,,Nairobi, Rhapta Road
1023,"KSh 100,000",3.0,3.0,Nairobi,Waiyaki Way
1024,"KSh 100,000",2.0,2.0,Nairobi,Rhapta Road
1025,"KSh 100,000",3.0,,Nairobi,Westlands Area
1026,"KSh 100,000",3.0,,Nairobi,Parklands
1027,"KSh 100,000",3.0,4.0,Nairobi,Rhapta Road
1028,"KSh 100,000",3.0,3.0,Nairobi, Lavington
1029,"KSh 100,000",2.0,2.0,Nairobi,Karen
1030,"KSh 100,000",3.0,2.0,Nairobi, Lavington
1031,"KSh 100,000",3.0,3.0,Nairobi, Kileleshwa
1032,"KSh 100,000",3.0,3.0,Nairobi, Kilimani
1033,"KSh 100,000",2.0,3.0,Nairobi,Milimani
1034,"KSh 100,000",3.0,,Nairobi,Parklands
1035,"KSh 100,000",3.0,3.0,Nairobi,Lavington
1036,"KSh 100,000",3.0,3.0,Nairobi, Parklands
1037,"KSh 100,000",3.0,2.0,Nairobi,Parklands
1038,"KSh 100,000",4.0,3.0,Nairobi,Riara Road
1039,"KSh 100,000",4.0,,Nairobi,Kilimani
1040,"KSh 100,000",3.0,2.0,Nairobi, Milimani
1041,"KSh 100,000",2.0,3.0,Nairobi, Kilimani
1042,"KSh 100,000",1.0,1.0,Nairobi, Kilimani
1043,"KSh 100,000",3.0,4.0,Nairobi,Lavington
1044,"KSh 100,000",4.0,3.0,Nairobi,Westlands Area
1045,"KSh 100,000",3.0,2.0,Nairobi,Westlands Area
1046,"KSh 100,000",2.0,,Nairobi,Kileleshwa
1047,"KSh 100,000",2.0,1.0,Nairobi,Westlands Area
1048,"KSh 100,000",4.0,4.0,Nairobi,Lavington
1049,"KSh 100,000",3.0,3.0,Nairobi, Kilimani
1050,"KSh 100,000",3.0,2.0,Nairobi, Riverside
1051,"KSh 100,000",3.0,2.0,Nairobi, Kilimani
1052,"KSh 100,000",4.0,4.0,Nairobi, Kilimani
1053,"KSh 100,000",3.0,3.0,Nairobi, Lavington
1054,"KSh 100,000",3.0,3.0,Nairobi, Kilimani
1055,"KSh 100,000",3.0,3.0,Nairobi, Kilimani
1056,"KSh 100,000",3.0,,Nairobi,Westlands Area
1057,"KSh 100,000",2.0,2.0,Nairobi,Runda
1058,"KSh 100,000",3.0,,Nairobi, Lavington
1059,"KSh 100,000",2.0,2.0,Nairobi, Nyali Area
1060,"KSh 100,000",2.0,3.0,Nairobi, Kileleshwa
1061,"KSh 100,000",3.0,2.0,Nairobi, Parklands
1062,"KSh 100,000",2.0,3.0,Nairobi, Kileleshwa
1063,"KSh 100,000",3.0,3.0,Nairobi,Westlands Area
1064,"KSh 100,000",2.0,,Nairobi,Westlands Area
1065,"KSh 100,000",2.0,2.0,Nairobi,Waiyaki Way
1066,"KSh 100,000",2.0,2.0,Nairobi,Runda
1067,"KSh 100,000",1.0,1.0,Nairobi, Kilimani
1068,"KSh 100,000",3.0,3.0,Nairobi,Westlands Area
1069,"KSh 100,000",2.0,2.0,Nairobi, Westlands Area
1070,"KSh 100,000",3.0,2.0,Nairobi,Kilimani
1071,"KSh 100,000",3.0,4.0,Nairobi,Kilimani
1072,"KSh 100,000",3.0,3.0,Nairobi, Rhapta Road
1073,"KSh 100,000",3.0,,Nairobi,Riverside
1074,"KSh 100,000",2.0,3.0,Nairobi, Kileleshwa
1075,"KSh 100,000",3.0,2.0,Nairobi, Parklands
1076,"KSh 100,000",1.0,2.0,Nairobi, Westlands Area
1077,"KSh 100,000",2.0,1.0,Nairobi, General Mathenge
1078,"KSh 100,000",4.0,4.0,Nairobi,Riverside
1079,"KSh 100,000",3.0,,Nairobi,Brookside
1080,"KSh 100,000",2.0,,Nairobi,Westlands Area
1081,"KSh 100,000",2.0,,Nairobi,Kileleshwa
1082,"KSh 100,000",3.0,3.0,Nairobi,Brookside
1083,"KSh 100,000",3.0,3.0,Nairobi,Kileleshwa
1084,"KSh 100,000",3.0,3.0,Nairobi,Brookside
1085,"KSh 100,000",3.0,3.0,Nairobi,Shanzu
1086,"KSh 100,000",4.0,4.0,Nairobi,Parklands
1087,"KSh 100,000",2.0,,Nairobi,Westlands Area
1088,"KSh 100,000",2.0,,Nairobi,Thika Road
1089,"KSh 100,000",3.0,2.0,Nairobi, Kilimani
1090,"KSh 100,000",3.0,3.0,Nairobi,Kilimani
1091,"KSh 100,000",1.0,1.0,Nairobi, Lavington
1092,"KSh 100,000",2.0,2.0,Nairobi, Kilimani
1093,"KSh 100,000",1.0,1.0,Nairobi, Lavington
1094,"KSh 100,000",3.0,3.0,Nairobi, Kilimani
1095,"KSh 100,000",2.0,2.0,Nairobi, Kileleshwa
1096,"KSh 100,000",3.0,3.0,Nairobi, General Mathenge
1097,"KSh 100,000",3.0,3.0,Nairobi, Kilimani
1098,"KSh 100,000",3.0,3.0,Nairobi, Rhapta Road
1099,"KSh 100,000",2.0,2.0,Nairobi, Brookside
1100,"KSh 100,000",3.0,2.0,Nairobi,Kilimani
1101,"KSh 100,000",3.0,,Nairobi,Parklands
1102,"KSh 100,000",3.0,4.0,Nairobi, Nyali Area
1103,"KSh 100,000",1.0,2.0,Nairobi,Thigiri
1104,"KSh 100,000",1.0,1.0,Nairobi,Kilimani
1105,"KSh 100,000",3.0,4.0,Nairobi, Lavington
1106,"KSh 100,000",4.0,4.0,Nairobi, Nyali Area
1107,"KSh 100,000",3.0,3.0,Nairobi, General Mathenge
1108,"KSh 100,000",3.0,3.0,Nairobi, Kileleshwa
1109,"KSh 100,000",3.0,2.0,Nairobi,General Mathenge
1110,"KSh 100,000",3.0,4.0,Nairobi, Kileleshwa
1111,"KSh 100,000",2.0,,Nairobi,Westlands Area
1112,"KSh 100,000",1.0,,Nairobi,Nyari
1113,"KSh 100,000",1.0,1.0,Nairobi,Kileleshwa
1114,"KSh 100,000",2.0,,Nairobi,Kileleshwa
1115,"KSh 100,000",2.0,,Nairobi,Kileleshwa
1116,"KSh 100,000",3.0,,Nairobi,Kilimani
1117,"KSh 100,000",1.0,1.0,Nairobi,Nyari
1118,"KSh 100,000",2.0,2.0,Nairobi, Kileleshwa
1119,"KSh 100,000",3.0,3.0,Nairobi,Kileleshwa
1120,"KSh 100,000",4.0,4.0,Nairobi, Riara Road
1121,"KSh 100,000",3.0,2.0,Nairobi,Lavington
1122,"KSh 100,000",4.0,4.0,Nairobi, Lavington
1123,"KSh 100,000",3.0,3.0,Nairobi,Parklands
1124,"KSh 100,000",1.0,,Nairobi,Nyari
1125,"KSh 100,000",3.0,4.0,Nairobi, Kilimani
1126,"KSh 102,000",3.0,2.0,Nairobi, Kilimani
1127,"KSh 105,000",1.0,2.0,Nairobi, Kilimani
1128,"KSh 105,000",2.0,2.0,Nairobi,Kileleshwa
1129,"KSh 105,000",1.0,1.0,Nairobi, Rhapta Road
1130,"KSh 110,000",2.0,2.0,Nairobi,Brookside
1131,"KSh 110,000",3.0,,Nairobi,Kilimani
1132,"KSh 110,000",3.0,4.0,Nairobi,Rhapta Road
1133,"KSh 110,000",3.0,3.0,Nairobi,Kilimani
1134,"KSh 110,000",1.0,2.0,Nairobi, Riverside
1135,"KSh 110,000",3.0,2.0,Nairobi,Kilimani
1136,"KSh 110,000",1.0,1.0,Nairobi, Kilimani
1137,"KSh 110,000",3.0,3.0,Nairobi, Kilimani
1138,"KSh 110,000",3.0,3.0,Nairobi, Kileleshwa
1139,"KSh 110,000",3.0,4.0,Nairobi, Rhapta Road
1140,"KSh 110,000",3.0,2.0,Nairobi, Lavington
1141,"KSh 110,000",3.0,3.0,Nairobi, Kilimani
1142,"KSh 110,000",3.0,3.0,Nairobi, Kileleshwa
1143,"KSh 110,000",3.0,4.0,Nairobi, Kilimani
1144,"KSh 110,000",3.0,,Nairobi,Muthaiga Area
1145,"KSh 110,000",4.0,3.0,Nairobi,Kahawa West
1146,"KSh 110,000",2.0,2.0,Nairobi,General Mathenge
1147,"KSh 110,000",3.0,3.0,Nairobi,Parklands
1148,"KSh 110,000",3.0,3.0,Nairobi, Riverside
1149,"KSh 110,000",3.0,4.0,Nairobi,Lavington
1150,"KSh 110,000",3.0,3.0,Nairobi, Riverside
1151,"KSh 110,000",3.0,4.0,Nairobi,Kilimani
1152,"KSh 110,000",4.0,,Nairobi,Westlands Area
1153,"KSh 110,000",1.0,1.0,Nairobi, Kilimani
1154,"KSh 110,000",3.0,3.0,Nairobi, Westlands Area
1155,"KSh 110,000",2.0,2.0,Nairobi, Lavington
1156,"KSh 110,000",1.0,1.0,Nairobi, Westlands Area
1157,"KSh 110,000",3.0,3.0,Nairobi, Riara Road
1158,"KSh 110,000",2.0,2.0,Nairobi, Kileleshwa
1159,"KSh 110,000",3.0,3.0,Nairobi, Kilimani
1160,"KSh 110,000",4.0,3.0,Nairobi, Riverside
1161,"KSh 110,000",3.0,3.0,Nairobi, Riverside
1162,"KSh 110,000",1.0,1.0,Nairobi,Lavington
1163,"KSh 110,000",1.0,2.0,Nairobi,Westlands Area
1164,"KSh 110,000",6.0,6.0,Nairobi,Ngong Road
1165,"KSh 110,000",3.0,,Nairobi, Runda
1166,"KSh 110,000",3.0,3.0,Nairobi, Karen
1167,"KSh 110,000",3.0,4.0,Nairobi, Kilimani
1168,"KSh 110,000",4.0,3.0,Nairobi, Kilimani
1169,"KSh 110,000",3.0,4.0,Nairobi, Kilimani
1170,"KSh 110,000",2.0,2.0,Nairobi, Waiyaki Way
1171,"KSh 110,000",1.0,1.0,Nairobi,Rhapta Road
1172,"KSh 110,000",3.0,4.0,Nairobi, Riverside
1173,"KSh 110,000",3.0,3.0,Nairobi, Kileleshwa
1174,"KSh 110,000",3.0,3.0,Nairobi,Riverside
1175,"KSh 110,000",2.0,2.0,Nairobi, General Mathenge
1176,"KSh 110,000",3.0,4.0,Nairobi,Lavington
1177,"KSh 110,000",3.0,4.0,Nairobi,Riverside
1178,"KSh 110,000",3.0,4.0,Nairobi,Westlands Area
1179,"KSh 110,000",3.0,,Nairobi,Parklands
1180,"KSh 110,000",3.0,3.0,Nairobi, Westlands Area
1181,"KSh 110,000",3.0,,Nairobi,Kilimani
1182,"KSh 110,000",4.0,,Nairobi,Lavington
1183,"KSh 110,000",3.0,3.0,Nairobi, Kilimani
1184,"KSh 110,000",2.0,2.0,Nairobi,Kilimani
1185,"KSh 110,000",4.0,3.0,Nairobi, Kileleshwa
1186,"KSh 110,000",3.0,3.0,Nairobi, Kilimani
1187,"KSh 110,000",3.0,4.0,Nairobi, Kilimani
1188,"KSh 110,000",4.0,3.0,Nairobi,Brookside
1189,"KSh 110,000",3.0,2.0,Nairobi,Kilimani
1190,"KSh 110,000",1.0,,Nairobi,Westlands Area
1191,"KSh 110,000",3.0,2.0,Nairobi,Riverside
1192,"KSh 110,000",3.0,2.0,Nairobi,Lavington
1193,"KSh 110,000",1.0,2.0,Nairobi,Westlands Area
1194,"KSh 110,000",3.0,2.0,Nairobi, Nyali Area
1195,"KSh 110,000",3.0,3.0,Nairobi,Kileleshwa
1196,"KSh 110,000",2.0,2.0,Nairobi,Kilimani
1197,"KSh 110,000",3.0,5.0,Nairobi, Kilimani
1198,"KSh 110,000",4.0,4.0,Nairobi, Parklands
1199,"KSh 110,000",3.0,2.0,Nairobi, Brookside
1200,"KSh 110,000",1.0,1.0,Nairobi, Kilimani
1201,"KSh 110,000",1.0,1.0,Nairobi,Westlands Area
1202,"KSh 110,000",2.0,3.0,Nairobi, Westlands Area
1203,"KSh 110,000",2.0,3.0,Nairobi, Westlands Area
1204,"KSh 110,000",1.0,1.0,Nairobi, Westlands Area
1205,"KSh 110,000",3.0,4.0,Nairobi,Rhapta Road
1206,"KSh 110,000",3.0,2.0,Nairobi,Lavington
1207,"KSh 110,000",2.0,2.0,Nairobi,Kilimani
1208,"KSh 110,000",3.0,4.0,Nairobi,Rhapta Road
1209,"KSh 110,000",3.0,2.0,Nairobi,Lavington
1210,"KSh 112,000",3.0,3.0,Nairobi,Kileleshwa
1211,"KSh 112,500",3.0,3.0,Nairobi, Parklands
1212,"KSh 115,000",3.0,3.0,Nairobi, Westlands Area
1213,"KSh 115,000",3.0,3.0,Nairobi, Riara Road
1214,"KSh 115,000",3.0,2.0,Nairobi,Parklands
1215,"KSh 115,000",3.0,3.0,Nairobi, Rhapta Road
1216,"KSh 115,000",3.0,2.0,Nairobi,Westlands Area
1217,"KSh 115,000",2.0,,Nairobi,Waiyaki Way
1218,"KSh 115,000",4.0,,Nairobi,Parklands
1219,"KSh 115,000",3.0,4.0,Nairobi,Kilimani
1220,"KSh 115,000",3.0,,Nairobi,Riverside
1221,"KSh 115,000",1.0,,Nairobi, Kilimani
1222,"KSh 115,000",3.0,3.0,Nairobi,Westlands Area
1223,"KSh 115,000",3.0,4.0,Nairobi,Kilimani
1224,"KSh 115,000",3.0,2.0,Nairobi, Kilimani
1225,"KSh 115,000",2.0,2.0,Nairobi,Kilimani
1226,"KSh 115,000",3.0,3.0,Nairobi, Westlands Area
1227,"KSh 115,000",3.0,3.0,Nairobi, Westlands Area
1228,"KSh 115,000",3.0,3.0,Nairobi,Westlands Area
1229,"KSh 115,000",3.0,4.0,Nairobi,Kileleshwa
1230,"KSh 115,000",3.0,3.0,Nairobi,Kilimani
1231,"KSh 115,000",3.0,,Nairobi,Kilimani
1232,"KSh 115,000",4.0,5.0,Nairobi,Lavington
1233,"KSh 115,000",3.0,3.0,Nairobi, Rhapta Road
1234,"KSh 115,000",3.0,3.0,Nairobi, Riverside
1235,"KSh 115,000",3.0,3.0,Nairobi, Rhapta Road
1236,"KSh 115,000",1.0,1.0,Nairobi, Kileleshwa
1237,"KSh 115,000",3.0,4.0,Nairobi, Kilimani
1238,"KSh 118,000",3.0,3.0,Nairobi,Lavington
1239,"KSh 120,000",3.0,2.0,Nairobi, Riverside
1240,"KSh 120,000",3.0,2.0,Nairobi, Rhapta Road
1241,"KSh 120,000",2.0,2.0,Nairobi, Lavington
1242,"KSh 120,000",3.0,3.0,Nairobi, Rhapta Road
1243,"KSh 120,000",3.0,3.0,Nairobi,Riara Road
1244,"KSh 120,000",3.0,,Nairobi,Lavington
1245,"KSh 120,000",4.0,4.0,Nairobi, Rhapta Road
1246,"KSh 120,000",1.0,1.0,Nairobi,Hurlingham
1247,"KSh 120,000",3.0,2.0,Nairobi, Kilimani
1248,"KSh 120,000",4.0,3.0,Nairobi, Kilimani
1249,"KSh 120,000",3.0,3.0,Nairobi,General Mathenge
1250,"KSh 120,000",2.0,3.0,Nairobi, Kileleshwa
1251,"KSh 120,000",3.0,5.0,Nairobi,Lavington
1252,"KSh 120,000",3.0,3.0,Nairobi,Riverside
1253,"KSh 120,000",3.0,,Nairobi, Riverside
1254,"KSh 120,000",2.0,,Nairobi, Riara Road
1255,"KSh 120,000",3.0,3.0,Nairobi, Mombasa CBD
1256,"KSh 120,000",3.0,3.0,Nairobi,Riverside
1257,"KSh 120,000",4.0,4.0,Nairobi,General Mathenge
1258,"KSh 120,000",4.0,,Nairobi, Waiyaki Way
1259,"KSh 120,000",3.0,4.0,Nairobi,Kilimani
1260,"KSh 120,000",3.0,4.0,Nairobi,Kileleshwa
1261,"KSh 120,000",3.0,3.0,Nairobi,Westlands Area
1262,"KSh 120,000",3.0,3.0,Nairobi, Westlands Area
1263,"KSh 120,000",3.0,3.0,Nairobi, Rhapta Road
1264,"KSh 120,000",3.0,4.0,Nairobi,Waiyaki Way
1265,"KSh 120,000",3.0,3.0,Nairobi, Westlands Area
1266,"KSh 120,000",3.0,4.0,Nairobi, Kilimani
1267,"KSh 120,000",2.0,,Nairobi,Kileleshwa
1268,"KSh 120,000",4.0,2.0,Nairobi,Brookside
1269,"KSh 120,000",1.0,2.0,Nairobi,Westlands Area
1270,"KSh 120,000",3.0,3.0,Nairobi,Riverside
1271,"KSh 120,000",3.0,3.0,Nairobi,Lavington
1272,"KSh 120,000",3.0,3.0,Nairobi, Westlands Area
1273,"KSh 120,000",3.0,3.0,Nairobi, Parklands
1274,"KSh 120,000",3.0,3.0,Nairobi,Kilimani
1275,"KSh 120,000",1.0,1.0,Nairobi, Kilimani
1276,"KSh 120,000",1.0,1.0,Nairobi, Kileleshwa
1277,"KSh 120,000",3.0,3.0,Nairobi, Lavington
1278,"KSh 120,000",4.0,2.0,Nairobi, Kilimani
1279,"KSh 120,000",3.0,2.0,Nairobi, Kilimani
1280,"KSh 120,000",2.0,2.0,Nairobi,Kilimani
1281,"KSh 120,000",3.0,2.0,Nairobi,Westlands Area
1282,"KSh 120,000",3.0,2.0,Nairobi,Riverside
1283,"KSh 120,000",3.0,2.0,Nairobi,Riverside
1284,"KSh 120,000",3.0,3.0,Nairobi, Kilimani
1285,"KSh 120,000",3.0,,Nairobi,Kileleshwa
1286,"KSh 120,000",4.0,4.0,Nairobi,Parklands
1287,"KSh 120,000",4.0,3.0,Nairobi,Kilimani
1288,"KSh 120,000",1.0,1.0,Nairobi, Westlands Area
1289,"KSh 120,000",3.0,,Nairobi, Parklands
1290,"KSh 120,000",3.0,3.0,Nairobi,Lavington
1291,"KSh 120,000",2.0,,Nairobi,Riverside
1292,"KSh 120,000",3.0,3.0,Nairobi,Thome
1293,"KSh 120,000",3.0,3.0,Nairobi,Rhapta Road
1294,"KSh 120,000",3.0,4.0,Nairobi, Nyali Area
1295,"KSh 120,000",3.0,2.0,Nairobi,Kileleshwa
1296,"KSh 120,000",3.0,3.0,Nairobi, Westlands Area
1297,"KSh 120,000",3.0,3.0,Nairobi, Westlands Area
1298,"KSh 120,000",1.0,1.0,Nairobi, Westlands Area
1299,"KSh 120,000",4.0,3.0,Nairobi,Kilimani
1300,"KSh 120,000",3.0,,Nairobi, Parklands
1301,"KSh 120,000",2.0,,Nairobi,State House
1302,"KSh 120,000",3.0,,Nairobi, Riara Road
1303,"KSh 120,000",3.0,4.0,Nairobi, Westlands Area
1304,"KSh 120,000",3.0,4.0,Nairobi,Rhapta Road
1305,"KSh 120,000",3.0,4.0,Nairobi, Kileleshwa
1306,"KSh 120,000",1.0,,Nairobi,Kilimani
1307,"KSh 120,000",3.0,,Nairobi,Kilimani
1308,"KSh 120,000",3.0,3.0,Nairobi, Kilimani
1309,"KSh 120,000",3.0,3.0,Nairobi,Kileleshwa
1310,"KSh 120,000",3.0,4.0,Nairobi,Lavington
1311,"KSh 120,000",3.0,3.0,Nairobi,Westlands Area
1312,"KSh 120,000",1.0,1.0,Nairobi, General Mathenge
1313,"KSh 120,000",4.0,5.0,Nairobi, Westlands Area
1314,"KSh 120,000",2.0,2.0,Nairobi,General Mathenge
1315,"KSh 120,000",3.0,3.0,Nairobi, Kilimani
1316,"KSh 120,000",3.0,3.0,Nairobi, Kilimani
1317,"KSh 120,000",2.0,2.0,Nairobi, Waiyaki Way
1318,"KSh 120,000",2.0,2.0,Nairobi, Kileleshwa
1319,"KSh 120,000",3.0,4.0,Nairobi,Kileleshwa
1320,"KSh 120,000",4.0,4.0,Nairobi, Kileleshwa
1321,"KSh 120,000",3.0,4.0,Nairobi,Kilimani
1322,"KSh 120,000",3.0,3.0,Nairobi, Lavington
1323,"KSh 120,000",1.0,1.0,Nairobi, Westlands Area
1324,"KSh 120,000",3.0,2.0,Nairobi,Westlands Area
1325,"KSh 120,000",2.0,3.0,Nairobi,Lavington
1326,"KSh 120,000",4.0,3.0,Nairobi, Parklands
1327,"KSh 120,000",3.0,4.0,Nairobi, Nyali Area
1328,"KSh 120,000",3.0,2.0,Nairobi, Lavington
1329,"KSh 120,000",3.0,3.0,Nairobi, Lavington
1330,"KSh 120,000",3.0,4.0,Nairobi, Kileleshwa
1331,"KSh 120,000",2.0,,Nairobi,Kilimani
1332,"KSh 120,000",3.0,3.0,Nairobi, Lavington
1333,"KSh 120,000",3.0,2.0,Nairobi, Kilimani
1334,"KSh 120,000",3.0,3.0,Nairobi, Lavington
1335,"KSh 120,000",3.0,,Nairobi, Kilimani
1336,"KSh 120,000",2.0,2.0,Nairobi, Lavington
1337,"KSh 120,000",2.0,2.0,Nairobi,Westlands Area
1338,"KSh 120,000",2.0,2.0,Nairobi,Westlands Area
1339,"KSh 120,000",2.0,2.0,Nairobi,Westlands Area
1340,"KSh 120,000",1.0,1.0,Nairobi,Westlands Area
1341,"KSh 120,000",3.0,3.0,Nairobi,Parklands
1342,"KSh 120,000",2.0,,Nairobi,Kileleshwa
1343,"KSh 120,000",3.0,,Nairobi,Kileleshwa
1344,"KSh 120,000",3.0,,Nairobi, Westlands Area
1345,"KSh 120,000",3.0,3.0,Nairobi, Nyali Area
1346,"KSh 120,000",4.0,,Nairobi,Kilimani
1347,"KSh 120,000",3.0,4.0,Nairobi,Kilimani
1348,"KSh 120,000",3.0,,Nairobi, Riverside
1349,"KSh 120,000",3.0,4.0,Nairobi,Riverside
1350,"KSh 120,000",1.0,,Nairobi,Kilimani
1351,"KSh 120,000",4.0,,Nairobi,Westlands Area
1352,"KSh 120,000",4.0,4.0,Nairobi,Riverside
1353,"KSh 120,000",2.0,2.0,Nairobi, Kilimani
1354,"KSh 120,000",2.0,2.0,Nairobi,Karen
1355,"KSh 120,000",2.0,2.0,Nairobi,Westlands Area
1356,"KSh 122,000",3.0,4.0,Nairobi,General Mathenge
1357,"KSh 123,000",3.0,,Nairobi,Rhapta Road
1358,"KSh 125,000",3.0,,Nairobi,General Mathenge
1359,"KSh 125,000",3.0,3.0,Nairobi, Riverside
1360,"KSh 125,000",3.0,4.0,Nairobi, Kilimani
1361,"KSh 125,000",3.0,4.0,Nairobi,Parklands
1362,"KSh 125,000",2.0,,Nairobi,Kilimani
1363,"KSh 125,000",3.0,4.0,Nairobi,Kileleshwa
1364,"KSh 125,000",3.0,3.0,Nairobi, Kilimani
1365,"KSh 125,000",3.0,3.0,Nairobi, Riverside
1366,"KSh 125,000",2.0,2.0,Nairobi,Kilimani
1367,"KSh 125,000",2.0,2.0,Nairobi,Kilimani
1368,"KSh 125,000",3.0,4.0,Nairobi, Kilimani
1369,"KSh 125,000",2.0,3.0,Nairobi, Kileleshwa
1370,"KSh 125,000",2.0,2.0,Nairobi,Westlands Area
1371,"KSh 125,000",4.0,5.0,Nairobi,Rhapta Road
1372,"KSh 125,000",3.0,4.0,Nairobi,Lavington
1373,"KSh 125,000",3.0,4.0,Nairobi, Kilimani
1374,"KSh 125,000",3.0,4.0,Nairobi,Rhapta Road
1375,"KSh 125,000",3.0,4.0,Nairobi,Kilimani
1376,"KSh 125,000",3.0,2.0,Nairobi,Westlands Area
1377,"KSh 125,000",3.0,4.0,Nairobi,Lavington
1378,"KSh 125,000",3.0,4.0,Nairobi,Riverside
1379,"KSh 128,000",3.0,3.0,Nairobi,Westlands Area
1380,"KSh 130,000",4.0,4.0,Nairobi, Riverside
1381,"KSh 130,000",3.0,3.0,Nairobi, Kileleshwa
1382,"KSh 130,000",3.0,2.0,Nairobi, Kileleshwa
1383,"KSh 130,000",3.0,3.0,Nairobi,Westlands Area
1384,"KSh 130,000",3.0,3.0,Nairobi,Westlands Area
1385,"KSh 130,000",2.0,2.0,Nairobi, Lower Kabete
1386,"KSh 130,000",2.0,2.0,Nairobi, Kileleshwa
1387,"KSh 130,000",2.0,2.0,Nairobi, Kileleshwa
1388,"KSh 130,000",2.0,2.0,Nairobi, Karen
1389,"KSh 130,000",3.0,2.0,Nairobi, Westlands Area
1390,"KSh 130,000",3.0,3.0,Nairobi, Kilimani
1391,"KSh 130,000",3.0,4.0,Nairobi, Kileleshwa
1392,"KSh 130,000",3.0,3.0,Nairobi, Riverside
1393,"KSh 130,000",2.0,2.0,Nairobi,Lavington
1394,"KSh 130,000",3.0,3.0,Nairobi,Brookside
1395,"KSh 130,000",3.0,3.0,Nairobi,Westlands Area
1396,"KSh 130,000",3.0,3.0,Nairobi,General Mathenge
1397,"KSh 130,000",2.0,2.0,Nairobi, Westlands Area
1398,"KSh 130,000",3.0,4.0,Nairobi,Kilimani
1399,"KSh 130,000",2.0,3.0,Nairobi, Kilimani
1400,"KSh 130,000",4.0,3.0,Nairobi, Westlands Area
1401,"KSh 130,000",3.0,4.0,Nairobi,Westlands Area
1402,"KSh 130,000",2.0,2.0,Nairobi, Kileleshwa
1403,"KSh 130,000",4.0,3.0,Nairobi, Westlands Area
1404,"KSh 130,000",2.0,,Nairobi,Ngong Road
1405,"KSh 130,000",4.0,5.0,Nairobi,Kileleshwa
1406,"KSh 130,000",3.0,4.0,Nairobi,Kilimani
1407,"KSh 130,000",3.0,3.0,Nairobi, Brookside
1408,"KSh 130,000",3.0,2.0,Nairobi, Westlands Area
1409,"KSh 130,000",4.0,4.0,Nairobi, Kileleshwa
1410,"KSh 130,000",2.0,2.0,Nairobi, Riverside
1411,"KSh 130,000",2.0,2.0,Nairobi,Karen
1412,"KSh 130,000",3.0,3.0,Nairobi,Riverside
1413,"KSh 130,000",3.0,3.0,Nairobi, Kileleshwa
1414,"KSh 130,000",2.0,2.0,Nairobi, Kilimani
1415,"KSh 130,000",4.0,5.0,Nairobi, Lavington
1416,"KSh 130,000",3.0,4.0,Nairobi, Brookside
1417,"KSh 130,000",1.0,1.0,Nairobi,Parklands
1418,"KSh 130,000",3.0,4.0,Nairobi,Riverside
1419,"KSh 130,000",3.0,3.0,Nairobi,Kilimani
1420,"KSh 130,000",3.0,2.0,Nairobi, Riverside
1421,"KSh 130,000",3.0,3.0,Nairobi, Riverside
1422,"KSh 130,000",3.0,,Nairobi,Kileleshwa
1423,"KSh 130,000",3.0,3.0,Nairobi,Westlands Area
1424,"KSh 130,000",3.0,3.0,Nairobi,Westlands Area
1425,"KSh 130,000",3.0,3.0,Nairobi, Westlands Area
1426,"KSh 130,000",3.0,3.0,Nairobi, Riverside
1427,"KSh 130,000",3.0,3.0,Nairobi, Lavington
1428,"KSh 130,000",3.0,3.0,Nairobi,Lavington
1429,"KSh 130,000",3.0,4.0,Nairobi,Riverside
1430,"KSh 130,000",3.0,4.0,Nairobi,Kileleshwa
1431,"KSh 130,000",3.0,4.0,Nairobi,Riverside
1432,"KSh 130,000",4.0,,Nairobi,Westlands Area
1433,"KSh 130,000",1.0,2.0,Nairobi, Kileleshwa
1434,"KSh 130,000",3.0,4.0,Nairobi, Riverside
1435,"KSh 130,000",2.0,2.0,Nairobi,Runda
1436,"KSh 130,000",4.0,,Nairobi,Westlands Area
1437,"KSh 130,000",4.0,,Nairobi,Riverside
1438,"KSh 130,000",3.0,3.0,Nairobi,Riverside
1439,"KSh 130,000",2.0,2.0,Nairobi,Lavington
1440,"KSh 130,000",2.0,,Nairobi,Riverside
1441,"KSh 130,000",3.0,4.0,Nairobi, Lavington
1442,"KSh 130,000",3.0,3.0,Nairobi,Rhapta Road
1443,"KSh 130,000",4.0,4.0,Nairobi,Kilimani
1444,"KSh 130,000",2.0,2.0,Nairobi, Kileleshwa
1445,"KSh 130,000",4.0,,Nairobi, Kilimani
1446,"KSh 130,000",3.0,4.0,Nairobi,Kilimani
1447,"KSh 130,000",2.0,2.0,Nairobi, Riverside
1448,"KSh 130,000",3.0,4.0,Nairobi, Riverside
1449,"KSh 130,000",3.0,4.0,Nairobi, Riverside
1450,"KSh 130,000",3.0,3.0,Nairobi, Riverside
1451,"KSh 130,000",3.0,4.0,Nairobi, Riverside
1452,"KSh 130,000",3.0,2.0,Nairobi,Kileleshwa
1453,"KSh 130,000",4.0,5.0,Nairobi, Kilimani
1454,"KSh 130,000",4.0,3.0,Nairobi,Parklands
1455,"KSh 130,000",3.0,4.0,Nairobi, Nyali Area
1456,"KSh 130,000",2.0,2.0,Nairobi,Lavington
1457,"KSh 130,000",3.0,4.0,Nairobi, Kilimani
1458,"KSh 130,000",4.0,4.0,Nairobi, Rhapta Road
1459,"KSh 130,000",3.0,3.0,Nairobi,Rhapta Road
1460,"KSh 130,000",3.0,3.0,Nairobi,General Mathenge
1461,"KSh 130,000",2.0,3.0,Nairobi, Kilimani
1462,"KSh 130,000",4.0,5.0,Nairobi,Lavington
1463,"KSh 130,000",3.0,4.0,Nairobi, Kileleshwa
1464,"KSh 130,000",3.0,4.0,Nairobi, Kilimani
1465,"KSh 130,000",4.0,4.0,Nairobi,Parklands
1466,"KSh 130,000",3.0,,Nairobi, Westlands Area
1467,"KSh 130,000",4.0,3.0,Nairobi,Lavington
1468,"KSh 130,000",3.0,4.0,Nairobi, Brookside
1469,"KSh 130,000",3.0,,Nairobi,Lavington
1470,"KSh 130,000",3.0,4.0,Nairobi,Riverside
1471,"KSh 130,000",3.0,4.0,Nairobi,Riverside
1472,"KSh 130,000",3.0,4.0,Nairobi, Rhapta Road
1473,"KSh 130,000",1.0,2.0,Nairobi, Westlands Area
1474,"KSh 130,000",3.0,3.0,Nairobi,Kileleshwa
1475,"KSh 130,000",3.0,3.0,Nairobi, Riverside
1476,"KSh 130,000",3.0,4.0,Nairobi,Riverside
1477,"KSh 132,000",3.0,3.0,Nairobi, Westlands Area
1478,"KSh 132,000",3.0,4.0,Nairobi,Kilimani
1479,"KSh 133,000",1.0,,Nairobi, Parklands
1480,"KSh 135,000",4.0,3.0,Nairobi, Kilimani
1481,"KSh 135,000",3.0,3.0,Nairobi,Lavington
1482,"KSh 135,000",4.0,3.0,Nairobi,Waiyaki Way
1483,"KSh 135,000",3.0,4.0,Nairobi,General Mathenge
1484,"KSh 135,000",3.0,4.0,Nairobi,Kileleshwa
1485,"KSh 135,000",3.0,4.0,Nairobi,Kilimani
1486,"KSh 135,000",4.0,4.0,Nairobi, Parklands
1487,"KSh 135,000",1.0,1.0,Nairobi, Westlands Area
1488,"KSh 135,000",2.0,2.0,Nairobi, Kileleshwa
1489,"KSh 135,000",3.0,4.0,Nairobi, Parklands
1490,"KSh 135,000",2.0,3.0,Nairobi, Westlands Area
1491,"KSh 135,000",3.0,2.0,Nairobi,Lavington
1492,"KSh 135,000",4.0,3.0,Nairobi,Waiyaki Way
1493,"KSh 135,000",3.0,3.0,Nairobi, Brookside
1494,"KSh 135,000",2.0,2.0,Nairobi,Westlands Area
1495,"KSh 135,000",2.0,2.0,Nairobi, Westlands Area
1496,"KSh 135,000",4.0,,Nairobi, Kilimani
1497,"KSh 136,000",3.0,3.0,Nairobi,Rhapta Road
1498,"KSh 140,000",3.0,2.0,Nairobi, Westlands Area
1499,"KSh 140,000",1.0,1.0,Nairobi, Riverside
1500,"KSh 140,000",4.0,4.0,Nairobi, General Mathenge
1501,"KSh 140,000",3.0,3.0,Nairobi, Rhapta Road
1502,"KSh 140,000",2.0,2.0,Nairobi, Riverside
1503,"KSh 140,000",3.0,4.0,Nairobi,Lavington
1504,"KSh 140,000",4.0,5.0,Nairobi,Lavington
1505,"KSh 140,000",2.0,2.0,Nairobi, Lavington
1506,"KSh 140,000",1.0,1.0,Nairobi, Old Muthaiga
1507,"KSh 140,000",2.0,,Nairobi,Riverside
1508,"KSh 140,000",2.0,2.0,Nairobi, Kilimani
1509,"KSh 140,000",3.0,5.0,Nairobi, Kileleshwa
1510,"KSh 140,000",3.0,2.0,Nairobi, Kileleshwa
1511,"KSh 140,000",3.0,5.0,Nairobi, Lavington
1512,"KSh 140,000",3.0,3.0,Nairobi, Lavington
1513,"KSh 140,000",3.0,4.0,Nairobi,Kilimani
1514,"KSh 140,000",4.0,5.0,Nairobi,Kileleshwa
1515,"KSh 140,000",1.0,1.0,Nairobi, Brookside
1516,"KSh 140,000",3.0,,Nairobi,Parklands
1517,"KSh 140,000",4.0,3.0,Nairobi,Waiyaki Way
1518,"KSh 140,000",4.0,3.0,Nairobi, Waiyaki Way
1519,"KSh 140,000",1.0,,Nairobi,Lavington
1520,"KSh 140,000",4.0,3.0,Nairobi,Rhapta Road
1521,"KSh 140,000",2.0,2.0,Nairobi, Westlands Area
1522,"KSh 140,000",3.0,2.0,Nairobi, Kileleshwa
1523,"KSh 140,000",2.0,2.0,Nairobi,Westlands Area
1524,"KSh 140,000",3.0,3.0,Nairobi,Parklands
1525,"KSh 140,000",3.0,3.0,Nairobi,Lower Kabete
1526,"KSh 140,000",2.0,2.0,Nairobi, Westlands Area
1527,"KSh 140,000",2.0,2.0,Nairobi, Kilimani
1528,"KSh 140,000",1.0,1.0,Nairobi, Riverside
1529,"KSh 140,000",2.0,2.0,Nairobi, Kilimani
1530,"KSh 140,000",3.0,3.0,Nairobi, Riverside
1531,"KSh 140,000",3.0,4.0,Nairobi,Parklands
1532,"KSh 140,000",3.0,3.0,Nairobi, Brookside
1533,"KSh 140,000",3.0,3.0,Nairobi, Westlands Area
1534,"KSh 140,000",3.0,3.0,Nairobi,Westlands Area
1535,"KSh 140,000",3.0,2.0,Nairobi,Kileleshwa
1536,"KSh 140,000",3.0,3.0,Nairobi, Brookside
1537,"KSh 140,000",3.0,3.0,Nairobi, Westlands Area
1538,"KSh 140,000",3.0,3.0,Nairobi,Riverside
1539,"KSh 140,000",3.0,3.0,Nairobi,Lavington
1540,"KSh 140,000",3.0,5.0,Nairobi, Kileleshwa
1541,"KSh 140,000",2.0,2.0,Nairobi,Kileleshwa
1542,"KSh 140,000",3.0,4.0,Nairobi,Lavington
1543,"KSh 140,000",2.0,2.0,Nairobi,Kilimani
1544,"KSh 140,000",2.0,2.0,Nairobi,Waiyaki Way
1545,"KSh 140,000",2.0,2.0,Nairobi,Riverside
1546,"KSh 140,000",3.0,2.0,Nairobi,Kilimani
1547,"KSh 140,000",2.0,,Nairobi,Kilimani
1548,"KSh 140,000",3.0,2.0,Nairobi,General Mathenge
1549,"KSh 140,000",2.0,2.0,Nairobi, Kileleshwa
1550,"KSh 140,000",2.0,3.0,Nairobi,General Mathenge
1551,"KSh 140,000",3.0,3.0,Nairobi, Westlands Area
1552,"KSh 140,000",3.0,3.0,Nairobi, Brookside
1553,"KSh 140,000",3.0,4.0,Nairobi, Valley Arcade
1554,"KSh 140,000",4.0,3.0,Nairobi,Riverside
1555,"KSh 140,000",2.0,2.0,Nairobi,Westlands Area
1556,"KSh 140,000",2.0,,Nairobi,Kilimani
1557,"KSh 140,000",4.0,4.0,Nairobi, Parklands
1558,"KSh 140,000",3.0,4.0,Nairobi,Riverside
1559,"KSh 145,000",4.0,5.0,Nairobi, Parklands
1560,"KSh 145,000",3.0,4.0,Nairobi,Kilimani
1561,"KSh 145,000",3.0,3.0,Nairobi,Thika Road
1562,"KSh 145,000",3.0,3.0,Nairobi, Kileleshwa
1563,"KSh 145,000",3.0,5.0,Nairobi, Riverside
1564,"KSh 145,000",4.0,4.0,Nairobi,Parklands
1565,"KSh 145,000",3.0,3.0,Nairobi, Kileleshwa
1566,"KSh 145,000",2.0,2.0,Nairobi,Westlands Area
1567,"KSh 145,000",3.0,3.0,Nairobi,Kilimani
1568,"KSh 145,000",3.0,3.0,Nairobi, Kileleshwa
1569,"KSh 150,000",2.0,2.0,Nairobi, Kilimani
1570,"KSh 150,000",4.0,5.0,Nairobi,Kilimani
1571,"KSh 150,000",4.0,4.0,Nairobi, Lavington
1572,"KSh 150,000",2.0,2.0,Nairobi, Riverside
1573,"KSh 150,000",2.0,2.0,Nairobi, Kileleshwa
1574,"KSh 150,000",3.0,3.0,Nairobi,Riverside
1575,"KSh 150,000",3.0,,Nairobi,General Mathenge
1576,"KSh 150,000",4.0,4.0,Nairobi, Lavington
1577,"KSh 150,000",4.0,5.0,Nairobi, Kileleshwa
1578,"KSh 150,000",4.0,,Nairobi, Parklands
1579,"KSh 150,000",4.0,4.0,Nairobi,Westlands Area
1580,"KSh 150,000",4.0,5.0,Nairobi, Kileleshwa
1581,"KSh 150,000",4.0,5.0,Nairobi,Kileleshwa
1582,"KSh 150,000",2.0,2.0,Nairobi,Lavington
1583,"KSh 150,000",2.0,,Nairobi,Kilimani
1584,"KSh 150,000",4.0,4.0,Nairobi, Lavington
1585,"KSh 150,000",4.0,,Nairobi, Parklands
1586,"KSh 150,000",4.0,3.0,Nairobi,Westlands Area
1587,"KSh 150,000",3.0,4.0,Nairobi, Kileleshwa
1588,"KSh 150,000",4.0,5.0,Nairobi, Rhapta Road
1589,"KSh 150,000",3.0,4.0,Nairobi, Nyari
1590,"KSh 150,000",2.0,,Nairobi,Waiyaki Way
1591,"KSh 150,000",4.0,,Nairobi,Kileleshwa
1592,"KSh 150,000",3.0,4.0,Nairobi,Riverside
1593,"KSh 150,000",2.0,2.0,Nairobi, Kilimani
1594,"KSh 150,000",3.0,3.0,Nairobi,Rhapta Road
1595,"KSh 150,000",3.0,2.0,Nairobi, Kilimani
1596,"KSh 150,000",3.0,3.0,Nairobi,Kilimani
1597,"KSh 150,000",2.0,2.0,Nairobi,Westlands Area
1598,"KSh 150,000",2.0,2.0,Nairobi, Kilimani
1599,"KSh 150,000",4.0,4.0,Nairobi, Parklands
1600,"KSh 150,000",2.0,,Nairobi,Kilimani
1601,"KSh 150,000",1.0,1.0,Nairobi, Waiyaki Way
1602,"KSh 150,000",2.0,2.0,Nairobi, Waiyaki Way
1603,"KSh 150,000",3.0,4.0,Nairobi, Kileleshwa
1604,"KSh 150,000",4.0,3.0,Nairobi, Rhapta Road
1605,"KSh 150,000",2.0,3.0,Nairobi,Karen
1606,"KSh 150,000",4.0,5.0,Nairobi,Kilimani
1607,"KSh 150,000",2.0,1.0,Nairobi,Thika Road
1608,"KSh 150,000",3.0,4.0,Nairobi, Kileleshwa
1609,"KSh 150,000",3.0,4.0,Nairobi, Brookside
1610,"KSh 150,000",3.0,2.0,Nairobi,Lavington
1611,"KSh 150,000",3.0,2.0,Nairobi,Lavington
1612,"KSh 150,000",4.0,,Nairobi,Rhapta Road
1613,"KSh 150,000",3.0,3.0,Nairobi,Kileleshwa
1614,"KSh 150,000",4.0,,Nairobi,Nyari
1615,"KSh 150,000",3.0,2.0,Nairobi, Kilimani
1616,"KSh 150,000",4.0,5.0,Nairobi, Kilimani
1617,"KSh 150,000",4.0,5.0,Nairobi, Lavington
1618,"KSh 150,000",3.0,4.0,Nairobi, Kileleshwa
1619,"KSh 150,000",3.0,4.0,Nairobi, Rhapta Road
1620,"KSh 150,000",3.0,4.0,Nairobi,Brookside
1621,"KSh 150,000",3.0,3.0,Nairobi, Westlands Area
1622,"KSh 150,000",3.0,3.0,Nairobi,Kilimani
1623,"KSh 150,000",2.0,3.0,Nairobi,General Mathenge
1624,"KSh 150,000",4.0,5.0,Nairobi, Spring Valley
1625,"KSh 150,000",4.0,4.0,Nairobi,Kileleshwa
1626,"KSh 150,000",3.0,2.0,Nairobi,Kiambu Road
1627,"KSh 150,000",4.0,3.0,Nairobi,Westlands Area
1628,"KSh 150,000",4.0,4.0,Nairobi,Westlands Area
1629,"KSh 150,000",1.0,1.0,Nairobi,Westlands Area
1630,"KSh 150,000",2.0,2.0,Nairobi, Rosslyn
1631,"KSh 150,000",2.0,2.0,Nairobi, Rosslyn
1632,"KSh 150,000",2.0,2.0,Nairobi, Brookside
1633,"KSh 150,000",2.0,2.0,Nairobi, Westlands Area
1634,"KSh 150,000",2.0,,Nairobi,Westlands Area
1635,"KSh 150,000",3.0,,Nairobi,Brookside
1636,"KSh 150,000",3.0,,Nairobi,Hurlingham
1637,"KSh 150,000",2.0,2.0,Nairobi,Kileleshwa
1638,"KSh 150,000",2.0,2.0,Nairobi,Westlands Area
1639,"KSh 150,000",3.0,3.0,Nairobi,Kilimani
1640,"KSh 150,000",2.0,3.0,Nairobi,Westlands Area
1641,"KSh 150,000",4.0,4.0,Nairobi, Brookside
1642,"KSh 150,000",3.0,4.0,Nairobi,Rhapta Road
1643,"KSh 150,000",4.0,4.0,Nairobi,Westlands Area
1644,"KSh 150,000",3.0,3.0,Nairobi, Lavington
1645,"KSh 150,000",4.0,,Nairobi,Parklands
1646,"KSh 150,000",3.0,,Nairobi,Westlands Area
1647,"KSh 150,000",3.0,3.0,Nairobi, Kileleshwa
1648,"KSh 150,000",2.0,2.0,Nairobi, Kilimani
1649,"KSh 150,000",3.0,2.0,Nairobi,Dennis Pritt
1650,"KSh 150,000",3.0,2.0,Nairobi, Parklands
1651,"KSh 150,000",3.0,3.0,Nairobi,Kyuna
1652,"KSh 150,000",3.0,4.0,Nairobi, Kilimani
1653,"KSh 150,000",2.0,2.0,Nairobi, Westlands Area
1654,"KSh 150,000",2.0,2.0,Nairobi, Westlands Area
1655,"KSh 150,000",3.0,2.0,Nairobi,Dennis Pritt
1656,"KSh 150,000",3.0,4.0,Nairobi, Kilimani
1657,"KSh 150,000",3.0,2.0,Nairobi,Gigiri
1658,"KSh 150,000",2.0,,Nairobi, Upper Hill
1659,"KSh 150,000",4.0,3.0,Nairobi, Lavington
1660,"KSh 150,000",1.0,1.0,Nairobi, Kilimani
1661,"KSh 150,000",3.0,3.0,Nairobi, Kilimani
1662,"KSh 150,000",4.0,4.0,Nairobi,Kileleshwa
1663,"KSh 150,000",4.0,4.0,Nairobi,Westlands Area
1664,"KSh 150,000",3.0,4.0,Nairobi,Westlands Area
1665,"KSh 150,000",2.0,2.0,Nairobi,Riverside
1666,"KSh 150,000",4.0,4.0,Nairobi, General Mathenge
1667,"KSh 150,000",3.0,,Nairobi, Brookside
1668,"KSh 150,000",3.0,4.0,Nairobi,Kileleshwa
1669,"KSh 150,000",4.0,4.0,Nairobi,Lavington
1670,"KSh 150,000",3.0,3.0,Nairobi,Rhapta Road
1671,"KSh 150,000",2.0,2.0,Nairobi, Parklands
1672,"KSh 150,000",2.0,3.0,Nairobi,Kilimani
1673,"KSh 150,000",3.0,,Nairobi,Brookside
1674,"KSh 150,000",4.0,4.0,Nairobi,Lavington
1675,"KSh 150,000",3.0,,Nairobi, Rhapta Road
1676,"KSh 150,000",3.0,2.0,Nairobi, Lavington
1677,"KSh 150,000",3.0,3.0,Nairobi,Lavington
1678,"KSh 150,000",2.0,2.0,Nairobi,Kilimani
1679,"KSh 150,000",3.0,3.0,Nairobi,Kileleshwa
1680,"KSh 150,000",2.0,2.0,Nairobi,Westlands Area
1681,"KSh 155,000",4.0,4.0,Nairobi,General Mathenge
1682,"KSh 155,000",2.0,2.0,Nairobi,Parklands
1683,"KSh 155,000",3.0,5.0,Nairobi,Brookside
1684,"KSh 155,000",4.0,4.0,Nairobi, Spring Valley
1685,"KSh 155,000",3.0,5.0,Nairobi,Brookside
1686,"KSh 155,000",3.0,5.0,Nairobi, Riverside
1687,"KSh 158,000",4.0,3.0,Nairobi,Westlands Area
1688,"KSh 160,000",4.0,3.0,Nairobi, Westlands Area
1689,"KSh 160,000",2.0,2.0,Nairobi, General Mathenge
1690,"KSh 160,000",1.0,1.0,Nairobi,Gigiri
1691,"KSh 160,000",4.0,,Nairobi,Lavington
1692,"KSh 160,000",4.0,4.0,Nairobi, Kilimani
1693,"KSh 160,000",4.0,4.0,Nairobi,Lavington
1694,"KSh 160,000",4.0,3.0,Nairobi, Kilimani
1695,"KSh 160,000",3.0,3.0,Nairobi, Lavington
1696,"KSh 160,000",3.0,3.0,Nairobi,General Mathenge
1697,"KSh 160,000",3.0,2.0,Nairobi,Westlands Area
1698,"KSh 160,000",2.0,2.0,Nairobi,Westlands Area
1699,"KSh 160,000",3.0,3.0,Nairobi,General Mathenge
1700,"KSh 160,000",3.0,2.0,Nairobi,Westlands Area
1701,"KSh 160,000",2.0,2.0,Nairobi,Westlands Area
1702,"KSh 160,000",3.0,2.0,Nairobi,Gigiri
1703,"KSh 160,000",2.0,2.0,Nairobi, Westlands Area
1704,"KSh 160,000",3.0,3.0,Nairobi, Brookside
1705,"KSh 160,000",3.0,,Nairobi,Westlands Area
1706,"KSh 160,000",3.0,4.0,Nairobi,General Mathenge
1707,"KSh 160,000",1.0,2.0,Nairobi,Rhapta Road
1708,"KSh 160,000",3.0,3.0,Nairobi, Kileleshwa
1709,"KSh 160,000",3.0,3.0,Nairobi, Westlands Area
1710,"KSh 160,000",4.0,4.0,Nairobi,Spring Valley
1711,"KSh 160,000",3.0,3.0,Nairobi, Lavington
1712,"KSh 160,000",3.0,3.0,Nairobi,Valley Arcade
1713,"KSh 160,000",2.0,1.0,Nairobi,Spring Valley
1714,"KSh 160,000",3.0,3.0,Nairobi,Riverside
1715,"KSh 160,000",2.0,2.0,Nairobi,Kileleshwa
1716,"KSh 160,000",4.0,4.0,Nairobi,Brookside
1717,"KSh 160,000",3.0,2.0,Nairobi, Westlands Area
1718,"KSh 160,000",3.0,,Nairobi,Upper Hill
1719,"KSh 160,000",3.0,5.0,Nairobi,General Mathenge
1720,"KSh 160,000",4.0,4.0,Nairobi, General Mathenge
1721,"KSh 160,000",2.0,3.0,Nairobi,General Mathenge
1722,"KSh 160,000",3.0,3.0,Nairobi, Kilimani
1723,"KSh 160,000",3.0,3.0,Nairobi, Kileleshwa
1724,"KSh 160,000",2.0,2.0,Nairobi, Kilimani
1725,"KSh 160,000",3.0,4.0,Nairobi,Riverside
1726,"KSh 160,000",3.0,2.0,Nairobi, Lavington
1727,"KSh 160,000",2.0,3.0,Nairobi,Karura
1728,"KSh 160,000",1.0,1.0,Nairobi,Westlands Area
1729,"KSh 160,000",2.0,3.0,Nairobi,Karura
1730,"KSh 160,000",1.0,1.0,Nairobi,Westlands Area
1731,"KSh 160,000",2.0,2.0,Nairobi,Westlands Area
1732,"KSh 160,000",3.0,3.0,Nairobi,Riverside
1733,"KSh 160,000",2.0,3.0,Nairobi,Kileleshwa
1734,"KSh 160,000",4.0,4.0,Nairobi, Kilimani
1735,"KSh 160,000",4.0,5.0,Nairobi, General Mathenge
1736,"KSh 160,000",2.0,2.0,Nairobi,Lavington
1737,"KSh 160,000",3.0,4.0,Nairobi,Parklands
1738,"KSh 160,000",4.0,6.0,Nairobi, Kileleshwa
1739,"KSh 160,000",3.0,4.0,Nairobi,Kilimani
1740,"KSh 160,000",3.0,3.0,Nairobi, Kilimani
1741,"KSh 160,000",4.0,4.0,Nairobi, General Mathenge
1742,"KSh 160,000",3.0,,Nairobi, Rhapta Road
1743,"KSh 160,000",3.0,4.0,Nairobi,Riverside
1744,"KSh 160,000",3.0,3.0,Nairobi, Kilimani
1745,"KSh 160,000",4.0,5.0,Nairobi, Spring Valley
1746,"KSh 160,000",4.0,4.0,Nairobi,Loresho
1747,"KSh 160,000",2.0,2.0,Nairobi,Westlands Area
1748,"KSh 160,000",2.0,2.0,Nairobi, Westlands Area
1749,"KSh 160,000",3.0,,Nairobi, Rhapta Road
1750,"KSh 160,000",3.0,4.0,Nairobi,Riverside
1751,"KSh 160,000",3.0,4.0,Nairobi, Kilimani
1752,"KSh 160,000",4.0,4.0,Nairobi, General Mathenge
1753,"KSh 160,000",3.0,4.0,Nairobi,Nyali Area
1754,"KSh 160,000",2.0,,Nairobi,Kilimani
1755,"KSh 160,000",4.0,,Nairobi, Westlands Area
1756,"KSh 160,000",2.0,,Nairobi,Westlands Area
1757,"KSh 160,000",1.0,2.0,Nairobi,Waiyaki Way
1758,"KSh 160,000",3.0,2.0,Nairobi, Spring Valley
1759,"KSh 160,000",3.0,4.0,Nairobi,Brookside
1760,"KSh 165,000",3.0,3.0,Nairobi, Kilimani
1761,"KSh 165,000",3.0,3.0,Nairobi,Rhapta Road
1762,"KSh 165,000",3.0,4.0,Nairobi, Kilimani
1763,"KSh 165,000",4.0,4.0,Nairobi, Westlands Area
1764,"KSh 165,000",4.0,,Nairobi,Parklands
1765,"KSh 165,000",3.0,3.0,Nairobi,General Mathenge
1766,"KSh 165,000",3.0,4.0,Nairobi, General Mathenge
1767,"KSh 165,000",3.0,,Nairobi, Parklands
1768,"KSh 165,000",3.0,4.0,Nairobi, General Mathenge
1769,"KSh 165,000",4.0,3.0,Nairobi,Westlands Area
1770,"KSh 165,000",4.0,3.0,Nairobi,Brookside
1771,"KSh 165,000",2.0,2.0,Nairobi, Karura
1772,"KSh 165,000",3.0,3.0,Nairobi,Kilimani
1773,"KSh 165,000",2.0,,Nairobi,Lavington
1774,"KSh 165,000",2.0,3.0,Nairobi, Kilimani
1775,"KSh 170,000",3.0,3.0,Nairobi, Lavington
1776,"KSh 170,000",3.0,3.0,Nairobi, General Mathenge
1777,"KSh 170,000",3.0,4.0,Nairobi, Kilimani
1778,"KSh 170,000",3.0,3.0,Nairobi, Kilimani
1779,"KSh 170,000",2.0,2.0,Nairobi, Spring Valley
1780,"KSh 170,000",3.0,3.0,Nairobi, General Mathenge
1781,"KSh 170,000",3.0,3.0,Nairobi, Riverside
1782,"KSh 170,000",3.0,4.0,Nairobi, Kileleshwa
1783,"KSh 170,000",3.0,3.0,Nairobi,Parklands
1784,"KSh 170,000",3.0,3.0,Nairobi, General Mathenge
1785,"KSh 170,000",3.0,3.0,Nairobi, General Mathenge
1786,"KSh 170,000",3.0,3.0,Nairobi,Nyari
1787,"KSh 170,000",4.0,5.0,Nairobi, General Mathenge
1788,"KSh 170,000",3.0,4.0,Nairobi, Brookside
1789,"KSh 170,000",2.0,2.0,Nairobi, Kilimani
1790,"KSh 170,000",3.0,3.0,Nairobi, Kileleshwa
1791,"KSh 170,000",3.0,3.0,Nairobi, Brookside
1792,"KSh 170,000",2.0,2.0,Nairobi, Kilimani
1793,"KSh 170,000",2.0,3.0,Nairobi, Kilimani
1794,"KSh 170,000",3.0,4.0,Nairobi, Brookside
1795,"KSh 170,000",2.0,2.0,Nairobi,Parklands
1796,"KSh 170,000",2.0,3.0,Nairobi,General Mathenge
1797,"KSh 170,000",1.0,,Nairobi, Kilimani
1798,"KSh 170,000",2.0,2.0,Nairobi,Kilimani
1799,"KSh 170,000",3.0,3.0,Nairobi,Kilimani
1800,"KSh 170,000",3.0,,Nairobi, Kilimani
1801,"KSh 170,000",2.0,2.0,Nairobi, Kilimani
1802,"KSh 170,000",3.0,3.0,Nairobi, Kileleshwa
1803,"KSh 170,000",5.0,6.0,Nairobi,Kilimani
1804,"KSh 170,000",3.0,3.0,Nairobi,Riverside
1805,"KSh 170,000",4.0,3.0,Nairobi, Parklands
1806,"KSh 170,000",1.0,1.0,Nairobi,Kilimani
1807,"KSh 170,000",3.0,3.0,Nairobi,Westlands Area
1808,"KSh 170,000",3.0,4.0,Nairobi, Brookside
1809,"KSh 170,000",4.0,,Nairobi, Parklands
1810,"KSh 170,000",3.0,4.0,Nairobi,General Mathenge
1811,"KSh 170,000",3.0,2.0,Nairobi, Thika Road
1812,"KSh 170,000",3.0,4.0,Nairobi,Riverside
1813,"KSh 170,000",2.0,2.0,Nairobi,Kilimani
1814,"KSh 172,000",3.0,4.0,Nairobi,Kilimani
1815,"KSh 172,000",4.0,4.0,Nairobi,Parklands
1816,"KSh 175,000",3.0,,Nairobi, Parklands
1817,"KSh 175,000",3.0,,Nairobi,General Mathenge
1818,"KSh 175,000",3.0,4.0,Nairobi,General Mathenge
1819,"KSh 175,000",4.0,4.0,Nairobi, Westlands Area
1820,"KSh 175,000",4.0,,Nairobi,General Mathenge
1821,"KSh 175,000",2.0,2.0,Nairobi,Kilimani
1822,"KSh 175,000",3.0,3.0,Nairobi,Parklands
1823,"KSh 175,000",4.0,4.0,Nairobi,General Mathenge
1824,"KSh 175,000",4.0,5.0,Nairobi, General Mathenge
1825,"KSh 175,000",3.0,3.0,Nairobi,General Mathenge
1826,"KSh 175,000",3.0,3.0,Nairobi, Riverside
1827,"KSh 175,000",3.0,3.0,Nairobi,General Mathenge
1828,"KSh 175,000",4.0,4.0,Nairobi, General Mathenge
1829,"KSh 175,000",4.0,4.0,Nairobi, Westlands Area
1830,"KSh 175,000",2.0,2.0,Nairobi,Thigiri
1831,"KSh 180,000",2.0,2.0,Nairobi, Kilimani
1832,"KSh 180,000",3.0,3.0,Nairobi, Riverside
1833,"KSh 180,000",3.0,,Nairobi,State House
1834,"KSh 180,000",2.0,2.0,Nairobi, Kilimani
1835,"KSh 180,000",4.0,4.0,Nairobi, Riverside
1836,"KSh 180,000",3.0,3.0,Nairobi, Kilimani
1837,"KSh 180,000",3.0,3.0,Nairobi,Kilimani
1838,"KSh 180,000",4.0,4.0,Nairobi,Upper Hill
1839,"KSh 180,000",1.0,2.0,Nairobi,Westlands Area
1840,"KSh 180,000",2.0,2.0,Nairobi, Westlands Area
1841,"KSh 180,000",3.0,3.0,Nairobi, Karura
1842,"KSh 180,000",3.0,4.0,Nairobi,Brookside
1843,"KSh 180,000",3.0,,Nairobi, Kileleshwa
1844,"KSh 180,000",2.0,2.0,Nairobi, Spring Valley
1845,"KSh 180,000",4.0,5.0,Nairobi,Kileleshwa
1846,"KSh 180,000",4.0,4.0,Nairobi,Westlands Area
1847,"KSh 180,000",2.0,,Nairobi,Kilimani
